weight,total_gain,total_cover,gain,cover,feature
1.0,8.680727005004883,724.00390625,8.680727005004883,724.00390625,WhiteBloodCellCount_Max_acute
3.0,28.750938415527344,2163.098388671875,9.583645820617676,721.0327758789062,WhiteBloodCellCount_Min_acute
3.0,29.669790267944336,2165.22607421875,9.88992977142334,721.7420043945312,WhiteBloodCellCount_Avg_acute
1.0,9.353821754455566,633.1760864257812,9.353821754455566,633.1760864257812,FreeThyroxine_Max_acute
1.0,8.738356590270996,632.616943359375,8.738356590270996,632.616943359375,Nucleosome_Max_acute
2.0,18.066791534423828,1260.203125,9.033395767211914,630.1015625,AntiM2_Avg_acute
