weight,total_gain,total_cover,gain,cover,feature
2.0,17.215293884277344,1505.632080078125,8.607646942138672,752.8160400390625,MeanCorpuscularHemoglobinConcentration_Max_preclinical
1.0,8.163467407226562,213.46527099609375,8.163467407226562,213.46527099609375,MeanCorpuscularHemoglobin_Max_preclinical
1.0,9.380064964294434,484.0036926269531,9.380064964294434,484.0036926269531,RedBloodCellCount_Avg_preclinical
4.0,40.03821563720703,3015.478515625,10.009553909301758,753.86962890625,EosinophilsPercentage_Min_acute
6.0,62.433536529541016,4482.3154296875,10.40558910369873,747.0525512695312,EosinophilsPercentage_Avg_acute
1.0,9.972284317016602,732.75830078125,9.972284317016602,732.75830078125,AbsoluteNeutrophilCount_Max_acute
1.0,9.772491455078125,744.6324462890625,9.772491455078125,744.6324462890625,AbsoluteNeutrophilCount_Avg_acute
3.0,27.30739974975586,1571.5850830078125,9.102466583251953,523.8616943359375,EosinophilCountAbsolute_Max_preclinical
