weight,total_gain,total_cover,gain,cover,feature
20.0,66.42757415771484,3368.7744140625,3.321378707885742,168.438720703125,index
1.0,2.2347569465637207,47.244014739990234,2.2347569465637207,47.244014739990234,LymphocytesPercentage_Min_acute
10.0,29.85028839111328,1149.39306640625,2.9850287437438965,114.9393081665039,MeanCorpuscularHemoglobinConcentration_Avg_acute
2.0,6.167476654052734,222.98849487304688,3.083738327026367,111.49424743652344,MeanCorpuscularHemoglobinConcentration_Max_acute
3.0,6.801736831665039,175.34283447265625,2.2672455310821533,58.44761276245117,MeanCorpuscularHemoglobin_Min_chronic
1.0,2.23685359954834,69.18450164794922,2.23685359954834,69.18450164794922,EosinophilsPercentage_Min_chronic
12.0,32.906524658203125,941.5963134765625,2.7422103881835938,78.46636199951172,BasophilsPercentage_Min_chronic
1.0,2.415740966796875,163.97509765625,2.415740966796875,163.97509765625,AbsoluteNeutrophilCount_Avg_acute
6.0,16.6611270904541,704.345947265625,2.7768545150756836,117.3909912109375,AbsoluteNeutrophilCount_Max_acute
6.0,16.92928123474121,818.9779663085938,2.821546792984009,136.49632263183594,AbsoluteNeutrophilCount_Min_acute
14.0,43.317291259765625,956.6897583007812,3.0940921306610107,68.3349838256836,MeanPlateletVolume_Max_acute
13.0,39.30453872680664,1545.604248046875,3.023426055908203,118.89263153076172,MeanPlateletVolume_Min_acute
3.0,7.373553276062012,92.90172576904297,2.4578511714935303,30.967241287231445,MeanPlateletVolume_Min_chronic
3.0,6.752196311950684,157.843017578125,2.250732183456421,52.61433792114258,Plateletcrit_Max_acute
1.0,2.238513946533203,64.9154281616211,2.238513946533203,64.9154281616211,Ro52_Avg_chronic
1.0,2.282756805419922,32.389495849609375,2.282756805419922,32.389495849609375,UrinepH_Avg_acute
