weight,total_gain,total_cover,gain,cover,feature
18.0,152.33395385742188,29902.908203125,8.462997436523438,1661.272705078125,index
14.0,117.25764465332031,21914.03515625,8.3755464553833,1565.2882080078125,MeanCorpuscularHemoglobinConcentration_Avg_acute
3.0,18.922996520996094,1114.0364990234375,6.3076653480529785,371.3454895019531,BasophilsPercentage_Min_chronic
4.0,34.95514678955078,3048.82421875,8.738786697387695,762.2060546875,AbsoluteNeutrophilCount_Avg_acute
2.0,13.868192672729492,1415.27734375,6.934096336364746,707.638671875,AbsoluteNeutrophilCount_Max_acute
12.0,100.33976745605469,13694.5791015625,8.361647605895996,1141.2149658203125,AbsoluteNeutrophilCount_Min_acute
9.0,71.15361022949219,5471.041015625,7.905956745147705,607.8934326171875,AbsoluteMonocyteCount_Avg_acute
2.0,14.823261260986328,948.9046630859375,7.411630630493164,474.45233154296875,AbsoluteMonocyteCount_Max_acute
1.0,9.699363708496094,1258.5042724609375,9.699363708496094,1258.5042724609375,AbsoluteEosinophilCount_Avg_acute
1.0,7.227018356323242,1383.803466796875,7.227018356323242,1383.803466796875,AbsoluteEosinophilCount_Min_acute
10.0,189.62078857421875,15933.115234375,18.962078094482422,1593.3115234375,MeanPlateletVolume_Max_acute
7.0,72.72777557373047,11710.986328125,10.389681816101074,1672.998046875,MeanPlateletVolume_Min_acute
1.0,6.075655460357666,369.7705383300781,6.075655460357666,369.7705383300781,MeanPlateletVolume_Max_chronic
2.0,12.994803428649902,2746.250244140625,6.497401714324951,1373.1251220703125,RedCellDistributionWidthCV_Min_acute
8.0,99.93637084960938,9792.3203125,12.492046356201172,1224.0400390625,Ro52_Avg_chronic
1.0,13.301219940185547,1213.1611328125,13.301219940185547,1213.1611328125,Ro52_Max_chronic
2.0,12.047383308410645,2830.378173828125,6.023691654205322,1415.1890869140625,ThrombinTime_Max_chronic
