weight,total_gain,total_cover,gain,cover,feature
10.0,73.70481872558594,1385.3380126953125,7.370481967926025,138.53379821777344,index
2.0,10.522542953491211,38.94009017944336,5.2612714767456055,19.47004508972168,LymphocytesPercentage_Min_acute
1.0,5.209864139556885,16.780925750732422,5.209864139556885,16.780925750732422,MeanCorpuscularHemoglobinConcentration_Max_acute
1.0,8.558296203613281,26.992595672607422,8.558296203613281,26.992595672607422,MeanCorpuscularHemoglobin_Min_chronic
1.0,6.041977405548096,21.747882843017578,6.041977405548096,21.747882843017578,MeanCorpuscularVolume_Max_acute
1.0,7.360651969909668,23.002975463867188,7.360651969909668,23.002975463867188,MeanCorpuscularVolume_Min_chronic
10.0,77.87908935546875,308.0770263671875,7.787909030914307,30.807703018188477,BasophilsPercentage_Min_chronic
3.0,21.605552673339844,239.5762939453125,7.201850891113281,79.8587646484375,AbsoluteNeutrophilCount_Avg_acute
2.0,13.274493217468262,56.567527770996094,6.637246608734131,28.283763885498047,AbsoluteNeutrophilCount_Max_acute
1.0,6.770751953125,121.43277740478516,6.770751953125,121.43277740478516,AbsoluteNeutrophilCount_Min_acute
1.0,5.651580810546875,96.66563415527344,5.651580810546875,96.66563415527344,AbsoluteMonocyteCount_Avg_acute
1.0,5.6658477783203125,25.726131439208984,5.6658477783203125,25.726131439208984,AbsoluteEosinophilCount_Min_chronic
3.0,21.128543853759766,295.429931640625,7.042848110198975,98.47664642333984,AbsoluteBasophilCount_Avg_chronic
3.0,20.441364288330078,65.28870391845703,6.813787937164307,21.762901306152344,MeanPlateletVolume_Avg_acute
7.0,55.19145965576172,194.78463745117188,7.884494304656982,27.82637596130371,MeanPlateletVolume_Max_acute
7.0,67.02940368652344,427.9833679199219,9.575629234313965,61.140480041503906,MeanPlateletVolume_Min_acute
2.0,12.081363677978516,29.389156341552734,6.040681838989258,14.694578170776367,MeanPlateletVolume_Min_chronic
2.0,12.216293334960938,52.399959564208984,6.108146667480469,26.199979782104492,Plateletcrit_Max_acute
1.0,5.711784362792969,36.43357467651367,5.711784362792969,36.43357467651367,ThrombinTime_Avg_chronic
4.0,23.49132537841797,223.4131317138672,5.872831344604492,55.8532829284668,ThrombinTime_Max_chronic
2.0,11.728874206542969,25.200458526611328,5.864437103271484,12.600229263305664,UrinepH_Avg_acute
