weight,total_gain,total_cover,gain,cover,feature
10.0,321.1029968261719,1837.42529296875,32.11029815673828,183.74252319335938,index
1.0,5.034814357757568,13.91165542602539,5.034814357757568,13.91165542602539,MonocytesPercentage_Avg_acute
10.0,238.31317138671875,1621.4852294921875,23.831317901611328,162.14852905273438,MeanCorpuscularHemoglobinConcentration_Max_acute
1.0,9.264979362487793,18.116310119628906,9.264979362487793,18.116310119628906,WhiteBloodCellCount_Min_chronic
1.0,44.588104248046875,11.954879760742188,44.588104248046875,11.954879760742188,MeanCorpuscularVolume_Min_acute
1.0,11.728246688842773,11.012646675109863,11.728246688842773,11.012646675109863,Hemoglobin_Max_chronic
1.0,8.605814933776855,7.7692341804504395,8.605814933776855,7.7692341804504395,BasophilsPercentage_Avg_chronic
6.0,407.1732482910156,161.53436279296875,67.8622055053711,26.922393798828125,BasophilsPercentage_Min_chronic
10.0,252.21664428710938,1756.599609375,25.221664428710938,175.6599578857422,AbsoluteNeutrophilCount_Max_acute
1.0,66.5086669921875,7.192221641540527,66.5086669921875,7.192221641540527,AbsoluteEosinophilCount_Avg_acute
2.0,45.97056198120117,28.131242752075195,22.985280990600586,14.065621376037598,MeanPlateletVolume_Avg_acute
6.0,294.9896240234375,97.94742584228516,49.16493606567383,16.32457160949707,MeanPlateletVolume_Max_acute
3.0,99.82418823242188,40.111480712890625,33.27473068237305,13.37049388885498,MeanPlateletVolume_Min_acute
4.0,128.53097534179688,63.698692321777344,32.13274383544922,15.924673080444336,Plateletcrit_Max_acute
4.0,22.833972930908203,34.76896286010742,5.708493232727051,8.692240715026855,CReactiveProtein_Min_chronic
1.0,16.147981643676758,7.792449951171875,16.147981643676758,7.792449951171875,Ro52_Avg_chronic
