weight,total_gain,total_cover,gain,cover,feature
19.0,163.20692443847656,31244.19140625,8.589838027954102,1644.43115234375,index
14.0,120.61922454833984,21844.470703125,8.6156587600708,1560.3193359375,MeanCorpuscularHemoglobinConcentration_Avg_acute
1.0,6.512767791748047,1037.9903564453125,6.512767791748047,1037.9903564453125,WhiteBloodCellCount_Avg_acute
4.0,24.8068904876709,2850.75927734375,6.201722621917725,712.6898193359375,BasophilsPercentage_Min_chronic
5.0,37.3291015625,4441.130859375,7.4658203125,888.2261962890625,AbsoluteNeutrophilCount_Avg_acute
11.0,100.60363006591797,12229.7353515625,9.145784378051758,1111.7940673828125,AbsoluteNeutrophilCount_Min_acute
11.0,85.88752746582031,7087.4609375,7.807957172393799,644.3146362304688,AbsoluteMonocyteCount_Avg_acute
2.0,18.795894622802734,2525.38232421875,9.397947311401367,1262.691162109375,AbsoluteEosinophilCount_Avg_acute
11.0,198.6014404296875,16845.04296875,18.054676055908203,1531.3675537109375,MeanPlateletVolume_Max_acute
7.0,68.19509887695312,11775.783203125,9.742156982421875,1682.2547607421875,MeanPlateletVolume_Min_acute
1.0,6.071434020996094,369.7705383300781,6.071434020996094,369.7705383300781,MeanPlateletVolume_Max_chronic
2.0,13.252492904663086,2731.45849609375,6.626246452331543,1365.729248046875,RedCellDistributionWidthCV_Min_acute
7.0,90.9094467163086,8525.3466796875,12.98706340789795,1217.9066162109375,Ro52_Avg_chronic
1.0,13.294229507446289,1213.153564453125,13.294229507446289,1213.153564453125,Ro52_Max_chronic
1.0,6.098905563354492,1411.7496337890625,6.098905563354492,1411.7496337890625,ThrombinTime_Max_chronic
