weight,total_gain,total_cover,gain,cover,feature
18.0,152.7788848876953,30542.73046875,8.487715721130371,1696.818359375,index
15.0,122.9052505493164,23561.76953125,8.193683624267578,1570.78466796875,MeanCorpuscularHemoglobinConcentration_Avg_acute
1.0,6.246648788452148,1046.1529541015625,6.246648788452148,1046.1529541015625,WhiteBloodCellCount_Avg_acute
4.0,24.154247283935547,2868.31591796875,6.038561820983887,717.0789794921875,BasophilsPercentage_Min_chronic
5.0,39.79009246826172,4372.6611328125,7.9580183029174805,874.5322265625,AbsoluteNeutrophilCount_Avg_acute
1.0,5.970980644226074,259.7373046875,5.970980644226074,259.7373046875,AbsoluteNeutrophilCount_Max_acute
14.0,116.16473388671875,14335.55078125,8.297480583190918,1023.9678955078125,AbsoluteNeutrophilCount_Min_acute
8.0,63.00336456298828,4953.16162109375,7.875420570373535,619.1452026367188,AbsoluteMonocyteCount_Avg_acute
2.0,14.870405197143555,949.2418212890625,7.435202598571777,474.62091064453125,AbsoluteMonocyteCount_Max_acute
2.0,17.212087631225586,2628.44775390625,8.606043815612793,1314.223876953125,AbsoluteEosinophilCount_Avg_acute
11.0,196.249755859375,16860.8125,17.84088706970215,1532.8011474609375,MeanPlateletVolume_Max_acute
7.0,65.68309020996094,11798.90625,9.383298873901367,1685.5579833984375,MeanPlateletVolume_Min_acute
1.0,6.075655460357666,369.7705383300781,6.075655460357666,369.7705383300781,MeanPlateletVolume_Max_chronic
1.0,9.117902755737305,1110.936767578125,9.117902755737305,1110.936767578125,PlateletDistributionWidth_Max_acute
1.0,5.660597801208496,1547.162841796875,5.660597801208496,1547.162841796875,Plateletcrit_Max_acute
1.0,7.5269927978515625,1339.353271484375,7.5269927978515625,1339.353271484375,RedCellDistributionWidthCV_Min_acute
1.0,5.5457763671875,349.2137756347656,5.5457763671875,349.2137756347656,RedCellDistributionWidthCV_Min_chronic
8.0,100.01029205322266,9792.478515625,12.501286506652832,1224.059814453125,Ro52_Avg_chronic
1.0,13.303438186645508,1213.175537109375,13.303438186645508,1213.175537109375,Ro52_Max_chronic
3.0,19.447933197021484,4215.15625,6.482644557952881,1405.0521240234375,ThrombinTime_Max_chronic
