weight,total_gain,total_cover,gain,cover,feature
1.0,8.254947662353516,761.4194946289062,8.254947662353516,761.4194946289062,MonocytesPercentage_Min_acute
1.0,8.127174377441406,454.6351013183594,8.127174377441406,454.6351013183594,WhiteBloodCellCount_Max_acute
2.0,19.24213409423828,1142.017822265625,9.62106704711914,571.0089111328125,MeanCorpuscularHemoglobin_Max_preclinical
1.0,10.52033805847168,751.4651489257812,10.52033805847168,751.4651489257812,MeanCorpuscularHemoglobin_Min_preclinical
1.0,8.00839614868164,581.14306640625,8.00839614868164,581.14306640625,MeanCorpuscularHemoglobin_Avg_preclinical
1.0,10.390506744384766,746.1574096679688,10.390506744384766,746.1574096679688,MeanCorpuscularVolume_Min_preclinical
1.0,11.142337799072266,555.3974609375,11.142337799072266,555.3974609375,MeanCorpuscularVolume_Avg_preclinical
1.0,8.319388389587402,593.4116821289062,8.319388389587402,593.4116821289062,AbsoluteLymphocyteCount_Avg_acute
4.0,36.69282913208008,3067.430908203125,9.17320728302002,766.8577270507812,CReactiveProtein_Min_acute
