weight,total_gain,total_cover,gain,cover,feature
5.0,26.96656036376953,668.3626708984375,5.393311977386475,133.6725311279297,index
6.0,31.92889404296875,339.707275390625,5.321482181549072,56.61787796020508,BasophilsPercentage_Min_chronic
7.0,47.723838806152344,325.12274169921875,6.817691326141357,46.44610595703125,MeanPlateletVolume_Max_acute
7.0,37.84889221191406,611.0862426757812,5.406984806060791,87.29803466796875,MeanPlateletVolume_Min_acute
