weight,total_gain,total_cover,gain,cover,feature
12.0,116.1409912109375,4869.11669921875,9.67841625213623,405.7597351074219,index
11.0,47.9273681640625,3553.4111328125,4.3570332527160645,323.0373840332031,MeanCorpuscularHemoglobinConcentration_Avg_acute
3.0,11.040771484375,990.9849243164062,3.6802570819854736,330.32830810546875,MeanCorpuscularHemoglobinConcentration_Max_acute
2.0,12.287429809570312,40.28261947631836,6.143714904785156,20.14130973815918,BasophilsPercentage_Avg_chronic
2.0,9.04574966430664,35.7475471496582,4.52287483215332,17.8737735748291,BasophilsPercentage_Max_chronic
9.0,40.29248046875,2271.140625,4.47694206237793,252.3489532470703,AbsoluteNeutrophilCount_Max_acute
8.0,43.9119873046875,3126.072998046875,5.4889984130859375,390.7591247558594,AbsoluteNeutrophilCount_Min_acute
1.0,6.3616943359375,216.5273895263672,6.3616943359375,216.5273895263672,AbsoluteMonocyteCount_Avg_acute
3.0,36.6416015625,624.133056640625,12.2138671875,208.0443572998047,AbsoluteBasophilCount_Avg_chronic
3.0,70.61474609375,197.40306091308594,23.53824806213379,65.80101776123047,MeanPlateletVolume_Avg_acute
2.0,54.9873046875,82.60688781738281,27.49365234375,41.303443908691406,MeanPlateletVolume_Max_acute
15.0,272.90802001953125,1527.0418701171875,18.19386863708496,101.80278778076172,MeanPlateletVolume_Min_acute
