weight,total_gain,total_cover,gain,cover,feature
1.0,9.206485748291016,1098.439208984375,9.206485748291016,1098.439208984375,WhiteBloodCellCount_Avg_acute
