weight,total_gain,total_cover,gain,cover,feature
3.0,24.63401985168457,1734.56591796875,8.211339950561523,578.1886596679688,MeanCorpuscularVolume_Min_preclinical
4.0,42.121429443359375,2815.25537109375,10.530357360839844,703.8138427734375,Hemoglobin_Max_acute
2.0,18.594989776611328,1417.75537109375,9.297494888305664,708.877685546875,Hemoglobin_Min_acute
3.0,31.69232940673828,937.6395874023438,10.564109802246094,312.5465393066406,EosinophilsPercentage_Avg_acute
4.0,33.280731201171875,2855.151123046875,8.320182800292969,713.7877807617188,AbsoluteEosinophilCount_Min_acute
3.0,24.56178092956543,1580.8612060546875,8.187260627746582,526.9537353515625,Plateletcrit_Avg_preclinical
