{
    "roc_auc": [
        {
            "binary_threshold": 42,
            "fpr": [
                0.0,
                0.0,
                0.0,
                0.047619047619047616,
                0.047619047619047616,
                0.09523809523809523,
                0.09523809523809523,
                0.14285714285714285,
                0.14285714285714285,
                0.19047619047619047,
                0.19047619047619047,
                0.23809523809523808,
                0.23809523809523808,
                0.2857142857142857,
                0.2857142857142857,
                0.3333333333333333,
                0.3333333333333333,
                0.38095238095238093,
                0.38095238095238093,
                0.42857142857142855,
                0.42857142857142855,
                0.5238095238095238,
                0.5238095238095238,
                0.5714285714285714,
                0.5714285714285714,
                0.6666666666666666,
                0.6666666666666666,
                0.7142857142857143,
                0.7142857142857143,
                0.9523809523809523,
                0.9523809523809523,
                1.0,
                1.0
            ],
            "tpr": [
                0.0,
                0.018518518518518517,
                0.09259259259259259,
                0.09259259259259259,
                0.2962962962962963,
                0.2962962962962963,
                0.3148148148148148,
                0.3148148148148148,
                0.5185185185185185,
                0.5185185185185185,
                0.5555555555555556,
                0.5555555555555556,
                0.6851851851851852,
                0.6851851851851852,
                0.7037037037037037,
                0.7037037037037037,
                0.7222222222222222,
                0.7222222222222222,
                0.7407407407407407,
                0.7407407407407407,
                0.7777777777777778,
                0.7777777777777778,
                0.7962962962962963,
                0.7962962962962963,
                0.8518518518518519,
                0.8518518518518519,
                0.9259259259259259,
                0.9259259259259259,
                0.9444444444444444,
                0.9444444444444444,
                0.9814814814814815,
                0.9814814814814815,
                1.0
            ],
            "thresholds": [
                Infinity,
                842.85888671875,
                716.4418334960938,
                610.0001220703125,
                406.8453063964844,
                402.55792236328125,
                401.58380126953125,
                391.8790283203125,
                309.2759094238281,
                305.5836181640625,
                283.3869323730469,
                279.8735046386719,
                234.9186553955078,
                230.24017333984375,
                226.44845581054688,
                225.98501586914062,
                224.9859161376953,
                217.37380981445312,
                212.32595825195312,
                212.2712860107422,
                209.7920684814453,
                192.41940307617188,
                185.75271606445312,
                184.8099822998047,
                169.46690368652344,
                151.94305419921875,
                106.64053344726562,
                86.67023468017578,
                83.52500915527344,
                46.254093170166016,
                41.91757583618164,
                40.71826171875,
                35.772003173828125
            ],
            "roc_auc": 0.7292768959435627
        }
    ],
    "prerec_auc": [
        {
            "binary_threshold": 42,
            "precision": [
                0.72,
                0.7162162162162162,
                0.726027397260274,
                0.7222222222222222,
                0.7183098591549296,
                0.7285714285714285,
                0.7391304347826086,
                0.75,
                0.7611940298507462,
                0.7727272727272727,
                0.7692307692307693,
                0.78125,
                0.7777777777777778,
                0.7741935483870968,
                0.7704918032786885,
                0.7666666666666667,
                0.7796610169491526,
                0.7931034482758621,
                0.7894736842105263,
                0.7857142857142857,
                0.7818181818181819,
                0.7962962962962963,
                0.7924528301886793,
                0.8076923076923077,
                0.8235294117647058,
                0.82,
                0.8163265306122449,
                0.8333333333333334,
                0.8297872340425532,
                0.8478260869565217,
                0.8444444444444444,
                0.8636363636363636,
                0.8604651162790697,
                0.8809523809523809,
                0.8780487804878049,
                0.875,
                0.8717948717948718,
                0.868421052631579,
                0.8648648648648649,
                0.8611111111111112,
                0.8571428571428571,
                0.8823529411764706,
                0.8787878787878788,
                0.875,
                0.9032258064516129,
                0.9,
                0.896551724137931,
                0.8928571428571429,
                0.8888888888888888,
                0.8846153846153846,
                0.88,
                0.875,
                0.8695652173913043,
                0.8636363636363636,
                0.8571428571428571,
                0.85,
                0.8947368421052632,
                0.8888888888888888,
                0.9411764705882353,
                0.9375,
                0.9333333333333333,
                0.9285714285714286,
                0.9230769230769231,
                0.9166666666666666,
                0.9090909090909091,
                0.9,
                0.8888888888888888,
                0.875,
                0.8571428571428571,
                0.8333333333333334,
                1.0,
                1.0,
                1.0,
                1.0,
                1.0,
                1.0
            ],