weight,total_gain,total_cover,gain,cover,feature
9.0,75.4989013671875,4065.016357421875,8.38876724243164,451.6684875488281,index
1.0,2.56689453125,606.40087890625,2.56689453125,606.40087890625,AbsoluteNeutrophilCount_Max_acute
8.0,40.7030029296875,3354.06494140625,5.0878753662109375,419.25811767578125,AbsoluteNeutrophilCount_Min_acute
3.0,29.6690673828125,797.3724365234375,9.889689445495605,265.7908020019531,AbsoluteBasophilCount_Avg_chronic
4.0,35.215576171875,793.1255493164062,8.80389404296875,198.28138732910156,AbsoluteBasophilCount_Max_chronic
3.0,51.12835693359375,211.85488891601562,17.04278564453125,70.61829376220703,MeanPlateletVolume_Avg_acute
3.0,52.789306640625,166.68234252929688,17.596435546875,55.5607795715332,MeanPlateletVolume_Max_acute
9.0,113.3155517578125,1058.497802734375,12.590617179870605,117.61087036132812,MeanPlateletVolume_Min_acute
