weight,total_gain,total_cover,gain,cover,feature
3.0,22.4478759765625,755.5317993164062,7.482625484466553,251.84393310546875,AbsoluteEosinophilCount_Min_chronic
1.0,8.2789306640625,193.4462890625,8.2789306640625,193.4462890625,RedCellDistributionWidthCV_Avg_chronic
3.0,31.284423828125,484.6458740234375,10.428141593933105,161.5486297607422,RedCellDistributionWidthCV_Max_chronic
1.0,6.7459716796875,71.2794189453125,6.7459716796875,71.2794189453125,RedCellDistributionWidthCV_Min_chronic
2.0,10.76904296875,1016.1990966796875,5.384521484375,508.09954833984375,CReactiveProtein_Min_acute
