weight,total_gain,total_cover,gain,cover,feature
6.0,61.540489196777344,5877.60986328125,10.25674819946289,979.6016235351562,MeanCorpuscularHemoglobinConcentration_Max_preclinical
1.0,8.706740379333496,972.1577758789062,8.706740379333496,972.1577758789062,MeanCorpuscularHemoglobinConcentration_Min_preclinical
1.0,11.7488374710083,962.2020263671875,11.7488374710083,962.2020263671875,MeanCorpuscularHemoglobinConcentration_Avg_preclinical
1.0,9.177779197692871,976.9478759765625,9.177779197692871,976.9478759765625,AbsoluteNeutrophilCount_Max_acute
