weight,total_gain,total_cover,gain,cover,feature
95.0,1650.3834228515625,161330.921875,17.37245750427246,1698.22021484375,PlateletCount_Max_acute
14.0,80.99308013916016,9668.0986328125,5.785220146179199,690.5784912109375,WhiteBloodCellCount_Min_preclinical
94.0,2232.683349609375,230765.265625,23.751951217651367,2454.94970703125,MeanCorpuscularHemoglobin_Max_acute
6.0,140.2172088623047,14791.7646484375,23.369535446166992,2465.294189453125,MeanCorpuscularHemoglobin_Min_acute
60.0,391.2079162597656,46613.0625,6.520132064819336,776.8843994140625,MeanCorpuscularVolume_Min_acute
5.0,75.04755401611328,8504.54296875,15.00951099395752,1700.9085693359375,AbsoluteNeutrophilCount_Max_acute
26.0,161.53330993652344,19440.416015625,6.212819576263428,747.7083129882812,AbsoluteEosinophilCount_Avg_preclinical
