weight,total_gain,total_cover,gain,cover,feature
4.0,40.51176834106445,3035.6416015625,10.127942085266113,758.910400390625,MeanCorpuscularVolume_Max_acute
1.0,8.929125785827637,748.1854248046875,8.929125785827637,748.1854248046875,MeanCorpuscularVolume_Min_acute
1.0,10.518960952758789,624.1038208007812,10.518960952758789,624.1038208007812,BasophilsPercentage_Min_acute
1.0,10.070075988769531,738.6162719726562,10.070075988769531,738.6162719726562,AntiScl70_Max_acute
1.0,10.065820693969727,741.1013793945312,10.065820693969727,741.1013793945312,Nucleosome_Max_acute
1.0,9.607250213623047,743.5230712890625,9.607250213623047,743.5230712890625,Nucleosome_Min_acute
2.0,20.17133903503418,1481.951904296875,10.08566951751709,740.9759521484375,Nucleosome_Avg_acute
