weight,total_gain,total_cover,gain,cover,feature
11.0,377.7226867675781,1874.6966552734375,34.33842468261719,170.42697143554688,index
2.0,10.063346862792969,28.643146514892578,5.031673431396484,14.321573257446289,MonocytesPercentage_Avg_acute
1.0,51.798065185546875,24.394184112548828,51.798065185546875,24.394184112548828,MeanCorpuscularHemoglobinConcentration_Avg_acute
10.0,236.10162353515625,1621.1876220703125,23.61016273498535,162.11875915527344,MeanCorpuscularHemoglobinConcentration_Max_acute
1.0,27.532249450683594,8.911707878112793,27.532249450683594,8.911707878112793,PlateletCount_Max_chronic
1.0,12.77961540222168,10.055460929870605,12.77961540222168,10.055460929870605,Hemoglobin_Max_acute
1.0,13.652534484863281,11.180551528930664,13.652534484863281,11.180551528930664,Hemoglobin_Max_chronic
1.0,5.845757484436035,9.801786422729492,5.845757484436035,9.801786422729492,EosinophilsPercentage_Max_acute
4.0,267.38739013671875,102.33600616455078,66.84684753417969,25.584001541137695,BasophilsPercentage_Min_chronic
11.0,302.0621337890625,1786.6622314453125,27.460193634033203,162.42384338378906,AbsoluteNeutrophilCount_Max_acute
2.0,74.22710418701172,36.26443862915039,37.11355209350586,18.132219314575195,MeanPlateletVolume_Avg_acute
3.0,171.96401977539062,44.44319534301758,57.32133865356445,14.814398765563965,MeanPlateletVolume_Max_acute
3.0,93.7179946899414,38.63531494140625,31.23933219909668,12.878437995910645,MeanPlateletVolume_Min_acute
2.0,114.94432067871094,32.649253845214844,57.47216033935547,16.324626922607422,Plateletcrit_Max_acute
1.0,4.435305595397949,10.020689010620117,4.435305595397949,10.020689010620117,CReactiveProtein_Min_chronic
