weight,total_gain,total_cover,gain,cover,feature
2.0,13.920166015625,381.5503845214844,6.9600830078125,190.7751922607422,index
