weight,total_gain,total_cover,gain,cover,feature
3.0,9.070272445678711,104.75595092773438,3.0234241485595703,34.91865158081055,MeanCorpuscularVolume_Min_acute
1.0,2.963817596435547,27.089923858642578,2.963817596435547,27.089923858642578,EosinophilsPercentage_Min_acute
