weight,total_gain,total_cover,gain,cover,feature
1.0,10.855226516723633,785.709228515625,10.855226516723633,785.709228515625,WhiteBloodCellCount_Min_acute
1.0,10.364824295043945,788.7119140625,10.364824295043945,788.7119140625,WhiteBloodCellCount_Avg_acute
