weight,total_gain,total_cover,gain,cover,feature
6.0,52.830345153808594,4752.64892578125,8.805057525634766,792.108154296875,WhiteBloodCellCount_Max_acute
3.0,26.626163482666016,2371.20703125,8.875388145446777,790.40234375,WhiteBloodCellCount_Min_acute
2.0,15.310995101928711,1464.9136962890625,7.6554975509643555,732.4568481445312,MeanCorpuscularVolume_Max_acute
1.0,7.648863792419434,695.3743896484375,7.648863792419434,695.3743896484375,BasophilsPercentage_Min_acute
1.0,7.648344039916992,666.21826171875,7.648344039916992,666.21826171875,RedCellDistributionWidth_Min_preclinical
