weight,total_gain,total_cover,gain,cover,feature
1.0,1.3172607421875,684.9639282226562,1.3172607421875,684.9639282226562,LymphocytesPercentage_Avg_acute
1.0,0.9222412109375,676.5440673828125,0.9222412109375,676.5440673828125,NeutrophilsPercentage_Avg_chronic
1.0,0.712890625,492.06341552734375,0.712890625,492.06341552734375,AbsoluteNeutrophilCount_Min_chronic
3.0,18.847900390625,792.6151123046875,6.282633304595947,264.2050476074219,AbsoluteBasophilCount_Avg_chronic
1.0,7.39453125,133.1492919921875,7.39453125,133.1492919921875,AbsoluteBasophilCount_Max_chronic
2.0,13.6246337890625,166.8480987548828,6.81231689453125,83.4240493774414,MeanPlateletVolume_Min_acute
