weight,total_gain,total_cover,gain,cover,feature
6.0,68.69141387939453,4401.13818359375,11.448569297790527,733.5230102539062,PlateletCount_Max_preclinical
10.0,116.58358764648438,7488.5595703125,11.658358573913574,748.85595703125,PlateletCount_Min_preclinical
