weight,total_gain,total_cover,gain,cover,feature
2.0,2.653820037841797,38.45708465576172,1.3269100189208984,19.22854232788086,MeanCorpuscularHemoglobinConcentration_Max_preclinical
1.0,1.2760047912597656,57.19462585449219,1.2760047912597656,57.19462585449219,WhiteBloodCellCount_Min_preclinical
10.0,103.73429870605469,948.9275512695312,10.373430252075195,94.89275360107422,MeanCorpuscularHemoglobin_Max_acute
3.0,3.5516891479492188,105.09339141845703,1.1838964223861694,35.031131744384766,AbsoluteMonocyteCount_Min_preclinical
