weight,total_gain,total_cover,gain,cover,feature
16.0,147.67694091796875,26014.91015625,9.229808807373047,1625.931884765625,index
12.0,107.7284164428711,18308.197265625,8.977368354797363,1525.68310546875,MeanCorpuscularHemoglobinConcentration_Avg_acute
3.0,21.051715850830078,3812.12060546875,7.017238616943359,1270.7069091796875,BasophilsPercentage_Min_chronic
7.0,60.36195755004883,4889.36279296875,8.623136520385742,698.4804077148438,AbsoluteNeutrophilCount_Avg_acute
1.0,10.045103073120117,1100.637451171875,10.045103073120117,1100.637451171875,AbsoluteNeutrophilCount_Max_acute
6.0,64.85188293457031,7637.5361328125,10.808647155761719,1272.9227294921875,AbsoluteNeutrophilCount_Min_acute
7.0,58.99612045288086,3305.285400390625,8.428017616271973,472.1836242675781,AbsoluteMonocyteCount_Avg_acute
1.0,7.1573028564453125,1134.0352783203125,7.1573028564453125,1134.0352783203125,AbsoluteMonocyteCount_Max_acute
1.0,8.963571548461914,1342.8631591796875,8.963571548461914,1342.8631591796875,AbsoluteEosinophilCount_Avg_acute
10.0,179.3747100830078,14526.2890625,17.937471389770508,1452.62890625,MeanPlateletVolume_Max_acute
7.0,89.4575424194336,11529.6650390625,12.779648780822754,1647.094970703125,MeanPlateletVolume_Min_acute
1.0,9.089204788208008,1305.01416015625,9.089204788208008,1305.01416015625,RedCellDistributionWidthCV_Min_acute
7.0,89.99566650390625,8541.8369140625,12.856523513793945,1220.262451171875,Ro52_Avg_chronic
1.0,13.294229507446289,1213.153564453125,13.294229507446289,1213.153564453125,Ro52_Max_chronic
1.0,7.314260482788086,1383.6005859375,7.314260482788086,1383.6005859375,ThrombinTime_Max_chronic
