weight,total_gain,total_cover,gain,cover,feature
18.0,179.55874633789062,29306.3828125,9.975485801696777,1628.13232421875,index
5.0,49.428794860839844,8055.5166015625,9.885759353637695,1611.103271484375,MeanCorpuscularHemoglobinConcentration_Avg_acute
1.0,13.027158737182617,1521.4237060546875,13.027158737182617,1521.4237060546875,MeanCorpuscularHemoglobinConcentration_Max_acute
7.0,68.28305053710938,9145.0361328125,9.754721641540527,1306.4337158203125,BasophilsPercentage_Min_chronic
1.0,6.858099460601807,265.05615234375,6.858099460601807,265.05615234375,AbsoluteNeutrophilCount_Avg_acute
5.0,54.42797088623047,7961.27685546875,10.885594367980957,1592.25537109375,AbsoluteNeutrophilCount_Max_acute
4.0,31.073657989501953,5366.21484375,7.768414497375488,1341.5537109375,AbsoluteNeutrophilCount_Min_acute
2.0,14.273992538452148,3405.910888671875,7.136996269226074,1702.9554443359375,AbsoluteMonocyteCount_Avg_acute
1.0,10.956077575683594,1240.946533203125,10.956077575683594,1240.946533203125,AbsoluteEosinophilCount_Min_chronic
13.0,236.6439971923828,17239.90625,18.203384399414062,1326.1466064453125,MeanPlateletVolume_Max_acute
7.0,73.13457489013672,11806.28515625,10.447796821594238,1686.6121826171875,MeanPlateletVolume_Min_acute
1.0,7.742321014404297,1640.3514404296875,7.742321014404297,1640.3514404296875,Plateletcrit_Max_acute
1.0,7.071978569030762,1405.9951171875,7.071978569030762,1405.9951171875,EosinophilCountAbsolute_Avg_acute
5.0,70.12284851074219,6034.2255859375,14.024569511413574,1206.8450927734375,Ro52_Avg_chronic
1.0,13.292037963867188,1213.1015625,13.292037963867188,1213.1015625,Ro52_Max_chronic
