weight,total_gain,total_cover,gain,cover,feature
1.0,9.059154510498047,308.88140869140625,9.059154510498047,308.88140869140625,NeutrophilsPercentage_Max_acute
1.0,6.048282623291016,429.0282287597656,6.048282623291016,429.0282287597656,MeanCorpuscularHemoglobinConcentration_Avg_acute
5.0,36.704933166503906,3232.820556640625,7.340986728668213,646.5640869140625,EosinophilsPercentage_Min_acute
8.0,58.742149353027344,8696.2041015625,7.342768669128418,1087.0255126953125,BasophilsPercentage_Avg_acute
5.0,38.97528076171875,4491.5126953125,7.795056343078613,898.3025512695312,AbsoluteNeutrophilCount_Max_acute
4.0,26.664533615112305,2555.39208984375,6.666133403778076,638.8480224609375,AbsoluteNeutrophilCount_Avg_acute
10.0,83.375,4195.77783203125,8.337499618530273,419.5777893066406,AbsoluteMonocyteCount_Avg_acute
1.0,7.566463947296143,120.14683532714844,7.566463947296143,120.14683532714844,AbsoluteBasophilCount_Avg_acute
1.0,8.136937141418457,295.37432861328125,8.136937141418457,295.37432861328125,MeanPlateletVolume_Min_acute
1.0,7.127676963806152,269.1718444824219,7.127676963806152,269.1718444824219,MeanPlateletVolume_Avg_acute
1.0,6.204987525939941,197.191650390625,6.204987525939941,197.191650390625,CReactiveProtein_Max_acute
2.0,16.32737159729004,882.8333740234375,8.16368579864502,441.41668701171875,CReactiveProtein_Min_acute
2.0,15.32632064819336,1534.3961181640625,7.66316032409668,767.1980590820312,CReactiveProtein_Avg_acute
1.0,7.197845458984375,567.7068481445312,7.197845458984375,567.7068481445312,TotalThyroxine_Max_acute
1.0,7.008350849151611,350.0610046386719,7.008350849151611,350.0610046386719,Nucleosome_Min_acute
2.0,13.74544906616211,875.4945678710938,6.872724533081055,437.7472839355469,UrineGlucose_Min_acute
