weight,total_gain,total_cover,gain,cover,feature
2.0,11.719015121459961,230.31759643554688,5.8595075607299805,115.15879821777344,index
2.0,10.990800857543945,108.91287231445312,5.495400428771973,54.45643615722656,BasophilsPercentage_Min_chronic
3.0,20.023792266845703,139.60096740722656,6.674597263336182,46.53365707397461,MeanPlateletVolume_Max_acute
1.0,6.016899108886719,103.2721176147461,6.016899108886719,103.2721176147461,MeanPlateletVolume_Min_acute
