weight,total_gain,total_cover,gain,cover,feature
5.0,57.575584411621094,3896.17041015625,11.515116691589355,779.2340698242188,WhiteBloodCellCount_Max_acute
