weight,total_gain,total_cover,gain,cover,feature
2.0,12.248453140258789,149.761474609375,6.1242265701293945,74.8807373046875,EosinophilsPercentage_Avg_acute
