weight,total_gain,total_cover,gain,cover,feature
14.0,144.044921875,22855.23046875,10.288923263549805,1632.5164794921875,index
9.0,91.83216094970703,13936.5478515625,10.203573226928711,1548.50537109375,MeanCorpuscularHemoglobinConcentration_Avg_acute
2.0,24.65423583984375,3303.738525390625,12.327117919921875,1651.8692626953125,BasophilsPercentage_Min_chronic
4.0,46.315101623535156,4300.08203125,11.578775405883789,1075.0205078125,AbsoluteNeutrophilCount_Avg_acute
5.0,55.57167053222656,6348.103515625,11.114334106445312,1269.6207275390625,AbsoluteNeutrophilCount_Min_acute
4.0,35.62678146362305,1885.6759033203125,8.906695365905762,471.4189758300781,AbsoluteMonocyteCount_Avg_acute
2.0,16.765649795532227,1580.9228515625,8.382824897766113,790.46142578125,AbsoluteMonocyteCount_Max_acute
10.0,191.85430908203125,14507.7431640625,19.1854305267334,1450.7742919921875,MeanPlateletVolume_Max_acute
4.0,55.402496337890625,6540.9560546875,13.850624084472656,1635.239013671875,MeanPlateletVolume_Min_acute
1.0,9.112491607666016,1304.55126953125,9.112491607666016,1304.55126953125,EosinophilCountAbsolute_Avg_acute
7.0,89.9956283569336,8541.9287109375,12.856518745422363,1220.2755126953125,Ro52_Avg_chronic
1.0,13.294229507446289,1213.153564453125,13.294229507446289,1213.153564453125,Ro52_Max_chronic
