weight,total_gain,total_cover,gain,cover,feature
12.0,85.174560546875,4821.70166015625,7.097879886627197,401.8084716796875,index
3.0,21.3287353515625,523.1531372070312,7.109578609466553,174.38438415527344,AbsoluteBasophilCount_Avg_chronic
3.0,19.5262451171875,309.5249328613281,6.508748531341553,103.17498016357422,AbsoluteBasophilCount_Max_chronic
3.0,20.8299560546875,545.326416015625,6.943318843841553,181.7754669189453,AbsoluteBasophilCount_Min_chronic
1.0,3.2374267578125,73.51130676269531,3.2374267578125,73.51130676269531,MeanPlateletVolume_Avg_acute
4.0,15.8798828125,314.46173095703125,3.969970703125,78.61543273925781,MeanPlateletVolume_Min_acute
