weight,total_gain,total_cover,gain,cover,feature
2.0,11.863512992858887,936.871337890625,5.931756496429443,468.4356689453125,index
1.0,5.296970367431641,470.0438232421875,5.296970367431641,470.0438232421875,MonocytesPercentage_Min_preclinical
4.0,24.798381805419922,2739.538330078125,6.1995954513549805,684.8845825195312,WhiteBloodCellCount_Max_acute
5.0,32.257774353027344,3621.6103515625,6.451554775238037,724.3220825195312,WhiteBloodCellCount_Avg_acute
2.0,11.621967315673828,1311.6859130859375,5.810983657836914,655.8429565429688,MeanCorpuscularHemoglobin_Max_acute
8.0,54.55446243286133,3701.55029296875,6.819307804107666,462.69378662109375,EosinophilsPercentage_Avg_acute
11.0,81.53621673583984,6212.9794921875,7.412383556365967,564.8163452148438,Plateletcrit_Min_preclinical
1.0,5.73326301574707,631.1451416015625,5.73326301574707,631.1451416015625,RedCellDistributionWidth_Max_preclinical
9.0,73.77147674560547,6441.73291015625,8.196830749511719,715.7481079101562,RedCellDistributionWidth_Min_preclinical
1.0,9.191638946533203,705.5049438476562,9.191638946533203,705.5049438476562,RedCellDistributionWidth_Avg_preclinical
