weight,total_gain,total_cover,gain,cover,feature
3.0,4.811557769775391,45.204345703125,1.60385262966156,15.068115234375,PlateletCount_Max_acute
22.0,32.98057556152344,976.2863159179688,1.4991170167922974,44.376651763916016,PlateletCount_Min_acute
3.0,2.7575302124023438,67.41264343261719,0.9191767573356628,22.47088050842285,WhiteBloodCellCount_Max_acute
3.0,5.238548278808594,46.29828643798828,1.7461827993392944,15.432762145996094,MeanCorpuscularHemoglobin_Max_acute
5.0,5.881826400756836,94.09866333007812,1.1763652563095093,18.819732666015625,MeanCorpuscularHemoglobin_Min_acute
2.0,1.8558502197265625,46.17805480957031,0.9279251098632812,23.089027404785156,MeanCorpuscularHemoglobin_Avg_acute
1.0,0.5426425933837891,7.788605690002441,0.5426425933837891,7.788605690002441,MeanCorpuscularHemoglobin_Min_preclinical
2.0,3.2086410522460938,28.579120635986328,1.6043205261230469,14.289560317993164,RedBloodCellCount_Min_preclinical
1.0,1.5401840209960938,18.189151763916016,1.5401840209960938,18.189151763916016,BasophilsPercentage_Max_preclinical
27.0,26.71843147277832,1595.9044189453125,0.9895715117454529,59.10757064819336,BasophilsPercentage_Min_preclinical
2.0,3.286928176879883,40.416351318359375,1.6434640884399414,20.208175659179688,BasophilsPercentage_Avg_preclinical
4.0,3.5055580139160156,59.532249450683594,0.8763895034790039,14.883062362670898,AbsoluteNeutrophilCount_Max_acute
7.0,3.6872153282165527,34.763160705566406,0.5267450213432312,4.966166019439697,AbsoluteMonocyteCount_Min_preclinical
1.0,0.5882408618927002,4.2438859939575195,0.5882408618927002,4.2438859939575195,AbsoluteEosinophilCount_Min_acute
2.0,3.3255157470703125,25.346454620361328,1.6627578735351562,12.673227310180664,AbsoluteBasophilCount_Max_preclinical
1.0,0.3903026580810547,10.483963966369629,0.3903026580810547,10.483963966369629,MeanPlateletVolume_Avg_preclinical
4.0,3.325641632080078,68.32667541503906,0.8314104080200195,17.081668853759766,EosinophilCountAbsolute_Max_preclinical
1.0,1.3185691833496094,15.475696563720703,1.3185691833496094,15.475696563720703,CReactiveProtein_Max_preclinical
