weight,total_gain,total_cover,gain,cover,feature
2.0,47.0693359375,949.7385864257812,23.53466796875,474.8692932128906,LymphocytesPercentage_Max_acute
1.0,7.63134765625,271.31915283203125,7.63134765625,271.31915283203125,NeutrophilsPercentage_Max_acute
1.0,27.833984375,760.1054077148438,27.833984375,760.1054077148438,NeutrophilsPercentage_Min_acute
6.0,90.33984375,16714.01171875,15.056640625,2785.668701171875,NeutrophilsPercentage_Avg_acute
9.0,162.50341796875,14433.4970703125,18.05593490600586,1603.721923828125,TotalThyroxine_Max_acute
1.0,5.1767578125,2766.06591796875,5.1767578125,2766.06591796875,TotalThyroxine_Min_acute
2.0,28.1162109375,1565.313720703125,14.05810546875,782.6568603515625,TotalThyroxine_Avg_acute
1.0,30.01904296875,113.14608001708984,30.01904296875,113.14608001708984,AntiM2_Max_acute
