{
    "roc_auc": [
        {
            "binary_threshold": 42,
            "fpr": [
                0.0,
                0.0,
                0.0,
                0.047619047619047616,
                0.047619047619047616,
                0.09523809523809523,
                0.09523809523809523,
                0.19047619047619047,
                0.19047619047619047,
                0.23809523809523808,
                0.23809523809523808,
                0.3333333333333333,
                0.3333333333333333,
                0.38095238095238093,
                0.38095238095238093,
                0.42857142857142855,
                0.42857142857142855,
                0.5714285714285714,
                0.5714285714285714,
                0.6190476190476191,
                0.6190476190476191,
                0.6666666666666666,
                0.6666666666666666,
                0.7619047619047619,
                0.7619047619047619,
                0.9523809523809523,
                0.9523809523809523,
                1.0
            ],
            "tpr": [
                0.0,
                0.018518518518518517,
                0.09259259259259259,
                0.09259259259259259,
                0.2962962962962963,
                0.2962962962962963,
                0.3333333333333333,
                0.3333333333333333,
                0.5185185185185185,
                0.5185185185185185,
                0.6481481481481481,
                0.6481481481481481,
                0.7222222222222222,
                0.7222222222222222,
                0.7592592592592593,
                0.7592592592592593,
                0.7777777777777778,
                0.7777777777777778,
                0.8148148148148148,
                0.8148148148148148,
                0.8518518518518519,
                0.8518518518518519,
                0.9259259259259259,
                0.9259259259259259,
                0.9444444444444444,
                0.9444444444444444,
                1.0,
                1.0
            ],
            "thresholds": [
                Infinity,
                821.4500732421875,
                674.53173828125,
                604.8857421875,
                403.0140075683594,
                396.26165771484375,
                374.6460266113281,
                367.075439453125,
                308.4467468261719,
                297.96185302734375,
                240.6511688232422,
                234.2057342529297,
                230.00877380371094,
                229.4343719482422,
                220.34197998046875,
                219.62054443359375,
                217.0431365966797,
                190.16860961914062,
                170.80470275878906,
                169.0393829345703,
                150.7786407470703,
                148.39601135253906,
                100.8875503540039,
                82.0674057006836,
                79.24699401855469,
                43.98338317871094,
                41.0339241027832,
                40.554412841796875
            ],
            "roc_auc": 0.7134038800705467
        }
    ],
    "prerec_auc": [
        {
            "binary_threshold": 42,
            "precision": [
                0.72,
                0.7297297297297297,
                0.726027397260274,
                0.7222222222222222,
                0.7183098591549296,
                0.7285714285714285,
                0.7391304347826086,
                0.75,
                0.7611940298507462,
                0.7575757575757576,
                0.7692307692307693,
                0.78125,
                0.7777777777777778,
                0.7741935483870968,
                0.7704918032786885,
                0.7666666666666667,
                0.7796610169491526,
                0.7758620689655172,
                0.7719298245614035,
                0.7857142857142857,
                0.7818181818181819,
                0.7777777777777778,
                0.7924528301886793,
                0.8076923076923077,
                0.8235294117647058,
                0.82,
                0.8367346938775511,
                0.8333333333333334,
                0.8297872340425532,
                0.8478260869565217,
                0.8444444444444444,
                0.8409090909090909,
                0.8372093023255814,
                0.8333333333333334,
                0.8536585365853658,
                0.875,
                0.8717948717948718,
                0.868421052631579,
                0.8648648648648649,
                0.8611111111111112,
                0.8571428571428571,
                0.8529411764705882,
                0.8484848484848485,
                0.875,
                0.8709677419354839,
                0.8666666666666667,
                0.8620689655172413,
                0.8571428571428571,
                0.8518518518518519,
                0.8461538461538461,
                0.84,
                0.8333333333333334,
                0.8260869565217391,
                0.8181818181818182,
                0.8571428571428571,
                0.9,
                0.8947368421052632,
                0.8888888888888888,
                0.9411764705882353,
                0.9375,
                0.9333333333333333,
                0.9285714285714286,
                0.9230769230769231,
                0.9166666666666666,
                0.9090909090909091,
                0.9,
                0.8888888888888888,
                0.875,
                0.8571428571428571,
                0.8333333333333334,
                1.0,
                1.0,
                1.0,
                1.0,
                1.0,
                1.0
            ],