weight,total_gain,total_cover,gain,cover,feature
1.0,11.473701477050781,622.5520629882812,11.473701477050781,622.5520629882812,MeanCorpuscularHemoglobinConcentration_Max_preclinical
1.0,8.306925773620605,489.3232116699219,8.306925773620605,489.3232116699219,MeanCorpuscularHemoglobinConcentration_Min_preclinical
2.0,17.16458511352539,1398.515380859375,8.582292556762695,699.2576904296875,MeanCorpuscularHemoglobinConcentration_Avg_preclinical
4.0,43.60103988647461,3275.827392578125,10.900259971618652,818.9568481445312,WhiteBloodCellCount_Min_acute
1.0,8.982351303100586,829.4738159179688,8.982351303100586,829.4738159179688,WhiteBloodCellCount_Avg_acute
2.0,18.185699462890625,1530.43212890625,9.092849731445312,765.216064453125,MeanCorpuscularHemoglobin_Min_preclinical
1.0,8.70312786102295,696.4700317382812,8.70312786102295,696.4700317382812,MeanCorpuscularHemoglobin_Avg_preclinical
4.0,40.67336654663086,3296.74365234375,10.168341636657715,824.1859130859375,AbsoluteNeutrophilCount_Avg_acute
