weight,total_gain,total_cover,gain,cover,feature
2.0,19.918415069580078,1486.2996826171875,9.959207534790039,743.1498413085938,EosinophilsPercentage_Min_acute
6.0,70.28689575195312,4414.0263671875,11.714482307434082,735.6710815429688,EosinophilsPercentage_Avg_acute
3.0,29.444808959960938,1731.259033203125,9.814936637878418,577.0863647460938,PlateletDistributionWidth_Min_acute
