weight,total_gain,total_cover,gain,cover,feature
1.0,2.2237548828125,662.7296752929688,2.2237548828125,662.7296752929688,index
1.0,2.529703140258789,24.60960578918457,2.529703140258789,24.60960578918457,Hematocrit_Avg_chronic
1.0,4.708740234375,338.2615966796875,4.708740234375,338.2615966796875,RedBloodCellCount_Avg_acute
2.0,11.881103515625,868.262451171875,5.9405517578125,434.1312255859375,RedBloodCellCount_Min_acute
2.0,5.0013427734375,1041.6026611328125,2.50067138671875,520.8013305664062,EosinophilsPercentage_Avg_chronic
2.0,20.68994140625,174.46116638183594,10.344970703125,87.23058319091797,EosinophilsPercentage_Min_chronic
1.0,4.88818359375,397.3392333984375,4.88818359375,397.3392333984375,AbsoluteMonocyteCount_Avg_acute
1.0,2.00830078125,467.1375732421875,2.00830078125,467.1375732421875,AbsoluteMonocyteCount_Max_acute
2.0,13.44287109375,1039.2774658203125,6.721435546875,519.6387329101562,AbsoluteEosinophilCount_Avg_chronic
1.0,2.0008544921875,153.85861206054688,2.0008544921875,153.85861206054688,AbsoluteEosinophilCount_Max_chronic
2.0,24.5120849609375,551.0717163085938,12.25604248046875,275.5358581542969,AbsoluteEosinophilCount_Min_chronic
1.0,4.39990234375,814.1038208007812,4.39990234375,814.1038208007812,RedCellDistributionWidthCV_Avg_chronic
1.0,6.9439697265625,491.16943359375,6.9439697265625,491.16943359375,RedCellDistributionWidthCV_Max_chronic
1.0,4.662109375,415.748779296875,4.662109375,415.748779296875,RedCellDistributionWidthCV_Min_chronic
