weight,total_gain,total_cover,gain,cover,feature
12.0,83.7222900390625,203.792724609375,6.976857662200928,16.98272705078125,PlateletCount_Max_acute
27.0,154.14892578125,2852.153564453125,5.709219455718994,105.63531494140625,PlateletCount_Min_acute
3.0,3.0572509765625,532.5762939453125,1.0190836191177368,177.5254364013672,PlateletCount_Avg_acute
1.0,1.89886474609375,64.3699722290039,1.89886474609375,64.3699722290039,WhiteBloodCellCount_Avg_acute
1.0,2.03533935546875,65.88075256347656,2.03533935546875,65.88075256347656,BasophilsPercentage_Min_preclinical
1.0,4.230255126953125,12.078646659851074,4.230255126953125,12.078646659851074,MeanPlateletVolume_Max_preclinical
