weight,total_gain,total_cover,gain,cover,feature
1.0,3.6878662109375,91.11981964111328,3.6878662109375,91.11981964111328,EosinophilsPercentage_Min_chronic
3.0,22.30322265625,1347.4964599609375,7.434407711029053,449.1654968261719,AbsoluteEosinophilCount_Avg_chronic
1.0,4.045654296875,173.9482879638672,4.045654296875,173.9482879638672,AbsoluteEosinophilCount_Max_chronic
2.0,12.541259765625,1230.4915771484375,6.2706298828125,615.2457885742188,AbsoluteEosinophilCount_Min_chronic
