weight,total_gain,total_cover,gain,cover,feature
5.0,33.623939514160156,2926.57666015625,6.724787712097168,585.3153076171875,PlateletCount_Max_acute
6.0,43.17908477783203,5122.65673828125,7.196514129638672,853.776123046875,MeanCorpuscularHemoglobin_Max_acute
1.0,10.361617088317871,826.305908203125,10.361617088317871,826.305908203125,MeanCorpuscularHemoglobin_Min_acute
1.0,6.278676986694336,561.7435913085938,6.278676986694336,561.7435913085938,AbsoluteNeutrophilCount_Max_acute
