weight,total_gain,total_cover,gain,cover,feature
2.0,11.625548362731934,795.9601440429688,5.812774181365967,397.9800720214844,PlateletCount_Max_acute
2.0,11.340679168701172,1121.4503173828125,5.670339584350586,560.7251586914062,PlateletCount_Min_preclinical
7.0,58.540489196777344,5046.4990234375,8.362927436828613,720.9284057617188,MeanCorpuscularHemoglobin_Max_preclinical
1.0,12.250865936279297,690.7880249023438,12.250865936279297,690.7880249023438,MeanCorpuscularHemoglobin_Min_preclinical
3.0,24.770122528076172,2151.5078125,8.256707191467285,717.1692504882812,MeanCorpuscularHemoglobin_Avg_preclinical
2.0,14.975190162658691,1426.7696533203125,7.487595081329346,713.3848266601562,MeanCorpuscularVolume_Max_preclinical
1.0,6.593384742736816,587.2308349609375,6.593384742736816,587.2308349609375,MeanCorpuscularVolume_Min_preclinical
1.0,8.512782096862793,694.4143676757812,8.512782096862793,694.4143676757812,MeanCorpuscularVolume_Avg_preclinical
5.0,34.31228256225586,3624.20947265625,6.862456321716309,724.8419189453125,RedCellDistributionWidthCV_Max_acute
