weight,total_gain,total_cover,gain,cover,feature
5.0,39.056251525878906,8581.791015625,7.81125020980835,1716.358154296875,index
4.0,28.892793655395508,6205.52978515625,7.223198413848877,1551.3824462890625,MeanCorpuscularHemoglobinConcentration_Avg_acute
1.0,6.135037422180176,1347.974853515625,6.135037422180176,1347.974853515625,WhiteBloodCellCount_Max_acute
1.0,4.380184173583984,351.7669982910156,4.380184173583984,351.7669982910156,BasophilsPercentage_Avg_acute
1.0,6.693226337432861,376.2454833984375,6.693226337432861,376.2454833984375,BasophilsPercentage_Min_chronic
1.0,5.22509241104126,255.1743621826172,5.22509241104126,255.1743621826172,AbsoluteNeutrophilCount_Avg_acute
1.0,12.112386703491211,1239.791015625,12.112386703491211,1239.791015625,AbsoluteNeutrophilCount_Max_acute
2.0,14.362682342529297,1671.826416015625,7.181341171264648,835.9132080078125,AbsoluteNeutrophilCount_Min_acute
3.0,21.197044372558594,2140.65234375,7.065681457519531,713.55078125,AbsoluteMonocyteCount_Avg_acute
1.0,5.29661750793457,359.7399597167969,5.29661750793457,359.7399597167969,AbsoluteBasophilCount_Min_chronic
1.0,6.770158290863037,473.21038818359375,6.770158290863037,473.21038818359375,AbsoluteLymphocyteCount_Avg_acute
3.0,58.23490905761719,4774.958984375,19.411636352539062,1591.6529541015625,MeanPlateletVolume_Max_acute
2.0,17.269184112548828,3387.5419921875,8.634592056274414,1693.77099609375,MeanPlateletVolume_Min_acute
1.0,5.5457763671875,349.2137756347656,5.5457763671875,349.2137756347656,RedCellDistributionWidthCV_Min_chronic
2.0,28.757328033447266,2408.356201171875,14.378664016723633,1204.1781005859375,Ro52_Avg_chronic
1.0,9.114168167114258,1263.053466796875,9.114168167114258,1263.053466796875,Ro52_Max_chronic
1.0,5.977872848510742,1418.2359619140625,5.977872848510742,1418.2359619140625,ThrombinTime_Avg_chronic
