weight,total_gain,total_cover,gain,cover,feature
14.0,111.61996459960938,23756.1328125,7.9728546142578125,1696.8665771484375,index
4.0,36.749725341796875,6449.79443359375,9.187431335449219,1612.4486083984375,MeanCorpuscularHemoglobinConcentration_Avg_acute
3.0,16.994609832763672,5101.29541015625,5.664869785308838,1700.4317626953125,MeanCorpuscularHemoglobinConcentration_Max_acute
4.0,29.680683135986328,4164.0166015625,7.420170783996582,1041.004150390625,BasophilsPercentage_Min_chronic
3.0,15.02077579498291,773.0341796875,5.006925106048584,257.6780700683594,AbsoluteNeutrophilCount_Avg_acute
4.0,32.59394454956055,6584.388671875,8.148486137390137,1646.09716796875,AbsoluteNeutrophilCount_Max_acute
6.0,36.82909393310547,7644.9453125,6.138182163238525,1274.1575927734375,AbsoluteNeutrophilCount_Min_acute
3.0,15.421735763549805,5205.6494140625,5.140578746795654,1735.2164306640625,AbsoluteMonocyteCount_Avg_acute
1.0,10.924758911132812,1241.998291015625,10.924758911132812,1241.998291015625,AbsoluteEosinophilCount_Min_chronic
7.0,119.87617492675781,9816.28125,17.125167846679688,1402.325927734375,MeanPlateletVolume_Max_acute
5.0,43.68439483642578,8557.2734375,8.736879348754883,1711.4547119140625,MeanPlateletVolume_Min_acute
1.0,5.591110706329346,363.69232177734375,5.591110706329346,363.69232177734375,MeanPlateletVolume_Max_chronic
1.0,4.99256706237793,1686.3544921875,4.99256706237793,1686.3544921875,Plateletcrit_Max_acute
2.0,11.380337715148926,2927.92578125,5.690168857574463,1463.962890625,EosinophilCountAbsolute_Min_acute
4.0,51.59346389770508,4911.72412109375,12.89836597442627,1227.9310302734375,Ro52_Avg_chronic
1.0,5.894020080566406,1456.0443115234375,5.894020080566406,1456.0443115234375,ThrombinTime_Max_chronic
