weight,total_gain,total_cover,gain,cover,feature
20.0,169.77513122558594,33627.72265625,8.48875617980957,1681.3861083984375,index
15.0,128.49081420898438,23741.36328125,8.566054344177246,1582.757568359375,MeanCorpuscularHemoglobinConcentration_Avg_acute
1.0,6.512767791748047,1037.9903564453125,6.512767791748047,1037.9903564453125,WhiteBloodCellCount_Avg_acute
4.0,24.287534713745117,1472.416259765625,6.071883678436279,368.10406494140625,BasophilsPercentage_Min_chronic
3.0,23.247108459472656,2852.76611328125,7.7490363121032715,950.9220581054688,AbsoluteNeutrophilCount_Avg_acute
1.0,6.758485794067383,1325.8175048828125,6.758485794067383,1325.8175048828125,AbsoluteNeutrophilCount_Max_acute
15.0,128.8966064453125,15543.61328125,8.593107223510742,1036.2408447265625,AbsoluteNeutrophilCount_Min_acute
10.0,79.07864379882812,5287.185546875,7.907864570617676,528.7185668945312,AbsoluteMonocyteCount_Avg_acute
2.0,18.795894622802734,2525.38232421875,9.397947311401367,1262.691162109375,AbsoluteEosinophilCount_Avg_acute
11.0,203.3077392578125,17564.568359375,18.482521057128906,1596.7789306640625,MeanPlateletVolume_Max_acute
6.0,48.39704895019531,10221.3583984375,8.066174507141113,1703.5596923828125,MeanPlateletVolume_Min_acute
1.0,6.071434020996094,369.7705383300781,6.071434020996094,369.7705383300781,MeanPlateletVolume_Max_chronic
1.0,6.601034164428711,1369.2799072265625,6.601034164428711,1369.2799072265625,RedCellDistributionWidthCV_Min_acute
8.0,99.5401611328125,9800.443359375,12.442520141601562,1225.055419921875,Ro52_Avg_chronic
1.0,13.294229507446289,1213.153564453125,13.294229507446289,1213.153564453125,Ro52_Max_chronic
1.0,6.163632392883301,1411.6497802734375,6.163632392883301,1411.6497802734375,ThrombinTime_Max_chronic
