weight,total_gain,total_cover,gain,cover,feature
1.0,7.258636474609375,191.83152770996094,7.258636474609375,191.83152770996094,MonocytesPercentage_Min_acute
1.0,6.31451416015625,259.39349365234375,6.31451416015625,259.39349365234375,WhiteBloodCellCount_Max_acute
