weight,total_gain,total_cover,gain,cover,feature
103.0,875.8709716796875,555467.3125,8.503602027893066,5392.88671875,PlateletCount_Max_acute
34.0,234.07559204101562,166682.609375,6.884576320648193,4902.4296875,PlateletCount_Min_acute
3.0,23.82733154296875,8472.63671875,7.94244384765625,2824.212158203125,WhiteBloodCellCount_Max_preclinical
147.0,1192.2220458984375,1103203.125,8.11035442352295,7504.783203125,MeanCorpuscularHemoglobin_Max_acute
67.0,530.6822509765625,513337.0625,7.92063045501709,7661.7470703125,MeanCorpuscularHemoglobin_Min_acute
44.0,349.3584289550781,353249.71875,7.939964294433594,8028.40283203125,MeanCorpuscularHemoglobin_Avg_acute
9.0,62.53375244140625,82901.84375,6.94819450378418,9211.31640625,MeanCorpuscularVolume_Min_acute
9.0,63.245994567871094,35269.046875,7.027332782745361,3918.782958984375,BasophilsPercentage_Max_preclinical
13.0,88.65487670898438,61892.4921875,6.819605827331543,4760.9609375,BasophilsPercentage_Avg_preclinical
31.0,226.0387725830078,150931.9375,7.291573524475098,4868.77197265625,AbsoluteNeutrophilCount_Max_acute
8.0,54.54441833496094,38176.76953125,6.818052291870117,4772.09619140625,AbsoluteMonocyteCount_Max_preclinical
35.0,243.8459014892578,186656.28125,6.9670257568359375,5333.03662109375,EosinophilCountAbsolute_Max_preclinical
26.0,183.07168579101562,142630.859375,7.0412187576293945,5485.80224609375,EosinophilCountAbsolute_Min_preclinical
5.0,35.21684265136719,28597.47265625,7.043368339538574,5719.49462890625,EosinophilCountAbsolute_Avg_preclinical
