weight,total_gain,total_cover,gain,cover,feature
1.0,10.414909362792969,572.0368041992188,10.414909362792969,572.0368041992188,AbsoluteNeutrophilCount_Max_acute
1.0,10.995857238769531,568.9362182617188,10.995857238769531,568.9362182617188,AbsoluteNeutrophilCount_Avg_acute
5.0,57.98614501953125,4349.60791015625,11.59722900390625,869.9215698242188,MeanPlateletVolume_Max_preclinical
2.0,22.358280181884766,1727.2890625,11.179140090942383,863.64453125,MeanPlateletVolume_Avg_preclinical
