weight,total_gain,total_cover,gain,cover,feature
4.0,31.175128936767578,5150.73486328125,7.7937822341918945,1287.6837158203125,NeutrophilsPercentage_Avg_acute
1.0,7.9530134201049805,636.7715454101562,7.9530134201049805,636.7715454101562,PlateletCount_Min_acute
1.0,6.550954818725586,643.70751953125,6.550954818725586,643.70751953125,PlateletCount_Avg_acute
1.0,6.4255218505859375,1103.4688720703125,6.4255218505859375,1103.4688720703125,WhiteBloodCellCount_Max_acute
3.0,20.366180419921875,3054.029296875,6.788726806640625,1018.009765625,EosinophilsPercentage_Max_acute
1.0,9.504514694213867,1256.642333984375,9.504514694213867,1256.642333984375,EosinophilsPercentage_Min_acute
9.0,74.46965789794922,11654.205078125,8.274406433105469,1294.91162109375,EosinophilsPercentage_Avg_acute
2.0,12.42032241821289,2193.25341796875,6.210161209106445,1096.626708984375,RedCellDistributionWidthCV_Min_preclinical
2.0,13.355094909667969,2096.465576171875,6.677547454833984,1048.2327880859375,ThyroidStimulatingHormone_Max_acute
1.0,7.169269561767578,1051.72265625,7.169269561767578,1051.72265625,UrineProtein_Avg_preclinical
