weight,total_gain,total_cover,gain,cover,feature
17.0,148.63951110839844,28161.32421875,8.743500709533691,1656.5484619140625,index
13.0,112.23410034179688,20268.658203125,8.633392333984375,1559.1275634765625,MeanCorpuscularHemoglobinConcentration_Avg_acute
3.0,19.40191650390625,2481.44482421875,6.467305660247803,827.1482543945312,BasophilsPercentage_Min_chronic
5.0,43.08021545410156,4370.2333984375,8.616043090820312,874.0466918945312,AbsoluteNeutrophilCount_Avg_acute
2.0,14.40378189086914,1401.078369140625,7.20189094543457,700.5391845703125,AbsoluteNeutrophilCount_Max_acute
11.0,96.46510314941406,11297.58203125,8.76955509185791,1027.0528564453125,AbsoluteNeutrophilCount_Min_acute
7.0,57.59577941894531,3307.613525390625,8.227968215942383,472.5162048339844,AbsoluteMonocyteCount_Avg_acute
2.0,14.877032279968262,949.2169189453125,7.438516139984131,474.60845947265625,AbsoluteMonocyteCount_Max_acute
2.0,15.885442733764648,2736.16162109375,7.942721366882324,1368.080810546875,AbsoluteEosinophilCount_Avg_acute
10.0,183.85830688476562,15225.865234375,18.38582992553711,1522.5865478515625,MeanPlateletVolume_Max_acute
7.0,81.72722625732422,11598.2548828125,11.675317764282227,1656.8935546875,MeanPlateletVolume_Min_acute
1.0,9.059904098510742,1109.2508544921875,9.059904098510742,1109.2508544921875,PlateletDistributionWidth_Max_acute
1.0,6.828989028930664,1369.606689453125,6.828989028930664,1369.606689453125,RedCellDistributionWidthCV_Min_acute
8.0,99.94125366210938,9792.333984375,12.492656707763672,1224.041748046875,Ro52_Avg_chronic
1.0,13.294229507446289,1213.153564453125,13.294229507446289,1213.153564453125,Ro52_Max_chronic
1.0,6.164929389953613,1411.995849609375,6.164929389953613,1411.995849609375,ThrombinTime_Max_chronic
