weight,total_gain,total_cover,gain,cover,feature
65.0,1167.2584228515625,110886.453125,17.957822799682617,1705.9454345703125,PlateletCount_Max_acute
5.0,62.41217803955078,8549.560546875,12.48243522644043,1709.912109375,PlateletCount_Min_acute
5.0,66.2336196899414,8532.4755859375,13.246724128723145,1706.4951171875,PlateletCount_Avg_acute
5.0,28.752338409423828,3523.473388671875,5.750467777252197,704.6947021484375,WhiteBloodCellCount_Min_preclinical
64.0,1512.5986328125,156851.328125,23.634353637695312,2450.802001953125,MeanCorpuscularHemoglobin_Max_acute
23.0,531.3741455078125,56597.20703125,23.10322380065918,2460.748046875,MeanCorpuscularHemoglobin_Min_acute
9.0,217.34622192382812,22308.12109375,24.149580001831055,2478.68017578125,MeanCorpuscularHemoglobin_Avg_acute
63.0,438.6326599121094,50834.3203125,6.962423324584961,806.8939819335938,MeanCorpuscularVolume_Min_acute
4.0,32.546836853027344,4914.1083984375,8.136709213256836,1228.527099609375,MeanCorpuscularVolume_Avg_acute
2.0,21.343263626098633,3356.6083984375,10.671631813049316,1678.30419921875,RedBloodCellCount_Max_preclinical
23.0,348.2468566894531,39073.5078125,15.141167640686035,1698.84814453125,AbsoluteNeutrophilCount_Max_acute
3.0,17.293054580688477,2027.662353515625,5.7643513679504395,675.887451171875,AbsoluteMonocyteCount_Avg_acute
1.0,11.582832336425781,928.9727172851562,11.582832336425781,928.9727172851562,AbsoluteEosinophilCount_Min_preclinical
26.0,176.3246307373047,19811.921875,6.781716346740723,761.9970092773438,AbsoluteEosinophilCount_Avg_preclinical
1.0,7.064874649047852,489.3187561035156,7.064874649047852,489.3187561035156,MeanPlateletVolume_Avg_acute
1.0,14.112794876098633,2426.98291015625,14.112794876098633,2426.98291015625,EosinophilCountAbsolute_Max_preclinical
