weight,total_gain,total_cover,gain,cover,feature
3.0,31.047836303710938,2156.852783203125,10.349278450012207,718.950927734375,WhiteBloodCellCount_Min_acute
6.0,64.2420425415039,4361.521484375,10.70700740814209,726.9202270507812,WhiteBloodCellCount_Avg_acute
1.0,9.653566360473633,639.4253540039062,9.653566360473633,639.4253540039062,MeanCorpuscularHemoglobin_Avg_preclinical
1.0,9.784829139709473,613.4537963867188,9.784829139709473,613.4537963867188,ReverseTriiodothyronine_Min_acute
2.0,19.3371524810791,1245.70556640625,9.66857624053955,622.852783203125,Nucleosome_Max_acute
1.0,10.574634552001953,624.0962524414062,10.574634552001953,624.0962524414062,Nucleosome_Avg_acute
