weight,total_gain,total_cover,gain,cover,feature
1.0,5.401417255401611,1136.924560546875,5.401417255401611,1136.924560546875,index
1.0,8.239036560058594,117.17208862304688,8.239036560058594,117.17208862304688,LymphocytesPercentage_Max_acute
2.0,18.758445739746094,537.6976318359375,9.379222869873047,268.84881591796875,MeanCorpuscularHemoglobinConcentration_Max_acute
1.0,11.311012268066406,1003.1179809570312,11.311012268066406,1003.1179809570312,MeanCorpuscularVolume_Avg_acute
28.0,354.6530456542969,29349.5078125,12.666180610656738,1048.1966552734375,MeanCorpuscularVolume_Max_acute
7.0,47.778526306152344,9805.4501953125,6.825503826141357,1400.778564453125,RedBloodCellCount_Min_acute
3.0,48.627079010009766,4041.227294921875,16.209026336669922,1347.0758056640625,EosinophilsPercentage_Max_chronic
33.0,656.0701293945312,44577.83984375,19.88091278076172,1350.8436279296875,EosinophilsPercentage_Min_chronic
9.0,55.326473236083984,7539.70947265625,6.147386074066162,837.7454833984375,AbsoluteMonocyteCount_Avg_acute
4.0,27.125045776367188,1115.2890625,6.781261444091797,278.822265625,AbsoluteMonocyteCount_Max_acute
6.0,41.115386962890625,8307.728515625,6.852564334869385,1384.6214599609375,AbsoluteEosinophilCount_Min_chronic
28.0,340.67822265625,8506.3173828125,12.167078971862793,303.79705810546875,PlateletDistributionWidth_Avg_acute
5.0,62.07990264892578,1547.2991943359375,12.415980339050293,309.4598388671875,PlateletDistributionWidth_Min_acute
5.0,30.8388671875,5608.48291015625,6.167773246765137,1121.696533203125,RedCellDistributionWidthCV_Avg_acute
2.0,12.936244010925293,2738.47900390625,6.4681220054626465,1369.239501953125,RedCellDistributionWidthCV_Max_acute
2.0,11.131631851196289,2144.05078125,5.5658159255981445,1072.025390625,RedCellDistributionWidthCV_Min_acute
8.0,52.13453674316406,10457.6982421875,6.516817092895508,1307.2122802734375,RedCellDistributionWidthCV_Avg_chronic
4.0,22.482425689697266,5169.4150390625,5.620606422424316,1292.353759765625,ProthrombinTimeINR_Avg_chronic
