weight,total_gain,total_cover,gain,cover,feature
4.0,44.90925979614258,3029.5400390625,11.227314949035645,757.385009765625,CReactiveProtein_Min_acute
