weight,total_gain,total_cover,gain,cover,feature
1.0,8.542925834655762,762.4622192382812,8.542925834655762,762.4622192382812,MonocytesPercentage_Min_acute
4.0,41.982723236083984,3054.71044921875,10.495680809020996,763.6776123046875,WhiteBloodCellCount_Max_acute
1.0,8.718592643737793,767.0586547851562,8.718592643737793,767.0586547851562,MeanCorpuscularHemoglobin_Max_preclinical
