weight,total_gain,total_cover,gain,cover,feature
2.0,0.5019340515136719,23.649446487426758,0.25096702575683594,11.824723243713379,LymphocytesPercentage_Min_acute
2.0,0.896514892578125,319.0562438964844,0.4482574462890625,159.5281219482422,PlateletCount_Min_acute
68.0,60.9359245300293,1308.6143798828125,0.8961165547370911,19.24432945251465,MeanCorpuscularHemoglobin_Max_acute
53.0,44.94095230102539,1617.704345703125,0.8479424715042114,30.522724151611328,MeanCorpuscularHemoglobin_Min_acute
7.0,6.4660491943359375,125.97300720214844,0.9237213134765625,17.996143341064453,MeanCorpuscularHemoglobin_Avg_acute
21.0,8.145620346069336,260.8052673339844,0.3878866732120514,12.41929817199707,MeanCorpuscularVolume_Min_acute
59.0,29.50365447998047,3495.983154296875,0.5000619292259216,59.25395202636719,BasophilsPercentage_Max_preclinical
24.0,11.914764404296875,3841.42578125,0.4964485168457031,160.0594024658203,BasophilsPercentage_Min_preclinical
24.0,13.282821655273438,2633.578125,0.553450882434845,109.732421875,BasophilsPercentage_Avg_preclinical
