weight,total_gain,total_cover,gain,cover,feature
6.0,44.789268493652344,10000.09765625,7.464878082275391,1666.6829833984375,index
3.0,23.801197052001953,4551.1875,7.933732509613037,1517.0625,MeanCorpuscularHemoglobinConcentration_Avg_acute
1.0,6.557979583740234,1479.1539306640625,6.557979583740234,1479.1539306640625,MeanCorpuscularHemoglobinConcentration_Max_acute
1.0,4.484059810638428,357.20556640625,4.484059810638428,357.20556640625,BasophilsPercentage_Avg_acute
1.0,6.693226337432861,376.2454833984375,6.693226337432861,376.2454833984375,BasophilsPercentage_Min_chronic
1.0,5.226154804229736,255.18043518066406,5.226154804229736,255.18043518066406,AbsoluteNeutrophilCount_Avg_acute
2.0,17.132476806640625,2895.050048828125,8.566238403320312,1447.5250244140625,AbsoluteNeutrophilCount_Max_acute
2.0,14.314033508300781,1671.9898681640625,7.157016754150391,835.9949340820312,AbsoluteNeutrophilCount_Min_acute
4.0,28.85286521911621,2614.080810546875,7.213216304779053,653.5202026367188,AbsoluteMonocyteCount_Avg_acute
1.0,5.29661750793457,359.7399597167969,5.29661750793457,359.7399597167969,AbsoluteBasophilCount_Min_chronic
3.0,58.23310089111328,4774.98828125,19.411033630371094,1591.6627197265625,MeanPlateletVolume_Max_acute
2.0,17.27145767211914,3387.56689453125,8.63572883605957,1693.783447265625,MeanPlateletVolume_Min_acute
1.0,5.5457763671875,349.2137756347656,5.5457763671875,349.2137756347656,RedCellDistributionWidthCV_Min_chronic
3.0,37.87516784667969,3671.43896484375,12.625056266784668,1223.81298828125,Ro52_Avg_chronic
