weight,total_gain,total_cover,gain,cover,feature
1.0,3.5737853050231934,28.67201805114746,3.5737853050231934,28.67201805114746,NeutrophilsPercentage_Max_acute
1.0,2.3347253799438477,48.565364837646484,2.3347253799438477,48.565364837646484,MonocytesPercentage_Min_acute
1.0,1.8416004180908203,123.41014862060547,1.8416004180908203,123.41014862060547,PlateletCount_Max_preclinical
1.0,2.0008528232574463,87.3269271850586,2.0008528232574463,87.3269271850586,PlateletCount_Avg_preclinical
3.0,6.779598236083984,499.3350524902344,2.2598659992218018,166.4450225830078,WhiteBloodCellCount_Max_acute
1.0,2.2446117401123047,136.39759826660156,2.2446117401123047,136.39759826660156,WhiteBloodCellCount_Min_acute
1.0,1.8356189727783203,94.9449691772461,1.8356189727783203,94.9449691772461,MeanCorpuscularHemoglobin_Avg_preclinical
1.0,1.8257808685302734,93.38932037353516,1.8257808685302734,93.38932037353516,EosinophilsPercentage_Max_acute
1.0,2.0749001502990723,78.46556854248047,2.0749001502990723,78.46556854248047,EosinophilsPercentage_Min_acute
1.0,2.1873950958251953,121.85582733154297,2.1873950958251953,121.85582733154297,EosinophilsPercentage_Avg_acute
1.0,1.9049897193908691,49.793556213378906,1.9049897193908691,49.793556213378906,EosinophilsPercentage_Max_preclinical
1.0,2.818254232406616,33.57653045654297,2.818254232406616,33.57653045654297,BasophilsPercentage_Avg_acute
1.0,3.4207663536071777,26.365297317504883,3.4207663536071777,26.365297317504883,AbsoluteMonocyteCount_Max_preclinical
1.0,2.2642040252685547,155.44346618652344,2.2642040252685547,155.44346618652344,Plateletcrit_Max_preclinical
1.0,1.9908140897750854,56.676116943359375,1.9908140897750854,56.676116943359375,RedCellDistributionWidth_Min_acute
1.0,1.8490769863128662,73.52818298339844,1.8490769863128662,73.52818298339844,RedCellDistributionWidth_Min_preclinical
