weight,total_gain,total_cover,gain,cover,feature
3.0,15.92626953125,938.549560546875,5.308756351470947,312.849853515625,index
