weight,total_gain,total_cover,gain,cover,feature
14.0,51.753238677978516,2434.68115234375,3.696659803390503,173.90579223632812,index
4.0,14.79559326171875,366.37310791015625,3.6988983154296875,91.59327697753906,MeanCorpuscularHemoglobinConcentration_Max_acute
1.0,3.549288034439087,43.061622619628906,3.549288034439087,43.061622619628906,MeanCorpuscularHemoglobin_Min_chronic
1.0,3.5605883598327637,48.54098129272461,3.5605883598327637,48.54098129272461,MeanCorpuscularVolume_Min_acute
1.0,3.552551507949829,57.47878646850586,3.552551507949829,57.47878646850586,EosinophilsPercentage_Min_chronic
10.0,35.76389694213867,720.5000610351562,3.576389789581299,72.05000305175781,BasophilsPercentage_Min_chronic
5.0,18.50458526611328,528.4241333007812,3.7009170055389404,105.68482971191406,AbsoluteNeutrophilCount_Max_acute
10.0,44.01749801635742,468.243408203125,4.401749610900879,46.8243408203125,MeanPlateletVolume_Max_acute
11.0,41.946414947509766,1371.606689453125,3.813310384750366,124.69152069091797,MeanPlateletVolume_Min_acute
2.0,8.061705589294434,45.5987548828125,4.030852794647217,22.79937744140625,MeanPlateletVolume_Min_chronic
1.0,3.5515406131744385,45.913360595703125,3.5515406131744385,45.913360595703125,Plateletcrit_Max_acute
