weight,total_gain,total_cover,gain,cover,feature
3.0,27.537633895874023,2911.663330078125,9.179211616516113,970.554443359375,NeutrophilsPercentage_Max_acute
5.0,46.802345275878906,4835.0068359375,9.360468864440918,967.0013427734375,MonocytesPercentage_Min_acute
1.0,9.684453964233398,950.268310546875,9.684453964233398,950.268310546875,EosinophilsPercentage_Min_acute
1.0,8.021696090698242,484.48907470703125,8.021696090698242,484.48907470703125,PlateletDistributionWidth_Min_acute
1.0,8.095511436462402,284.3155517578125,8.095511436462402,284.3155517578125,RedCellDistributionWidth_Avg_acute
