weight,total_gain,total_cover,gain,cover,feature
11.0,376.79071044921875,1875.0830078125,34.253700256347656,170.46209716796875,index
1.0,5.247235298156738,13.749983787536621,5.247235298156738,13.749983787536621,MonocytesPercentage_Avg_acute
2.0,72.097412109375,167.405517578125,36.0487060546875,83.7027587890625,MeanCorpuscularHemoglobinConcentration_Avg_acute
9.0,217.58114624023438,1491.1494140625,24.175682067871094,165.6832733154297,MeanCorpuscularHemoglobinConcentration_Max_acute
1.0,13.059536933898926,10.943516731262207,13.059536933898926,10.943516731262207,Hemoglobin_Max_chronic
3.0,197.64797973632812,82.2856216430664,65.88265991210938,27.42854118347168,BasophilsPercentage_Min_chronic
1.0,22.37860107421875,117.795654296875,22.37860107421875,117.795654296875,AbsoluteNeutrophilCount_Avg_acute
10.0,279.72833251953125,1644.261962890625,27.97283363342285,164.4261932373047,AbsoluteNeutrophilCount_Max_acute
1.0,35.182884216308594,9.140673637390137,35.182884216308594,9.140673637390137,AbsoluteMonocyteCount_Avg_acute
1.0,33.33430480957031,8.225982666015625,33.33430480957031,8.225982666015625,AbsoluteBasophilCount_Max_chronic
3.0,87.76142883300781,48.438453674316406,29.253808975219727,16.146150588989258,MeanPlateletVolume_Avg_acute
3.0,172.3432159423828,45.27908706665039,57.44773864746094,15.093029022216797,MeanPlateletVolume_Max_acute
3.0,94.86753845214844,35.48844528198242,31.622512817382812,11.829482078552246,MeanPlateletVolume_Min_acute
4.0,190.68576049804688,69.35920715332031,47.67144012451172,17.339801788330078,Plateletcrit_Max_acute
2.0,9.078083038330078,18.538158416748047,4.539041519165039,9.269079208374023,CReactiveProtein_Min_chronic
