weight,total_gain,total_cover,gain,cover,feature
5.0,48.61055374145508,4124.794921875,9.722110748291016,824.958984375,WhiteBloodCellCount_Max_acute
2.0,17.564311981201172,1652.79833984375,8.782155990600586,826.399169921875,WhiteBloodCellCount_Min_acute
1.0,9.678897857666016,820.423828125,9.678897857666016,820.423828125,WhiteBloodCellCount_Avg_acute
1.0,9.406538009643555,703.178466796875,9.406538009643555,703.178466796875,Hemoglobin_Min_acute
1.0,8.298880577087402,837.5454711914062,8.298880577087402,837.5454711914062,EosinophilsPercentage_Min_acute
1.0,8.099654197692871,237.89688110351562,8.099654197692871,237.89688110351562,RedCellDistributionWidth_Max_acute
1.0,9.48615837097168,757.0249633789062,9.48615837097168,757.0249633789062,Nucleosome_Max_acute
