weight,total_gain,total_cover,gain,cover,feature
13.0,51.70494842529297,2061.209716796875,3.9773037433624268,158.55459594726562,index
3.0,11.870018005371094,298.1971435546875,3.9566726684570312,99.3990478515625,MeanCorpuscularHemoglobinConcentration_Avg_acute
2.0,7.71546745300293,157.6356201171875,3.857733726501465,78.81781005859375,MeanCorpuscularHemoglobinConcentration_Max_acute
1.0,3.569652557373047,43.63768005371094,3.569652557373047,43.63768005371094,MeanCorpuscularHemoglobin_Min_chronic
1.0,3.577929973602295,49.32944869995117,3.577929973602295,49.32944869995117,MeanCorpuscularVolume_Min_acute
1.0,3.5816214084625244,47.029296875,3.5816214084625244,47.029296875,EosinophilsPercentage_Min_chronic
10.0,36.200191497802734,699.2449340820312,3.6200191974639893,69.92449188232422,BasophilsPercentage_Min_chronic
3.0,10.975547790527344,298.85198974609375,3.6585159301757812,99.6173324584961,AbsoluteNeutrophilCount_Max_acute
3.0,11.194061279296875,315.3329162597656,3.731353759765625,105.11096954345703,AbsoluteNeutrophilCount_Min_acute
10.0,42.953277587890625,578.3698120117188,4.295327663421631,57.83698272705078,MeanPlateletVolume_Max_acute
11.0,44.001739501953125,1100.779541015625,4.000158309936523,100.07086944580078,MeanPlateletVolume_Min_acute
1.0,3.5711259841918945,46.66728973388672,3.5711259841918945,46.66728973388672,Plateletcrit_Max_acute
