weight,total_gain,total_cover,gain,cover,feature
2.0,19.74579620361328,1807.7215576171875,9.87289810180664,903.8607788085938,NeutrophilsPercentage_Max_acute
1.0,10.056892395019531,892.260498046875,10.056892395019531,892.260498046875,AbsoluteNeutrophilCount_Max_acute
