weight,total_gain,total_cover,gain,cover,feature
1.0,7.734158992767334,456.913818359375,7.734158992767334,456.913818359375,WhiteBloodCellCount_Min_preclinical
4.0,34.40505599975586,3017.8359375,8.601263999938965,754.458984375,RedBloodCellCount_Min_preclinical
4.0,36.24235534667969,2577.366943359375,9.060588836669922,644.3417358398438,AbsoluteEosinophilCount_Min_acute
5.0,46.969661712646484,3747.079833984375,9.393932342529297,749.4159545898438,AbsoluteLymphocyteCount_Avg_acute
