weight,total_gain,total_cover,gain,cover,feature
68.0,1217.8450927734375,115929.6015625,17.909486770629883,1704.8470458984375,PlateletCount_Max_acute
1.0,13.3115234375,1739.556640625,13.3115234375,1739.556640625,PlateletCount_Min_acute
6.0,78.57213592529297,10225.7373046875,13.095355987548828,1704.28955078125,PlateletCount_Avg_acute
6.0,34.431922912597656,4284.09716796875,5.738653659820557,714.0161743164062,WhiteBloodCellCount_Min_preclinical
69.0,1628.532958984375,169125.140625,23.601926803588867,2451.089111328125,MeanCorpuscularHemoglobin_Max_acute
21.0,485.2745361328125,51681.46484375,23.10831069946289,2461.022216796875,MeanCorpuscularHemoglobin_Min_acute
7.0,170.41961669921875,17377.125,24.345659255981445,2482.446533203125,MeanCorpuscularHemoglobin_Avg_acute
63.0,438.2004699707031,50981.62890625,6.955563068389893,809.232177734375,MeanCorpuscularVolume_Min_acute
4.0,32.55531311035156,4913.96142578125,8.13882827758789,1228.4903564453125,MeanCorpuscularVolume_Avg_acute
2.0,21.319543838500977,3357.92431640625,10.659771919250488,1678.962158203125,RedBloodCellCount_Max_preclinical
23.0,344.0871887207031,38797.28125,14.960312843322754,1686.8382568359375,AbsoluteNeutrophilCount_Max_acute
3.0,17.279197692871094,1989.68408203125,5.759732723236084,663.22802734375,AbsoluteMonocyteCount_Avg_acute
1.0,11.580726623535156,929.0648803710938,11.580726623535156,929.0648803710938,AbsoluteEosinophilCount_Min_preclinical
26.0,175.8552703857422,19779.861328125,6.763664245605469,760.763916015625,AbsoluteEosinophilCount_Avg_preclinical
