weight,total_gain,total_cover,gain,cover,feature
1.0,0.3680419921875,889.8779296875,0.3680419921875,889.8779296875,MeanCorpuscularHemoglobinConcentration_Max_acute
184.0,1316.483642578125,48791.44140625,7.154802322387695,265.1708679199219,MeanCorpuscularHemoglobinConcentration_Min_acute
12.0,51.4573974609375,2324.25048828125,4.288116455078125,193.6875457763672,MeanCorpuscularHemoglobinConcentration_Avg_acute
20.0,22.24664306640625,725.9071655273438,1.1123321056365967,36.29535675048828,WhiteBloodCellCount_Min_acute
15.0,87.4765625,15362.1259765625,5.831770896911621,1024.1417236328125,BasophilsPercentage_Max_acute
2.0,6.64404296875,2267.571044921875,3.322021484375,1133.7855224609375,BasophilsPercentage_Min_acute
187.0,3279.62890625,264362.25,17.538122177124023,1413.701904296875,BasophilsPercentage_Avg_acute
1.0,2.1376953125,633.1516723632812,2.1376953125,633.1516723632812,AbsoluteMonocyteCount_Avg_acute
180.0,1146.9805908203125,61283.87109375,6.372114181518555,340.4659423828125,CReactiveProtein_Max_acute
64.0,165.5960693359375,132380.984375,2.5874385833740234,2068.452880859375,CReactiveProtein_Min_acute
99.0,583.9249267578125,68961.9140625,5.898231506347656,696.5849609375,CReactiveProtein_Avg_acute
183.0,2059.47265625,180546.6875,11.253949165344238,986.5939331054688,TotalThyroxine_Max_acute
21.0,126.0810546875,38437.7421875,6.003859519958496,1830.36865234375,TotalThyroxine_Min_acute
