weight,total_gain,total_cover,gain,cover,feature
12.0,50.86214065551758,1733.9603271484375,4.238511562347412,144.49668884277344,index
1.0,4.502738952636719,87.44591522216797,4.502738952636719,87.44591522216797,MeanCorpuscularHemoglobinConcentration_Avg_acute
2.0,8.794601440429688,143.90005493164062,4.397300720214844,71.95002746582031,MeanCorpuscularHemoglobinConcentration_Max_acute
1.0,4.089869022369385,44.48670959472656,4.089869022369385,44.48670959472656,MeanCorpuscularVolume_Min_acute
1.0,4.100893020629883,45.99191665649414,4.100893020629883,45.99191665649414,EosinophilsPercentage_Min_chronic
8.0,33.115196228027344,510.3796691894531,4.139399528503418,63.79745864868164,BasophilsPercentage_Min_chronic
3.0,12.793052673339844,265.0395812988281,4.264350891113281,88.34652709960938,AbsoluteNeutrophilCount_Max_acute
1.0,4.267833709716797,92.21759796142578,4.267833709716797,92.21759796142578,AbsoluteNeutrophilCount_Min_acute
9.0,45.45561599731445,445.346923828125,5.050623893737793,49.48299026489258,MeanPlateletVolume_Max_acute
8.0,33.934532165527344,1007.9457397460938,4.241816520690918,125.99321746826172,MeanPlateletVolume_Min_acute
1.0,4.892696857452393,21.823490142822266,4.892696857452393,21.823490142822266,MeanPlateletVolume_Min_chronic
