weight,total_gain,total_cover,gain,cover,feature
1.0,9.956917762756348,737.1713256835938,9.956917762756348,737.1713256835938,WhiteBloodCellCount_Max_acute
3.0,26.88277816772461,2272.58544921875,8.960926055908203,757.5285034179688,MeanCorpuscularVolume_Max_acute
1.0,10.441789627075195,749.6272583007812,10.441789627075195,749.6272583007812,MeanCorpuscularVolume_Min_acute
1.0,7.901061534881592,237.03721618652344,7.901061534881592,237.03721618652344,MeanCorpuscularVolume_Min_preclinical
6.0,60.277278900146484,4599.2646484375,10.046213150024414,766.5441284179688,EosinophilsPercentage_Min_acute
6.0,70.3567123413086,4511.2998046875,11.726119041442871,751.88330078125,EosinophilsPercentage_Avg_acute
2.0,20.694278717041016,1243.3692626953125,10.347139358520508,621.6846313476562,AbsoluteEosinophilCount_Min_acute
1.0,7.922587871551514,605.3240966796875,7.922587871551514,605.3240966796875,AbsoluteEosinophilCount_Avg_acute
