{
    "roc_auc": [
        {
            "binary_threshold": 42,
            "fpr": [
                0.0,
                0.125,
                0.25,
                0.25,
                0.25,
                0.25,
                0.25,
                0.375,
                0.375,
                0.625,
                0.625,
                0.75,
                0.75,
                1.0
            ],
            "tpr": [
                0.0,
                0.0,
                0.0,
                0.1111111111111111,
                0.2222222222222222,
                0.3333333333333333,
                0.6666666666666666,
                0.6666666666666666,
                0.8888888888888888,
                0.8888888888888888,
                0.9629629629629629,
                0.9629629629629629,
                1.0,
                1.0
            ],
            "thresholds": [
                Infinity,
                1044.9124755859375,
                850.7274780273438,
                737.3829956054688,
                657.0109252929688,
                639.5536499023438,
                499.6642150878906,
                455.2284851074219,
                240.5615234375,
                205.15663146972656,
                191.2344207763672,
                179.5943145751953,
                138.88441467285156,
                63.61028289794922
            ],
            "roc_auc": 0.6759259259259258
        }
    ],
    "prerec_auc": [
        {
            "binary_threshold": 42,
            "precision": [
                0.7714285714285715,
                0.7941176470588235,
                0.8181818181818182,
                0.8125,
                0.8387096774193549,
                0.8333333333333334,
                0.8275862068965517,
                0.8571428571428571,
                0.8888888888888888,
                0.8846153846153846,
                0.88,
                0.875,
                0.8695652173913043,
                0.8636363636363636,
                0.8571428571428571,
                0.9,
                0.8947368421052632,
                0.8888888888888888,
                0.8823529411764706,
                0.875,
                0.8666666666666667,
                0.8571428571428571,
                0.8461538461538461,
                0.8333333333333334,
                0.8181818181818182,
                0.75,
                0.7142857142857143,
                0.6666666666666666,
                0.6,
                0.0,
                0.0,
                1.0
            ],
            "recall": [
                1.0,
                1.0,
                1.0,
                0.9629629629629629,
                0.9629629629629629,
                0.9259259259259259,
                0.8888888888888888,
                0.8888888888888888,
                0.8888888888888888,
                0.8518518518518519,
                0.8148148148148148,
                0.7777777777777778,
                0.7407407407407407,
                0.7037037037037037,
                0.6666666666666666,
                0.6666666666666666,
                0.6296296296296297,
                0.5925925925925926,
                0.5555555555555556,
                0.5185185185185185,
                0.48148148148148145,
                0.4444444444444444,
                0.4074074074074074,
                0.37037037037037035,
                0.3333333333333333,
                0.2222222222222222,
                0.18518518518518517,
                0.14814814814814814,
                0.1111111111111111,
                0.0,
                0.0,
                0.0
            ],
            "thresholds": [
                63.61028289794922,
                93.68948364257812,
                138.88441467285156,
                179.5943145751953,
                191.2344207763672,
                195.573486328125,
                205.15663146972656,
                240.2191162109375,
                240.5615234375,
                253.2716827392578,
                285.60479736328125,
                309.3017272949219,
                387.8015441894531,
                439.71282958984375,
                455.2284851074219,
                499.6642150878906,
                547.3419189453125,
                578.9096069335938,
                596.7310180664062,
                607.7581176757812,
                612.8251342773438,
                626.626220703125,
                632.274169921875,
                636.9207763671875,
                639.5536499023438,
                657.0109252929688,
                671.986083984375,
                691.5475463867188,
                737.3829956054688,
                850.7274780273438,
                1044.9124755859375
            ],
            "prerec_auc": 0.7718239413342395
        }
    ]
}