weight,total_gain,total_cover,gain,cover,feature
17.0,57.962066650390625,3160.64453125,3.4095332622528076,185.92027282714844,index
5.0,16.446575164794922,581.514404296875,3.2893149852752686,116.3028793334961,MeanCorpuscularHemoglobinConcentration_Avg_acute
3.0,10.019515991210938,267.42626953125,3.339838743209839,89.14208984375,MeanCorpuscularHemoglobinConcentration_Max_acute
2.0,5.681547164916992,109.48360443115234,2.840773582458496,54.74180221557617,MeanCorpuscularHemoglobin_Min_chronic
1.0,2.8378288745880127,45.837215423583984,2.8378288745880127,45.837215423583984,MeanCorpuscularVolume_Min_acute
2.0,5.701552391052246,108.15670776367188,2.850776195526123,54.07835388183594,EosinophilsPercentage_Min_chronic
11.0,33.43324279785156,875.885498046875,3.0393857955932617,79.6259536743164,BasophilsPercentage_Min_chronic
4.0,13.397298812866211,421.4456787109375,3.3493247032165527,105.36141967773438,AbsoluteNeutrophilCount_Max_acute
4.0,12.977222442626953,498.7532653808594,3.2443056106567383,124.68831634521484,AbsoluteNeutrophilCount_Min_acute
10.0,36.82672119140625,518.0079345703125,3.6826720237731934,51.8007926940918,MeanPlateletVolume_Max_acute
13.0,43.866600036621094,1630.0965576171875,3.3743538856506348,125.39204406738281,MeanPlateletVolume_Min_acute
3.0,9.082368850708008,80.02568817138672,3.027456283569336,26.675230026245117,MeanPlateletVolume_Min_chronic
2.0,5.684366226196289,104.47177124023438,2.8421831130981445,52.23588562011719,Plateletcrit_Max_acute
