weight,total_gain,total_cover,gain,cover,feature
3.0,22.169448852539062,61.80781555175781,7.3898162841796875,20.60260581970215,MeanCorpuscularHemoglobin_Max_acute
2.0,14.96546745300293,44.639488220214844,7.482733726501465,22.319744110107422,MeanCorpuscularHemoglobin_Avg_acute
