weight,total_gain,total_cover,gain,cover,feature
1.0,5.937177658081055,72.52708435058594,5.937177658081055,72.52708435058594,MeanCorpuscularHemoglobinConcentration_Max_acute
5.0,29.07038688659668,1082.9681396484375,5.814077377319336,216.5936279296875,MeanCorpuscularVolume_Max_acute
7.0,61.42120361328125,1750.138427734375,8.774457931518555,250.019775390625,EosinophilsPercentage_Min_chronic
1.0,6.13463020324707,204.46754455566406,6.13463020324707,204.46754455566406,AbsoluteEosinophilCount_Min_chronic
1.0,8.945713996887207,72.1756591796875,8.945713996887207,72.1756591796875,PlateletDistributionWidth_Avg_acute
2.0,16.435443878173828,236.6720428466797,8.217721939086914,118.33602142333984,PlateletDistributionWidth_Max_acute
1.0,5.1127424240112305,137.04750061035156,5.1127424240112305,137.04750061035156,RedCellDistributionWidthCV_Avg_chronic
