weight,total_gain,total_cover,gain,cover,feature
3.0,7.192138671875,832.2940673828125,2.3973796367645264,277.4313659667969,NeutrophilsPercentage_Max_acute
3.0,36.6640625,1304.35107421875,12.221354484558105,434.78369140625,NeutrophilsPercentage_Min_acute
10.0,124.224609375,11992.2255859375,12.422460556030273,1199.2225341796875,NeutrophilsPercentage_Avg_acute
3.0,3.571044921875,1451.966796875,1.1903482675552368,483.9889221191406,MeanCorpuscularHemoglobinConcentration_Min_acute
1.0,2.0283203125,4280.0234375,2.0283203125,4280.0234375,BasophilsPercentage_Min_acute
5.0,22.1611328125,13142.2314453125,4.432226657867432,2628.4462890625,BasophilsPercentage_Avg_acute
1.0,2.0869140625,4077.148193359375,2.0869140625,4077.148193359375,AbsoluteNeutrophilCount_Min_acute
1.0,0.568359375,795.45458984375,0.568359375,795.45458984375,AbsoluteMonocyteCount_Min_acute
2.0,7.4228515625,2893.96728515625,3.71142578125,1446.983642578125,CReactiveProtein_Min_acute
5.0,51.107666015625,2017.712158203125,10.221532821655273,403.54241943359375,CReactiveProtein_Avg_acute
10.0,89.09033203125,13399.6396484375,8.909032821655273,1339.9639892578125,TotalThyroxine_Max_acute
10.0,148.68115234375,9259.1416015625,14.868115425109863,925.9141845703125,TotalThyroxine_Min_acute
6.0,103.53955078125,3105.23193359375,17.256591796875,517.5386352539062,TotalThyroxine_Avg_acute
1.0,3.62939453125,20.899635314941406,3.62939453125,20.899635314941406,Histone_Avg_acute
1.0,3.2333984375,1171.1947021484375,3.2333984375,1171.1947021484375,UrineGlucose_Max_acute
2.0,36.11376953125,280.77044677734375,18.056884765625,140.38522338867188,UrineGlucose_Min_acute
3.0,63.6259765625,229.1703643798828,21.20865821838379,76.39012145996094,UrineProtein_Max_acute
1.0,3.775390625,898.459228515625,3.775390625,898.459228515625,Cockroach_Max_acute
1.0,6.712890625,390.865234375,6.712890625,390.865234375,Cockroach_Min_acute
