weight,total_gain,total_cover,gain,cover,feature
13.0,84.07410430908203,6746.2626953125,6.467238903045654,518.9432983398438,PlateletCount_Max_acute
1.0,6.002429962158203,491.26116943359375,6.002429962158203,491.26116943359375,PlateletCount_Avg_acute
13.0,93.94740295410156,9740.091796875,7.2267231941223145,749.2378540039062,MeanCorpuscularHemoglobin_Max_acute
2.0,20.367755889892578,1448.416748046875,10.183877944946289,724.2083740234375,MeanCorpuscularHemoglobin_Min_acute
3.0,22.16908073425293,2233.78564453125,7.389693737030029,744.59521484375,MeanCorpuscularHemoglobin_Avg_acute
1.0,4.389250755310059,523.7650756835938,4.389250755310059,523.7650756835938,BasophilsPercentage_Max_preclinical
2.0,11.981575012207031,998.4246826171875,5.990787506103516,499.21234130859375,AbsoluteNeutrophilCount_Max_acute
2.0,9.669387817382812,1543.499267578125,4.834693908691406,771.7496337890625,EosinophilCountAbsolute_Max_preclinical
3.0,14.629252433776855,2309.539794921875,4.876417636871338,769.8466186523438,EosinophilCountAbsolute_Min_preclinical
