weight,total_gain,total_cover,gain,cover,feature
1.0,8.341951370239258,642.765625,8.341951370239258,642.765625,BasophilsPercentage_Min_acute
2.0,16.632884979248047,1290.043212890625,8.316442489624023,645.0216064453125,AbsoluteLymphocyteCount_Max_acute
1.0,8.149949073791504,356.2015075683594,8.149949073791504,356.2015075683594,AbsoluteLymphocyteCount_Min_acute
1.0,9.602035522460938,641.2103881835938,9.602035522460938,641.2103881835938,AbsoluteLymphocyteCount_Avg_acute
