weight,total_gain,total_cover,gain,cover,feature
5.0,32.360626220703125,3047.7822265625,6.472125053405762,609.5564575195312,Hematocrit_Max_acute
4.0,23.614700317382812,1593.9906005859375,5.903675079345703,398.4976501464844,LymphocytesPercentage_Max_acute
1.0,7.512612819671631,646.5543212890625,7.512612819671631,646.5543212890625,NeutrophilsPercentage_Avg_preclinical
1.0,5.395827770233154,105.13925170898438,5.395827770233154,105.13925170898438,MeanCorpuscularHemoglobinConcentration_Min_acute
2.0,11.21200942993164,1355.6812744140625,5.60600471496582,677.8406372070312,BasophilsPercentage_Min_acute
5.0,34.69939422607422,3319.57763671875,6.939878940582275,663.91552734375,AbsoluteNeutrophilCount_Max_preclinical
1.0,6.026682376861572,672.2324829101562,6.026682376861572,672.2324829101562,AbsoluteNeutrophilCount_Avg_preclinical
1.0,5.449028968811035,378.4365234375,5.449028968811035,378.4365234375,ANA1to40_Avg_preclinical
