weight,total_gain,total_cover,gain,cover,feature
70.0,1255.7152099609375,119387.8359375,17.93878936767578,1705.54052734375,PlateletCount_Max_acute
1.0,13.290014266967773,1739.556884765625,13.290014266967773,1739.556884765625,PlateletCount_Min_acute
5.0,66.26532745361328,8538.83203125,13.25306510925293,1707.766357421875,PlateletCount_Avg_acute
6.0,34.388885498046875,4284.626953125,5.731481075286865,714.1044921875,WhiteBloodCellCount_Min_preclinical
71.0,1674.3685302734375,173986.109375,23.58265495300293,2450.508544921875,MeanCorpuscularHemoglobin_Max_acute
21.0,489.215576171875,51748.61328125,23.29598045349121,2464.2197265625,MeanCorpuscularHemoglobin_Min_acute
5.0,123.89571380615234,12449.228515625,24.779142379760742,2489.845703125,MeanCorpuscularHemoglobin_Avg_acute
65.0,449.85919189453125,52468.39453125,6.920910835266113,807.2060546875,MeanCorpuscularVolume_Min_acute
2.0,21.164276123046875,3311.770263671875,10.582138061523438,1655.8851318359375,MeanCorpuscularVolume_Avg_acute
2.0,21.295238494873047,3357.749755859375,10.647619247436523,1678.8748779296875,RedBloodCellCount_Max_preclinical
22.0,319.2774658203125,36956.60546875,14.512612342834473,1679.845703125,AbsoluteNeutrophilCount_Max_acute
3.0,17.28353500366211,1988.429443359375,5.761178493499756,662.809814453125,AbsoluteMonocyteCount_Avg_acute
1.0,11.501487731933594,929.3632202148438,11.501487731933594,929.3632202148438,AbsoluteEosinophilCount_Min_preclinical
26.0,176.09580993652344,19965.5,6.772915840148926,767.9038696289062,AbsoluteEosinophilCount_Avg_preclinical
