weight,total_gain,total_cover,gain,cover,feature
2.0,17.493839263916016,2081.562255859375,8.746919631958008,1040.7811279296875,NeutrophilsPercentage_Max_acute
1.0,8.948081970214844,1027.222412109375,8.948081970214844,1027.222412109375,AbsoluteNeutrophilCount_Max_acute
1.0,8.343154907226562,1032.755126953125,8.343154907226562,1032.755126953125,AbsoluteNeutrophilCount_Avg_acute
