weight,total_gain,total_cover,gain,cover,feature
5.0,36.20777130126953,138.33937072753906,7.241554260253906,27.66787338256836,PlateletCount_Max_acute
2.0,15.345020294189453,109.95230102539062,7.672510147094727,54.97615051269531,EosinophilsPercentage_Avg_acute
3.0,20.010536193847656,78.45538330078125,6.6701788902282715,26.15179443359375,AbsoluteNeutrophilCount_Avg_acute
