weight,total_gain,total_cover,gain,cover,feature
6.0,75.03671264648438,4516.03955078125,12.506118774414062,752.6732788085938,EosinophilsPercentage_Min_acute
6.0,77.23846435546875,4506.2919921875,12.873077392578125,751.0486450195312,EosinophilsPercentage_Avg_acute
1.0,9.662372589111328,765.9117431640625,9.662372589111328,765.9117431640625,AntiScl70_Max_acute
