weight,total_gain,total_cover,gain,cover,feature
42.0,62.184967041015625,225783.890625,1.4805943965911865,5375.80712890625,LymphocytesPercentage_Max_preclinical
1.0,1.483123779296875,5329.81201171875,1.483123779296875,5329.81201171875,LymphocytesPercentage_Min_preclinical
1.0,1.730926513671875,1155.625,1.730926513671875,1155.625,MonocytesPercentage_Max_acute
5.0,9.28436279296875,5073.63623046875,1.85687255859375,1014.7272338867188,MonocytesPercentage_Min_preclinical
93.0,648.6275024414062,634349.375,6.974489212036133,6820.9609375,PlateletCount_Max_acute
87.0,279.09002685546875,537875.875,3.2079312801361084,6182.4814453125,PlateletCount_Min_preclinical
19.0,41.662139892578125,57032.1953125,2.192744255065918,3001.694580078125,WhiteBloodCellCount_Max_preclinical
19.0,40.64544677734375,59404.4765625,2.1392340660095215,3126.551513671875,WhiteBloodCellCount_Min_preclinical
3.0,6.507232666015625,9164.58203125,2.1690776348114014,3054.860595703125,WhiteBloodCellCount_Avg_preclinical
101.0,766.2034301757812,934089.375,7.586172580718994,9248.4091796875,MeanCorpuscularHemoglobin_Max_acute
10.0,80.30914306640625,102941.7578125,8.030914306640625,10294.17578125,MeanCorpuscularHemoglobin_Min_acute
49.0,98.89254760742188,171625.046875,2.0182151794433594,3502.552001953125,MeanCorpuscularVolume_Min_acute
12.0,18.561920166015625,19698.30859375,1.546826720237732,1641.5257568359375,EosinophilsPercentage_Max_acute
2.0,3.0458831787109375,3469.4501953125,1.5229415893554688,1734.72509765625,EosinophilsPercentage_Avg_acute
7.0,37.61285400390625,48836.9296875,5.373264789581299,6976.7041015625,AbsoluteNeutrophilCount_Max_acute
1.0,1.884368896484375,989.4954833984375,1.884368896484375,989.4954833984375,AbsoluteMonocyteCount_Min_preclinical
10.0,21.39276123046875,31260.03515625,2.1392760276794434,3126.00341796875,AbsoluteEosinophilCount_Avg_preclinical
5.0,14.207427978515625,32295.1640625,2.8414855003356934,6459.03271484375,Plateletcrit_Min_preclinical
8.0,24.025848388671875,48263.59375,3.0032310485839844,6032.94921875,EosinophilCountAbsolute_Max_preclinical
1.0,1.6900634765625,5815.6083984375,1.6900634765625,5815.6083984375,CReactiveProtein_Max_acute
14.0,20.843841552734375,72293.9140625,1.4888458251953125,5163.85107421875,CReactiveProtein_Min_preclinical
