weight,total_gain,total_cover,gain,cover,feature
15.0,148.3806610107422,24572.3359375,9.892044067382812,1638.15576171875,index
10.0,97.44680786132812,15566.9912109375,9.744680404663086,1556.6990966796875,MeanCorpuscularHemoglobinConcentration_Avg_acute
2.0,21.1334285736084,3352.8740234375,10.5667142868042,1676.43701171875,BasophilsPercentage_Min_chronic
5.0,46.70372772216797,3609.078125,9.34074592590332,721.8156127929688,AbsoluteNeutrophilCount_Avg_acute
2.0,22.148221969604492,2354.9912109375,11.074110984802246,1177.49560546875,AbsoluteNeutrophilCount_Max_acute
6.0,65.81808471679688,7615.02734375,10.969680786132812,1269.1712646484375,AbsoluteNeutrophilCount_Min_acute
6.0,51.68121337890625,2831.2998046875,8.61353588104248,471.88330078125,AbsoluteMonocyteCount_Avg_acute
1.0,9.009986877441406,1342.801513671875,9.009986877441406,1342.801513671875,AbsoluteEosinophilCount_Avg_acute
10.0,187.53611755371094,14515.3125,18.753612518310547,1451.53125,MeanPlateletVolume_Max_acute
5.0,64.6753158569336,8235.087890625,12.935063362121582,1647.017578125,MeanPlateletVolume_Min_acute
1.0,9.118066787719727,1304.4365234375,9.118066787719727,1304.4365234375,RedCellDistributionWidthCV_Min_acute
7.0,89.89210510253906,8541.708984375,12.841729164123535,1220.244140625,Ro52_Avg_chronic
1.0,13.280223846435547,1213.1385498046875,13.280223846435547,1213.1385498046875,Ro52_Max_chronic
