weight,total_gain,total_cover,gain,cover,feature
2.0,16.701753616333008,1281.81689453125,8.350876808166504,640.908447265625,LymphocytesPercentage_Max_acute
1.0,9.813875198364258,541.836181640625,9.813875198364258,541.836181640625,LymphocytesPercentage_Max_preclinical
1.0,9.558198928833008,543.8133544921875,9.558198928833008,543.8133544921875,LymphocytesPercentage_Avg_preclinical
1.0,8.560846328735352,406.3699035644531,8.560846328735352,406.3699035644531,MeanCorpuscularHemoglobinConcentration_Avg_preclinical
2.0,17.181720733642578,1493.09814453125,8.590860366821289,746.549072265625,PlateletCount_Max_acute
3.0,28.163745880126953,2227.267578125,9.38791561126709,742.4225463867188,WhiteBloodCellCount_Min_acute
