weight,total_gain,total_cover,gain,cover,feature
1.0,7.900959014892578,1077.2122802734375,7.900959014892578,1077.2122802734375,MonocytesPercentage_Avg_preclinical
2.0,16.066936492919922,2153.1728515625,8.033468246459961,1076.58642578125,WhiteBloodCellCount_Max_acute
1.0,7.154012680053711,941.0299072265625,7.154012680053711,941.0299072265625,MeanCorpuscularVolume_Min_preclinical
4.0,32.905120849609375,4230.61669921875,8.226280212402344,1057.6541748046875,EosinophilsPercentage_Min_acute
1.0,7.225083351135254,986.1930541992188,7.225083351135254,986.1930541992188,EosinophilsPercentage_Avg_acute
1.0,7.530830383300781,861.1438598632812,7.530830383300781,861.1438598632812,CReactiveProtein_Avg_acute
1.0,7.356853485107422,853.938720703125,7.356853485107422,853.938720703125,UrineProtein_Avg_preclinical
5.0,38.13253402709961,5235.888671875,7.626506805419922,1047.177734375,UrineSpecificGravity_Min_preclinical
