weight,total_gain,total_cover,gain,cover,feature
3.0,32.767608642578125,2104.6103515625,10.92253589630127,701.5368041992188,NeutrophilsPercentage_Avg_acute
6.0,67.2828598022461,4213.58984375,11.213809967041016,702.2649536132812,EosinophilsPercentage_Avg_acute
5.0,51.349151611328125,3021.39111328125,10.269830703735352,604.2781982421875,AbsoluteNeutrophilCount_Avg_acute
1.0,9.019737243652344,195.7068328857422,9.019737243652344,195.7068328857422,RedCellDistributionWidth_Max_acute
1.0,9.440130233764648,197.24708557128906,9.440130233764648,197.24708557128906,RedCellDistributionWidth_Min_acute
