{
    "roc_auc": [
        {
            "binary_threshold": 42,
            "fpr": [
                0.0,
                0.125,
                0.125,
                0.125,
                0.25,
                0.25,
                0.5,
                0.5,
                0.625,
                0.625,
                0.75,
                0.75,
                0.875,
                0.875,
                1.0
            ],
            "tpr": [
                0.0,
                0.0,
                0.037037037037037035,
                0.1111111111111111,
                0.1111111111111111,
                0.7407407407407407,
                0.7407407407407407,
                0.8518518518518519,
                0.8518518518518519,
                0.9259259259259259,
                0.9259259259259259,
                0.9629629629629629,
                0.9629629629629629,
                1.0,
                1.0
            ],
            "thresholds": [
                Infinity,
                989.2131958007812,
                706.0014038085938,
                635.2647705078125,
                623.4102783203125,
                280.2342834472656,
                215.44192504882812,
                139.2196044921875,
                127.61894226074219,
                90.56328582763672,
                81.44189453125,
                70.0696029663086,
                51.46957778930664,
                47.819000244140625,
                23.132396697998047
            ],
            "roc_auc": 0.6666666666666666
        }
    ],
    "prerec_auc": [
        {
            "binary_threshold": 42,
            "precision": [
                0.7714285714285715,
                0.7941176470588235,
                0.7878787878787878,
                0.8125,
                0.8064516129032258,
                0.8333333333333334,
                0.8275862068965517,
                0.8214285714285714,
                0.8518518518518519,
                0.8461538461538461,
                0.84,
                0.8333333333333334,
                0.8695652173913043,
                0.9090909090909091,
                0.9047619047619048,
                0.9,
                0.8947368421052632,
                0.8888888888888888,
                0.8823529411764706,
                0.875,
                0.8666666666666667,
                0.8571428571428571,
                0.8461538461538461,
                0.8333333333333334,
                0.8181818181818182,
                0.8,
                0.7777777777777778,
                0.75,
                0.7142857142857143,
                0.6666666666666666,
                0.6,
                0.75,
                0.5,
                0.0,
                1.0
            ],
            "recall": [
                1.0,
                1.0,
                0.9629629629629629,
                0.9629629629629629,
                0.9259259259259259,
                0.9259259259259259,
                0.8888888888888888,
                0.8518518518518519,
                0.8518518518518519,
                0.8148148148148148,
                0.7777777777777778,
                0.7407407407407407,
                0.7407407407407407,
                0.7407407407407407,
                0.7037037037037037,
                0.6666666666666666,
                0.6296296296296297,
                0.5925925925925926,
                0.5555555555555556,
                0.5185185185185185,
                0.48148148148148145,
                0.4444444444444444,
                0.4074074074074074,
                0.37037037037037035,
                0.3333333333333333,
                0.2962962962962963,
                0.25925925925925924,
                0.2222222222222222,
                0.18518518518518517,
                0.14814814814814814,
                0.1111111111111111,
                0.1111111111111111,
                0.037037037037037035,
                0.0,
                0.0
            ],
            "thresholds": [
                23.132396697998047,
                47.819000244140625,
                51.46957778930664,
                70.0696029663086,
                81.44189453125,
                90.56328582763672,
                125.41548156738281,
                127.61894226074219,
                139.2196044921875,
                167.46083068847656,
                184.55848693847656,
                215.44192504882812,
                250.12158203125,
                280.2342834472656,
                304.9831848144531,
                340.96295166015625,
                406.2395324707031,
                453.0107116699219,
                456.4454345703125,
                502.9870300292969,
                513.5081787109375,
                515.464111328125,
                516.2538452148438,
                520.0101318359375,
                522.25830078125,
                536.03173828125,
                543.0991821289062,
                548.0133666992188,
                569.0089721679688,
                594.9518432617188,
                623.4102783203125,
                635.2647705078125,
                706.0014038085938,
                989.2131958007812
            ],
            "prerec_auc": 0.7894326790233712
        }
    ]
}