weight,total_gain,total_cover,gain,cover,feature
3.0,23.4962158203125,529.30322265625,7.832071781158447,176.4344024658203,index
2.0,12.293212890625,230.8912353515625,6.1466064453125,115.44561767578125,AbsoluteBasophilCount_Avg_chronic
