weight,total_gain,total_cover,gain,cover,feature
1.0,2.4501953125,620.462158203125,2.4501953125,620.462158203125,LymphocytesPercentage_Avg_acute
1.0,2.521484375,613.4315185546875,2.521484375,613.4315185546875,NeutrophilsPercentage_Avg_chronic
3.0,17.23486328125,513.3741455078125,5.744954586029053,171.1247100830078,MeanCorpuscularHemoglobinConcentration_Avg_acute
1.0,3.0218505859375,314.4982604980469,3.0218505859375,314.4982604980469,MeanCorpuscularHemoglobinConcentration_Max_acute
1.0,1.2984619140625,567.3584594726562,1.2984619140625,567.3584594726562,MeanCorpuscularHemoglobinConcentration_Min_acute
1.0,2.2783203125,280.67047119140625,2.2783203125,280.67047119140625,WhiteBloodCellCount_Min_acute
1.0,1.3206787109375,394.62213134765625,1.3206787109375,394.62213134765625,MeanCorpuscularHemoglobin_Avg_acute
1.0,1.284515380859375,19.39924430847168,1.284515380859375,19.39924430847168,MeanCorpuscularVolume_Avg_acute
1.0,0.79168701171875,25.28535270690918,0.79168701171875,25.28535270690918,MeanCorpuscularVolume_Min_acute
1.0,0.562744140625,387.72552490234375,0.562744140625,387.72552490234375,BasophilsPercentage_Max_acute
1.0,7.6923980712890625,10.63084888458252,7.6923980712890625,10.63084888458252,BasophilsPercentage_Avg_chronic
1.0,6.950859069824219,13.053133010864258,6.950859069824219,13.053133010864258,BasophilsPercentage_Min_chronic
1.0,3.29852294921875,139.9149169921875,3.29852294921875,139.9149169921875,AbsoluteNeutrophilCount_Avg_acute
1.0,3.8543701171875,80.39488220214844,3.8543701171875,80.39488220214844,AbsoluteNeutrophilCount_Max_acute
1.0,2.4739990234375,194.00527954101562,2.4739990234375,194.00527954101562,AbsoluteNeutrophilCount_Min_acute
1.0,1.26708984375,599.3703002929688,1.26708984375,599.3703002929688,AbsoluteMonocyteCount_Max_acute
4.0,51.2052001953125,863.010498046875,12.801300048828125,215.75262451171875,AbsoluteBasophilCount_Avg_chronic
1.0,35.34375,51.46180725097656,35.34375,51.46180725097656,MeanPlateletVolume_Avg_acute
1.0,45.7366943359375,21.495328903198242,45.7366943359375,21.495328903198242,MeanPlateletVolume_Max_acute
7.0,159.60647583007812,743.4121704101562,22.80092430114746,106.20173645019531,MeanPlateletVolume_Min_acute
1.0,4.1822509765625,400.44061279296875,4.1822509765625,400.44061279296875,ThrombinTime_Avg_chronic
1.0,2.59521484375,606.40087890625,2.59521484375,606.40087890625,ProthrombinTime_Max_chronic
