weight,total_gain,total_cover,gain,cover,feature
7.0,46.4613037109375,1961.4437255859375,6.6373291015625,280.20623779296875,index
2.0,11.228759765625,300.7818298339844,5.6143798828125,150.3909149169922,AbsoluteBasophilCount_Avg_chronic
1.0,4.57373046875,170.78782653808594,4.57373046875,170.78782653808594,AbsoluteBasophilCount_Min_chronic
