weight,total_gain,total_cover,gain,cover,feature
6.0,53.2783203125,1290.917724609375,8.879719734191895,215.1529541015625,index
1.0,7.648193359375,106.1449966430664,7.648193359375,106.1449966430664,AbsoluteBasophilCount_Avg_chronic
