weight,total_gain,total_cover,gain,cover,feature
14.0,150.382080078125,22759.669921875,10.7415771484375,1625.690673828125,index
9.0,96.9151840209961,13863.2021484375,10.768353462219238,1540.3558349609375,MeanCorpuscularHemoglobinConcentration_Avg_acute
2.0,23.13193130493164,3335.86669921875,11.56596565246582,1667.933349609375,BasophilsPercentage_Min_chronic
4.0,50.71210861206055,4995.08203125,12.678027153015137,1248.7705078125,AbsoluteNeutrophilCount_Avg_acute
4.0,49.08436965942383,5009.048828125,12.271092414855957,1252.26220703125,AbsoluteNeutrophilCount_Min_acute
4.0,35.998512268066406,1885.0703125,8.999628067016602,471.267578125,AbsoluteMonocyteCount_Avg_acute
1.0,8.598743438720703,1108.3988037109375,8.598743438720703,1108.3988037109375,AbsoluteMonocyteCount_Max_acute
9.0,175.31866455078125,12890.90625,19.47985076904297,1432.3228759765625,MeanPlateletVolume_Max_acute
5.0,65.46615600585938,8230.525390625,13.093231201171875,1646.1051025390625,MeanPlateletVolume_Min_acute
1.0,9.19234848022461,1303.9635009765625,9.19234848022461,1303.9635009765625,EosinophilCountAbsolute_Avg_acute
6.0,80.77912902832031,7275.3046875,13.463188171386719,1212.55078125,Ro52_Avg_chronic
1.0,13.280223846435547,1213.1385498046875,13.280223846435547,1213.1385498046875,Ro52_Max_chronic
