weight,total_gain,total_cover,gain,cover,feature
17.0,145.6644287109375,28161.8203125,8.568495750427246,1656.57763671875,index
14.0,115.32366180419922,21654.818359375,8.237404823303223,1546.772705078125,MeanCorpuscularHemoglobinConcentration_Avg_acute
1.0,5.81397819519043,1144.12548828125,5.81397819519043,1144.12548828125,WhiteBloodCellCount_Max_acute
3.0,18.892425537109375,1115.992431640625,6.297475337982178,371.9974670410156,BasophilsPercentage_Min_chronic
5.0,40.66825866699219,3316.50048828125,8.133651733398438,663.3001098632812,AbsoluteNeutrophilCount_Avg_acute
2.0,13.557645797729492,1401.0322265625,6.778822898864746,700.51611328125,AbsoluteNeutrophilCount_Max_acute
11.0,91.99398040771484,12376.248046875,8.363089561462402,1125.1134033203125,AbsoluteNeutrophilCount_Min_acute
8.0,64.3701400756836,4442.373046875,8.04626750946045,555.296630859375,AbsoluteMonocyteCount_Avg_acute
2.0,14.873492240905762,949.2132568359375,7.436746120452881,474.60662841796875,AbsoluteMonocyteCount_Max_acute
2.0,15.905378341674805,2736.5263671875,7.952689170837402,1368.26318359375,AbsoluteEosinophilCount_Avg_acute
9.0,174.2633056640625,14314.6220703125,19.36258888244629,1590.5135498046875,MeanPlateletVolume_Max_acute
9.0,93.63788604736328,15068.052734375,10.40420913696289,1674.22802734375,MeanPlateletVolume_Min_acute
1.0,6.075655460357666,369.7705383300781,6.075655460357666,369.7705383300781,MeanPlateletVolume_Max_chronic
1.0,8.951261520385742,1109.3935546875,8.951261520385742,1109.3935546875,PlateletDistributionWidth_Max_acute
1.0,6.587055206298828,1369.7213134765625,6.587055206298828,1369.7213134765625,RedCellDistributionWidthCV_Min_acute
8.0,99.99442291259766,9792.3984375,12.499302864074707,1224.0498046875,Ro52_Avg_chronic
1.0,13.301219940185547,1213.1611328125,13.301219940185547,1213.1611328125,Ro52_Max_chronic
2.0,12.05290412902832,2831.125,6.02645206451416,1415.5625,ThrombinTime_Max_chronic
