weight,total_gain,total_cover,gain,cover,feature
9.0,45.21066665649414,1099.5230712890625,5.023407459259033,122.16922760009766,index
1.0,4.872211456298828,49.935665130615234,4.872211456298828,49.935665130615234,EosinophilsPercentage_Min_chronic
7.0,34.28327178955078,401.7770080566406,4.897610187530518,57.3967170715332,BasophilsPercentage_Min_chronic
1.0,5.114034652709961,79.70478057861328,5.114034652709961,79.70478057861328,AbsoluteNeutrophilCount_Max_acute
9.0,53.603031158447266,436.271484375,5.955892562866211,48.474609375,MeanPlateletVolume_Max_acute
6.0,30.298202514648438,631.7311401367188,5.0497002601623535,105.28852081298828,MeanPlateletVolume_Min_acute
