weight,total_gain,total_cover,gain,cover,feature
6.0,31.089353561401367,808.5963134765625,5.181559085845947,134.76605224609375,index
7.0,35.46757507324219,401.5947265625,5.06679630279541,57.37067413330078,BasophilsPercentage_Min_chronic
10.0,61.77521514892578,471.98248291015625,6.177521705627441,47.19824981689453,MeanPlateletVolume_Max_acute
6.0,30.77377700805664,602.6656494140625,5.128962993621826,100.44427490234375,MeanPlateletVolume_Min_acute
