weight,total_gain,total_cover,gain,cover,feature
5.0,67.8499755859375,3681.240234375,13.569994926452637,736.248046875,EosinophilsPercentage_Min_acute
6.0,75.58802032470703,4437.2587890625,12.598003387451172,739.5431518554688,EosinophilsPercentage_Avg_acute
