weight,total_gain,total_cover,gain,cover,feature
10.0,63.3551025390625,4432.44580078125,6.33551025390625,443.24456787109375,index
4.0,21.0404052734375,1055.2275390625,5.260101318359375,263.806884765625,AbsoluteBasophilCount_Avg_chronic
3.0,16.3538818359375,398.99407958984375,5.4512939453125,132.99803161621094,AbsoluteBasophilCount_Max_chronic
2.0,14.2313232421875,374.6030578613281,7.11566162109375,187.30152893066406,AbsoluteBasophilCount_Min_chronic
2.0,13.4124755859375,122.4749755859375,6.70623779296875,61.23748779296875,MeanPlateletVolume_Avg_acute
5.0,21.37744140625,293.4841003417969,4.275488376617432,58.69681930541992,MeanPlateletVolume_Max_acute
7.0,39.9156494140625,664.349365234375,5.702235698699951,94.90705108642578,MeanPlateletVolume_Min_acute
