weight,total_gain,total_cover,gain,cover,feature
2.0,22.50834846496582,604.2755126953125,11.25417423248291,302.13775634765625,MeanCorpuscularHemoglobinConcentration_Max_preclinical
1.0,9.375936508178711,696.0944213867188,9.375936508178711,696.0944213867188,WhiteBloodCellCount_Max_acute
2.0,18.7158260345459,1392.10302734375,9.35791301727295,696.051513671875,WhiteBloodCellCount_Avg_acute
1.0,9.100942611694336,573.4711303710938,9.100942611694336,573.4711303710938,RedBloodCellCount_Max_preclinical
2.0,20.968021392822266,754.1491088867188,10.484010696411133,377.0745544433594,BasophilsPercentage_Min_acute
