weight,total_gain,total_cover,gain,cover,feature
25.0,212.45921325683594,42154.97265625,8.498368263244629,1686.1988525390625,index
8.0,67.01734161376953,13051.9658203125,8.377167701721191,1631.4957275390625,MeanCorpuscularHemoglobinConcentration_Avg_acute
4.0,29.55402374267578,6599.97607421875,7.388505935668945,1649.9940185546875,MeanCorpuscularHemoglobinConcentration_Max_acute
7.0,51.800655364990234,6570.5537109375,7.4000935554504395,938.6505126953125,BasophilsPercentage_Min_chronic
2.0,10.453241348266602,516.58056640625,5.226620674133301,258.290283203125,AbsoluteNeutrophilCount_Avg_acute
9.0,79.98786926269531,13215.72265625,8.887540817260742,1468.41357421875,AbsoluteNeutrophilCount_Max_acute
11.0,65.42752075195312,13530.025390625,5.947956562042236,1230.0023193359375,AbsoluteNeutrophilCount_Min_acute
4.0,24.716930389404297,6757.7265625,6.179232597351074,1689.431640625,AbsoluteMonocyteCount_Avg_acute
1.0,5.045425891876221,1481.953369140625,5.045425891876221,1481.953369140625,AbsoluteEosinophilCount_Min_acute
2.0,20.069143295288086,2520.80029296875,10.034571647644043,1260.400146484375,AbsoluteEosinophilCount_Min_chronic
1.0,5.203570365905762,360.0458068847656,5.203570365905762,360.0458068847656,AbsoluteBasophilCount_Min_chronic
13.0,229.49557495117188,18685.923828125,17.653505325317383,1437.3787841796875,MeanPlateletVolume_Max_acute
8.0,71.969970703125,13629.384765625,8.996246337890625,1703.673095703125,MeanPlateletVolume_Min_acute
1.0,6.398684024810791,374.031005859375,6.398684024810791,374.031005859375,MeanPlateletVolume_Max_chronic
1.0,5.150889873504639,1476.6563720703125,5.150889873504639,1476.6563720703125,RedCellDistributionWidthCV_Min_acute
3.0,18.86939239501953,4323.75390625,6.289797306060791,1441.2513427734375,EosinophilCountAbsolute_Min_acute
5.0,65.67804718017578,6095.76220703125,13.13560962677002,1219.1524658203125,Ro52_Avg_chronic
2.0,27.565858840942383,2416.4140625,13.782929420471191,1208.20703125,Ro52_Max_chronic
1.0,7.304235458374023,1407.57177734375,7.304235458374023,1407.57177734375,ThrombinTime_Max_chronic
