{
    "roc_auc": [
        {
            "binary_threshold": 42,
            "fpr": [
                0.0,
                0.0,
                0.043478260869565216,
                0.043478260869565216,
                0.043478260869565216,
                0.08695652173913043,
                0.08695652173913043,
                0.13043478260869565,
                0.13043478260869565,
                0.17391304347826086,
                0.17391304347826086,
                0.21739130434782608,
                0.21739130434782608,
                0.391304347826087,
                0.391304347826087,
                0.6521739130434783,
                0.6521739130434783,
                0.6956521739130435,
                0.6956521739130435,
                0.8260869565217391,
                0.8260869565217391,
                1.0
            ],
            "tpr": [
                0.0,
                0.04,
                0.04,
                0.4,
                0.48,
                0.48,
                0.52,
                0.52,
                0.64,
                0.64,
                0.72,
                0.72,
                0.84,
                0.84,
                0.88,
                0.88,
                0.92,
                0.92,
                0.96,
                0.96,
                1.0,
                1.0
            ],
            "thresholds": [
                Infinity,
                709.2935791015625,
                615.4019165039062,
                385.3591613769531,
                377.7624816894531,
                376.1816101074219,
                373.24676513671875,
                368.7978515625,
                305.7236328125,
                291.9293212890625,
                200.35398864746094,
                164.5259246826172,
                90.87224578857422,
                71.58177947998047,
                51.423240661621094,
                30.964153289794922,
                30.855751037597656,
                29.79311180114746,
                27.788339614868164,
                20.64990234375,
                17.236440658569336,
                11.021998405456543
            ],
            "roc_auc": 0.8191304347826086
        }
    ],
    "prerec_auc": [
        {
            "binary_threshold": 42,
            "precision": [
                0.5208333333333334,
                0.5319148936170213,
                0.5434782608695652,
                0.5555555555555556,
                0.5681818181818182,
                0.5581395348837209,
                0.5714285714285714,
                0.5853658536585366,
                0.6,
                0.5897435897435898,
                0.6052631578947368,
                0.5945945945945946,
                0.6111111111111112,
                0.6285714285714286,
                0.6470588235294118,
                0.6666666666666666,
                0.6875,
                0.7096774193548387,
                0.7,
                0.7241379310344828,
                0.75,
                0.7777777777777778,
                0.8076923076923077,
                0.8,
                0.7916666666666666,
                0.782608695652174,
                0.8181818181818182,
                0.8095238095238095,
                0.8,
                0.8421052631578947,
                0.8333333333333334,
                0.8235294117647058,
                0.8125,
                0.8666666666666667,
                0.8571428571428571,
                0.9230769230769231,
                0.9090909090909091,
                0.9,
                0.8888888888888888,
                0.875,
                0.8571428571428571,
                0.8333333333333334,
                0.8,
                0.75,
                0.6666666666666666,
                0.5,
                1.0,
                1.0
            ],
            "recall": [
                1.0,
                1.0,
                1.0,
                1.0,
                1.0,
                0.96,
                0.96,
                0.96,
                0.96,
                0.92,
                0.92,
                0.88,
                0.88,
                0.88,
                0.88,
                0.88,
                0.88,
                0.88,
                0.84,
                0.84,
                0.84,
                0.84,
                0.84,
                0.8,
                0.76,
                0.72,
                0.72,
                0.68,
                0.64,
                0.64,
                0.6,
                0.56,
                0.52,
                0.52,
                0.48,
                0.48,
                0.4,
                0.36,
                0.32,
                0.28,
                0.24,
                0.2,
                0.16,
                0.12,
                0.08,
                0.04,
                0.04,
                0.0
            ],
            "thresholds": [
                11.021998405456543,
                13.031011581420898,
                15.593744277954102,
                16.613964080810547,
                17.236440658569336,
                20.64990234375,
                21.890033721923828,
                22.856630325317383,
                27.788339614868164,
                29.79311180114746,
                30.855751037597656,
                30.964153289794922,
                31.376548767089844,
                33.31852340698242,
                36.56756591796875,
                43.138824462890625,
                47.262306213378906,
                51.423240661621094,
                71.58177947998047,
                74.62755584716797,
                74.92821502685547,
                84.51468658447266,
                90.87224578857422,
                154.657958984375,
                155.20648193359375,
                164.5259246826172,
                200.35398864746094,
                264.1452331542969,
                291.9293212890625,
                305.7236328125,
                312.73486328125,
                338.5798034667969,
                368.7978515625,
                373.24676513671875,
                376.1816101074219,
                377.7624816894531,
                385.3591613769531,
                387.1509704589844,
                389.7626037597656,
                401.4883117675781,
                480.78656005859375,
                485.0480651855469,
                541.9818115234375,
                549.3318481445312,
                608.9447021484375,
                615.4019165039062,
                709.2935791015625
            ],
            "prerec_auc": 0.7968818846242822
        }
    ]
}