weight,total_gain,total_cover,gain,cover,feature
5.0,45.149085998535156,2471.25390625,9.029817581176758,494.25079345703125,WhiteBloodCellCount_Max_acute
1.0,8.854244232177734,522.356689453125,8.854244232177734,522.356689453125,WhiteBloodCellCount_Min_acute
3.0,25.96441650390625,1640.93603515625,8.654805183410645,546.9786987304688,WhiteBloodCellCount_Avg_acute
1.0,7.235483169555664,369.9937438964844,7.235483169555664,369.9937438964844,WhiteBloodCellCount_Max_preclinical
12.0,142.74647521972656,8694.765625,11.895539283752441,724.5637817382812,MeanCorpuscularVolume_Max_acute
2.0,30.164234161376953,1414.9425048828125,15.082117080688477,707.4712524414062,MeanCorpuscularVolume_Min_acute
6.0,63.047637939453125,4348.7412109375,10.507939338684082,724.7902221679688,Nucleosome_Max_acute
3.0,27.58908462524414,2190.3173828125,9.196361541748047,730.1057739257812,Nucleosome_Min_acute
