weight,total_gain,total_cover,gain,cover,feature
2.0,9.55078125,711.670166015625,4.775390625,355.8350830078125,index
