weight,total_gain,total_cover,gain,cover,feature
14.0,144.0159149169922,22855.03125,10.286850929260254,1632.502197265625,index
9.0,91.84097290039062,13936.6171875,10.20455265045166,1548.5130615234375,MeanCorpuscularHemoglobinConcentration_Avg_acute
2.0,24.651966094970703,3303.716796875,12.325983047485352,1651.8583984375,BasophilsPercentage_Min_chronic
4.0,46.32149124145508,4300.123046875,11.58037281036377,1075.03076171875,AbsoluteNeutrophilCount_Avg_acute
5.0,55.56806182861328,6348.22216796875,11.113612174987793,1269.6444091796875,AbsoluteNeutrophilCount_Min_acute
4.0,35.627532958984375,1885.67626953125,8.906883239746094,471.4190673828125,AbsoluteMonocyteCount_Avg_acute
2.0,16.771533966064453,1580.943603515625,8.385766983032227,790.4718017578125,AbsoluteMonocyteCount_Max_acute
10.0,191.8619842529297,14507.681640625,19.186199188232422,1450.7681884765625,MeanPlateletVolume_Max_acute
4.0,55.399925231933594,6540.9375,13.849981307983398,1635.234375,MeanPlateletVolume_Min_acute
1.0,9.117599487304688,1304.5699462890625,9.117599487304688,1304.5699462890625,EosinophilCountAbsolute_Avg_acute
7.0,90.04301452636719,8541.990234375,12.863287925720215,1220.2843017578125,Ro52_Avg_chronic
1.0,13.301219940185547,1213.1611328125,13.301219940185547,1213.1611328125,Ro52_Max_chronic
