weight,total_gain,total_cover,gain,cover,feature
3.0,25.45948600769043,2242.0439453125,8.486495018005371,747.3479614257812,WhiteBloodCellCount_Max_acute
2.0,15.468825340270996,1522.282470703125,7.734412670135498,761.1412353515625,WhiteBloodCellCount_Avg_acute
