weight,total_gain,total_cover,gain,cover,feature
14.0,50.78273010253906,2554.173583984375,3.62733793258667,182.4409637451172,index
3.0,11.488319396972656,310.1448974609375,3.829439878463745,103.38162994384766,MeanCorpuscularHemoglobinConcentration_Avg_acute
1.0,3.7053489685058594,85.15921783447266,3.7053489685058594,85.15921783447266,MeanCorpuscularHemoglobinConcentration_Max_acute
1.0,3.3187055587768555,47.9136962890625,3.3187055587768555,47.9136962890625,MeanCorpuscularHemoglobin_Min_chronic
1.0,3.3476412296295166,55.497108459472656,3.3476412296295166,55.497108459472656,MeanCorpuscularVolume_Min_acute
1.0,3.3203461170196533,56.8461799621582,3.3203461170196533,56.8461799621582,EosinophilsPercentage_Min_chronic
11.0,37.066795349121094,858.2406616210938,3.369708776473999,78.02188110351562,BasophilsPercentage_Min_chronic
2.0,7.217964172363281,217.40457153320312,3.6089820861816406,108.70228576660156,AbsoluteNeutrophilCount_Max_acute
3.0,10.7569580078125,328.2850646972656,3.5856525897979736,109.42835235595703,AbsoluteNeutrophilCount_Min_acute
12.0,48.67838668823242,664.9671020507812,4.056532382965088,55.41392517089844,MeanPlateletVolume_Max_acute
10.0,37.324859619140625,1337.0211181640625,3.7324860095977783,133.70211791992188,MeanPlateletVolume_Min_acute
2.0,7.522443771362305,51.95056915283203,3.7612218856811523,25.975284576416016,MeanPlateletVolume_Min_chronic
2.0,6.643024921417236,98.78549194335938,3.321512460708618,49.39274597167969,Plateletcrit_Max_acute
