weight,total_gain,total_cover,gain,cover,feature
5.0,20.535215377807617,320.6709899902344,4.107043266296387,64.13420104980469,MeanCorpuscularHemoglobin_Max_acute
1.0,4.060327529907227,71.29638671875,4.060327529907227,71.29638671875,MeanCorpuscularHemoglobin_Min_acute
1.0,4.091293811798096,76.36050415039062,4.091293811798096,76.36050415039062,MeanCorpuscularHemoglobin_Avg_acute
