{
    "max_depth": 9,
    "min_child_weight": 8.15211754450686,
    "gamma": 0.22127857348685306,
    "colsample_bytree": 0.2793943121511749,
    "learning_rate": 0.1,
    "alpha": 0.01,
    "objective": "count:poisson",
    "num_boost_round": 800,
    "custom_metric": "prerec_auc",
    "scale_factor": 25,
    "log_transform": "None",
    "early_stopping_rounds": 50,
    "group": "2-6",
    "loss": 209554948096.0,
    "max_roc_auc": 0.5228937728937729,
    "max_prerec_auc": 0.7451778267314821,
    "sequence_id": 0
}