weight,total_gain,total_cover,gain,cover,feature
3.0,7.350616455078125,104.35291290283203,2.4502055644989014,34.784305572509766,NeutrophilsPercentage_Max_acute
3.0,7.333240509033203,106.59964752197266,2.444413423538208,35.5332145690918,MeanCorpuscularHemoglobin_Max_preclinical
1.0,2.4753732681274414,47.1212272644043,2.4753732681274414,47.1212272644043,MeanCorpuscularVolume_Max_preclinical
3.0,7.423381805419922,177.29298400878906,2.4744606018066406,59.097660064697266,EosinophilsPercentage_Avg_acute
2.0,4.913402557373047,70.87429809570312,2.4567012786865234,35.43714904785156,AbsoluteMonocyteCount_Max_preclinical
