weight,total_gain,total_cover,gain,cover,feature
1.0,5.3997802734375,320.963623046875,5.3997802734375,320.963623046875,AbsoluteEosinophilCount_Min_chronic
2.0,19.8309326171875,357.02239990234375,9.91546630859375,178.51119995117188,RedCellDistributionWidthCV_Avg_chronic
3.0,35.76416015625,484.6356201171875,11.92138671875,161.5452117919922,RedCellDistributionWidthCV_Max_chronic
3.0,30.7847900390625,183.46737670898438,10.2615966796875,61.155792236328125,RedCellDistributionWidthCV_Min_chronic
1.0,8.8680419921875,270.96453857421875,8.8680419921875,270.96453857421875,CReactiveProtein_Avg_acute
2.0,10.76904296875,1016.1990966796875,5.384521484375,508.09954833984375,CReactiveProtein_Min_acute
