weight,total_gain,total_cover,gain,cover,feature
18.0,61.133583068847656,3182.07373046875,3.3963100910186768,176.78187561035156,index
1.0,2.360684394836426,47.97367477416992,2.360684394836426,47.97367477416992,LymphocytesPercentage_Min_acute
8.0,23.9732666015625,941.9210205078125,2.9966583251953125,117.74012756347656,MeanCorpuscularHemoglobinConcentration_Avg_acute
3.0,9.416902542114258,313.9225769042969,3.138967514038086,104.64086151123047,MeanCorpuscularHemoglobinConcentration_Max_acute
3.0,7.097286701202393,176.77313232421875,2.365762233734131,58.92437744140625,MeanCorpuscularHemoglobin_Min_chronic
2.0,4.720954895019531,106.24533081054688,2.3604774475097656,53.12266540527344,EosinophilsPercentage_Min_chronic
13.0,36.492061614990234,1048.0350341796875,2.807081699371338,80.61808013916016,BasophilsPercentage_Min_chronic
6.0,17.59551429748535,752.3491821289062,2.9325857162475586,125.39153289794922,AbsoluteNeutrophilCount_Max_acute
6.0,16.7183895111084,808.9978637695312,2.78639817237854,134.83297729492188,AbsoluteNeutrophilCount_Min_acute
1.0,3.1310791969299316,34.52099609375,3.1310791969299316,34.52099609375,AbsoluteMonocyteCount_Avg_acute
1.0,2.4942893981933594,51.138580322265625,2.4942893981933594,51.138580322265625,MeanPlateletVolume_Avg_acute
12.0,38.98705291748047,626.6071166992188,3.2489211559295654,52.21725845336914,MeanPlateletVolume_Max_acute
13.0,40.82274627685547,1640.5262451171875,3.140211343765259,126.19432830810547,MeanPlateletVolume_Min_acute
3.0,7.540542125701904,98.98074340820312,2.5135140419006348,32.99357986450195,MeanPlateletVolume_Min_chronic
3.0,7.106743812561035,170.5255126953125,2.3689146041870117,56.84183883666992,Plateletcrit_Max_acute
