weight,total_gain,total_cover,gain,cover,feature
53.0,506.343017578125,10400.37109375,9.553642272949219,196.23341369628906,index
6.0,42.3980712890625,733.06396484375,7.06634521484375,122.17733001708984,AbsoluteBasophilCount_Avg_chronic
1.0,7.869873046875,108.73307037353516,7.869873046875,108.73307037353516,AbsoluteBasophilCount_Min_chronic
