weight,total_gain,total_cover,gain,cover,feature
1.0,9.07199764251709,630.2491455078125,9.07199764251709,630.2491455078125,MonocytesPercentage_Min_acute
1.0,10.222726821899414,1146.8421630859375,10.222726821899414,1146.8421630859375,WhiteBloodCellCount_Max_acute
1.0,9.575077056884766,1151.8365478515625,9.575077056884766,1151.8365478515625,WhiteBloodCellCount_Avg_acute
2.0,25.15609359741211,2250.459716796875,12.578046798706055,1125.2298583984375,AbsoluteNeutrophilCount_Max_acute
1.0,11.61085319519043,1131.033203125,11.61085319519043,1131.033203125,AbsoluteNeutrophilCount_Min_acute
4.0,46.71166229248047,4543.7578125,11.677915573120117,1135.939453125,AbsoluteNeutrophilCount_Avg_acute
