weight,total_gain,total_cover,gain,cover,feature
10.0,51.38383865356445,2079.02880859375,5.138383865356445,207.9028778076172,index
6.0,26.800487518310547,1086.1373291015625,4.466747760772705,181.02288818359375,MeanCorpuscularHemoglobinConcentration_Avg_acute
3.0,13.878360748291016,484.204833984375,4.626120090484619,161.401611328125,MeanCorpuscularHemoglobinConcentration_Max_acute
1.0,4.122414588928223,80.83226013183594,4.122414588928223,80.83226013183594,MeanCorpuscularHemoglobin_Min_chronic
12.0,51.86093521118164,1502.3870849609375,4.321744441986084,125.19892120361328,BasophilsPercentage_Min_chronic
6.0,27.567977905273438,1140.125,4.594663143157959,190.0208282470703,AbsoluteNeutrophilCount_Max_acute
4.0,17.144575119018555,838.9937133789062,4.286143779754639,209.74842834472656,AbsoluteNeutrophilCount_Min_acute
2.0,10.094270706176758,91.1412353515625,5.047135353088379,45.57061767578125,AbsoluteMonocyteCount_Avg_acute
13.0,67.35852813720703,1130.2803955078125,5.181425094604492,86.94464874267578,MeanPlateletVolume_Max_acute
9.0,44.435359954833984,1445.6676025390625,4.937262058258057,160.62973022460938,MeanPlateletVolume_Min_acute
1.0,4.566380023956299,41.15431594848633,4.566380023956299,41.15431594848633,MeanPlateletVolume_Min_chronic
2.0,8.191612243652344,161.7958984375,4.095806121826172,80.89794921875,Plateletcrit_Max_acute
