{
    "roc_auc": [
        {
            "binary_threshold": 42,
            "fpr": [
                0.0,
                0.0,
                0.0,
                0.05263157894736842,
                0.05263157894736842,
                0.10526315789473684,
                0.10526315789473684,
                0.2631578947368421,
                0.2631578947368421,
                0.5789473684210527,
                0.5789473684210527,
                0.631578947368421,
                0.631578947368421,
                0.7368421052631579,
                0.7368421052631579,
                0.8947368421052632,
                0.8947368421052632,
                1.0
            ],
            "tpr": [
                0.0,
                0.05,
                0.35,
                0.35,
                0.5,
                0.5,
                0.55,
                0.55,
                0.65,
                0.65,
                0.7,
                0.7,
                0.9,
                0.9,
                0.95,
                0.95,
                1.0,
                1.0
            ],
            "thresholds": [
                Infinity,
                696.2401123046875,
                288.70068359375,
                259.01104736328125,
                175.3430938720703,
                148.6361083984375,
                145.54588317871094,
                85.92118835449219,
                71.06270599365234,
                47.84324645996094,
                44.25994110107422,
                40.984840393066406,
                23.813922882080078,
                20.5118408203125,
                19.930768966674805,
                13.715285301208496,
                11.399267196655273,
                10.61953067779541
            ],
            "roc_auc": 0.7236842105263158
        }
    ],
    "prerec_auc": [
        {
            "binary_threshold": 42,
            "precision": [
                0.5128205128205128,
                0.5263157894736842,
                0.5405405405405406,
                0.5277777777777778,
                0.5428571428571428,
                0.5588235294117647,
                0.5757575757575758,
                0.5625,
                0.5806451612903226,
                0.6,
                0.5862068965517241,
                0.5714285714285714,
                0.5555555555555556,
                0.5384615384615384,
                0.56,
                0.5416666666666666,
                0.5652173913043478,
                0.5909090909090909,
                0.6190476190476191,
                0.65,
                0.6842105263157895,
                0.7222222222222222,
                0.7058823529411765,
                0.6875,
                0.7333333333333333,
                0.7857142857142857,
                0.8461538461538461,
                0.8333333333333334,
                0.9090909090909091,
                0.9,
                0.8888888888888888,
                0.875,
                1.0,
                1.0,
                1.0,
                1.0,
                1.0,
                1.0,
                1.0,
                1.0
            ],
            "recall": [
                1.0,
                1.0,
                1.0,
                0.95,
                0.95,
                0.95,
                0.95,
                0.9,
                0.9,
                0.9,
                0.85,
                0.8,
                0.75,
                0.7,
                0.7,
                0.65,
                0.65,
                0.65,
                0.65,
                0.65,
                0.65,
                0.65,
                0.6,
                0.55,
                0.55,
                0.55,
                0.55,
                0.5,
                0.5,
                0.45,
                0.4,
                0.35,
                0.35,
                0.3,
                0.25,
                0.2,
                0.15,
                0.1,
                0.05,
                0.0
            ],
            "thresholds": [
                10.61953067779541,
                11.316155433654785,
                11.399267196655273,
                13.715285301208496,
                14.934087753295898,
                15.80575180053711,
                19.930768966674805,
                20.5118408203125,
                20.972064971923828,
                23.813922882080078,
                24.977428436279297,
                33.32349395751953,
                37.389244079589844,
                40.984840393066406,
                44.25994110107422,
                47.84324645996094,
                49.410186767578125,
                55.249813079833984,
                56.403072357177734,
                64.09554290771484,
                68.0543212890625,
                71.06270599365234,
                80.59659576416016,
                85.92118835449219,
                91.75496673583984,
                94.35293579101562,
                145.54588317871094,
                148.6361083984375,
                175.3430938720703,
                178.09803771972656,
                252.90492248535156,
                259.01104736328125,
                288.70068359375,
                295.958251953125,
                321.3524169921875,
                451.0399475097656,
                552.3031616210938,
                571.5071411132812,
                696.2401123046875
            ],
            "prerec_auc": 0.7933982235184063
        }
    ]
}