weight,total_gain,total_cover,gain,cover,feature
1.0,8.607270240783691,1136.663330078125,8.607270240783691,1136.663330078125,EosinophilsPercentage_Min_acute
1.0,8.825932502746582,1112.32470703125,8.825932502746582,1112.32470703125,RedCellDistributionWidthCV_Min_preclinical
