weight,total_gain,total_cover,gain,cover,feature
7.0,68.62332153320312,5926.931640625,9.80333137512207,846.7045288085938,PlateletCount_Max_preclinical
8.0,80.76084899902344,6781.3046875,10.09510612487793,847.6630859375,PlateletCount_Avg_preclinical
8.0,70.40493774414062,6246.0830078125,8.800617218017578,780.7603759765625,WhiteBloodCellCount_Max_acute
1.0,7.176506042480469,749.381103515625,7.176506042480469,749.381103515625,WhiteBloodCellCount_Min_acute
1.0,8.925272941589355,745.0453491210938,8.925272941589355,745.0453491210938,WhiteBloodCellCount_Avg_acute
1.0,7.254715919494629,843.63134765625,7.254715919494629,843.63134765625,MeanCorpuscularVolume_Max_acute
1.0,7.120662689208984,868.8135375976562,7.120662689208984,868.8135375976562,Plateletcrit_Max_preclinical
1.0,9.820661544799805,690.5353393554688,9.820661544799805,690.5353393554688,Plateletcrit_Min_preclinical
1.0,8.161429405212402,832.5409545898438,8.161429405212402,832.5409545898438,CReactiveProtein_Min_acute
