weight,total_gain,total_cover,gain,cover,feature
1.0,7.408903121948242,886.4031372070312,7.408903121948242,886.4031372070312,MeanCorpuscularHemoglobinConcentration_Max_preclinical
2.0,15.784754753112793,2074.72998046875,7.8923773765563965,1037.364990234375,WhiteBloodCellCount_Min_acute
