weight,total_gain,total_cover,gain,cover,feature
14.0,51.773529052734375,2431.290283203125,3.6981091499328613,173.66358947753906,index
1.0,3.8391799926757812,107.27386474609375,3.8391799926757812,107.27386474609375,MeanCorpuscularHemoglobinConcentration_Avg_acute
3.0,11.251789093017578,260.8439636230469,3.750596284866333,86.94799041748047,MeanCorpuscularHemoglobinConcentration_Max_acute
1.0,3.5406501293182373,44.32075500488281,3.5406501293182373,44.32075500488281,MeanCorpuscularHemoglobin_Min_chronic
1.0,3.5604066848754883,52.05909729003906,3.5604066848754883,52.05909729003906,MeanCorpuscularVolume_Min_acute
1.0,3.5488243103027344,56.719573974609375,3.5488243103027344,56.719573974609375,EosinophilsPercentage_Min_chronic
10.0,35.72196960449219,718.8883056640625,3.5721969604492188,71.88883209228516,BasophilsPercentage_Min_chronic
4.0,14.900344848632812,412.0347900390625,3.725086212158203,103.00869750976562,AbsoluteNeutrophilCount_Max_acute
1.0,3.6999664306640625,113.2202377319336,3.6999664306640625,113.2202377319336,AbsoluteNeutrophilCount_Min_acute
9.0,40.089500427246094,437.8760986328125,4.4543890953063965,48.65290069580078,MeanPlateletVolume_Max_acute
11.0,42.018192291259766,1371.876953125,3.819835662841797,124.7160873413086,MeanPlateletVolume_Min_acute
2.0,8.231927871704102,48.06276321411133,4.115963935852051,24.031381607055664,MeanPlateletVolume_Min_chronic
1.0,3.5381178855895996,46.694488525390625,3.5381178855895996,46.694488525390625,Plateletcrit_Max_acute
