weight,total_gain,total_cover,gain,cover,feature
1.0,3.4662442207336426,1274.2373046875,3.4662442207336426,1274.2373046875,index
1.0,4.471768379211426,1240.8084716796875,4.471768379211426,1240.8084716796875,MonocytesPercentage_Avg_acute
1.0,5.105621337890625,1039.0494384765625,5.105621337890625,1039.0494384765625,MeanCorpuscularHemoglobinConcentration_Max_preclinical
1.0,5.24385929107666,1068.8780517578125,5.24385929107666,1068.8780517578125,PlateletCount_Max_preclinical
4.0,23.694299697875977,4921.2509765625,5.923574924468994,1230.312744140625,WhiteBloodCellCount_Max_acute
1.0,4.198657035827637,1138.7265625,4.198657035827637,1138.7265625,WhiteBloodCellCount_Min_acute
1.0,4.053536415100098,1114.330810546875,4.053536415100098,1114.330810546875,RedBloodCellCount_Max_preclinical
1.0,4.776432514190674,1221.2022705078125,4.776432514190674,1221.2022705078125,RedCellDistributionWidth_Avg_acute
1.0,3.390028238296509,1301.3026123046875,3.390028238296509,1301.3026123046875,EosinophilCountAbsolute_Max_acute
1.0,3.595750331878662,1204.9912109375,3.595750331878662,1204.9912109375,EosinophilCountAbsolute_Min_preclinical
1.0,4.46714973449707,1028.8758544921875,4.46714973449707,1028.8758544921875,CReactiveProtein_Max_preclinical
