weight,total_gain,total_cover,gain,cover,feature
2.0,12.27252197265625,210.0203857421875,6.136260986328125,105.01019287109375,index
2.0,10.879136085510254,109.0417709350586,5.439568042755127,54.5208854675293,BasophilsPercentage_Min_chronic
2.0,13.432564735412598,106.23817443847656,6.716282367706299,53.11908721923828,MeanPlateletVolume_Max_acute
1.0,5.972503662109375,103.31817626953125,5.972503662109375,103.31817626953125,MeanPlateletVolume_Min_acute
