weight,total_gain,total_cover,gain,cover,feature
1.0,9.62823486328125,851.7381591796875,9.62823486328125,851.7381591796875,RedCellDistributionWidthCV_Max_acute
