weight,total_gain,total_cover,gain,cover,feature
4.0,39.79955291748047,1622.432373046875,9.949888229370117,405.60809326171875,PlateletCount_Max_acute
6.0,66.77826690673828,3623.65625,11.129711151123047,603.9426879882812,MeanCorpuscularHemoglobin_Max_acute
1.0,13.0249662399292,594.1312255859375,13.0249662399292,594.1312255859375,MeanCorpuscularHemoglobin_Min_acute
