weight,total_gain,total_cover,gain,cover,feature
2.0,4.253774642944336,26.334636688232422,2.126887321472168,13.167318344116211,NeutrophilsPercentage_Max_acute
6.0,15.334249496459961,125.84803771972656,2.555708169937134,20.974672317504883,MeanCorpuscularHemoglobin_Max_acute
7.0,15.803672790527344,213.6932830810547,2.2576675415039062,30.527612686157227,MeanCorpuscularHemoglobin_Min_acute
5.0,11.885791778564453,106.79007720947266,2.3771584033966064,21.358015060424805,MeanCorpuscularHemoglobin_Avg_acute
1.0,2.1443352699279785,11.812361717224121,2.1443352699279785,11.812361717224121,RedBloodCellCount_Max_preclinical
1.0,2.1158676147460938,12.821990013122559,2.1158676147460938,12.821990013122559,AbsoluteMonocyteCount_Max_preclinical
