weight,total_gain,total_cover,gain,cover,feature
14.0,51.77742004394531,2434.63232421875,3.6983871459960938,173.90231323242188,index
2.0,7.832389831542969,191.345703125,3.9161949157714844,95.6728515625,MeanCorpuscularHemoglobinConcentration_Avg_acute
2.0,7.409767150878906,183.58294677734375,3.704883575439453,91.79147338867188,MeanCorpuscularHemoglobinConcentration_Max_acute
1.0,3.582730531692505,45.19706344604492,3.582730531692505,45.19706344604492,MeanCorpuscularVolume_Min_acute
1.0,3.5804100036621094,46.42204284667969,3.5804100036621094,46.42204284667969,EosinophilsPercentage_Min_chronic
10.0,36.24801254272461,704.0740356445312,3.6248011589050293,70.40740203857422,BasophilsPercentage_Min_chronic
3.0,11.06705093383789,325.8647766113281,3.6890170574188232,108.62158966064453,AbsoluteNeutrophilCount_Max_acute
2.0,7.399696350097656,202.55914306640625,3.699848175048828,101.27957153320312,AbsoluteNeutrophilCount_Min_acute
1.0,3.5772345066070557,20.51699447631836,3.5772345066070557,20.51699447631836,MeanPlateletVolume_Avg_acute
12.0,50.969486236572266,607.2186279296875,4.247457027435303,50.6015510559082,MeanPlateletVolume_Max_acute
9.0,34.21013641357422,1253.122802734375,3.80112624168396,139.23587036132812,MeanPlateletVolume_Min_acute
1.0,3.952312469482422,22.60592269897461,3.952312469482422,22.60592269897461,MeanPlateletVolume_Min_chronic
1.0,3.5767312049865723,48.015411376953125,3.5767312049865723,48.015411376953125,Plateletcrit_Max_acute
