weight,total_gain,total_cover,gain,cover,feature
14.0,50.598114013671875,2551.549072265625,3.6141510009765625,182.25350952148438,index
2.0,7.5298919677734375,214.48019409179688,3.7649459838867188,107.24009704589844,MeanCorpuscularHemoglobinConcentration_Avg_acute
1.0,3.8530845642089844,82.71817779541016,3.8530845642089844,82.71817779541016,MeanCorpuscularHemoglobinConcentration_Max_acute
1.0,3.438863515853882,44.16487121582031,3.438863515853882,44.16487121582031,MeanCorpuscularHemoglobin_Min_chronic
1.0,3.4871840476989746,52.197906494140625,3.4871840476989746,52.197906494140625,MeanCorpuscularVolume_Min_acute
1.0,3.4489004611968994,57.535457611083984,3.4489004611968994,57.535457611083984,EosinophilsPercentage_Min_chronic
11.0,38.415077209472656,804.85009765625,3.4922797679901123,73.1681900024414,BasophilsPercentage_Min_chronic
2.0,7.403293609619141,214.44009399414062,3.7016468048095703,107.22004699707031,AbsoluteNeutrophilCount_Max_acute
2.0,7.175117492675781,226.72879028320312,3.5875587463378906,113.36439514160156,AbsoluteNeutrophilCount_Min_acute
1.0,3.535287380218506,21.351085662841797,3.535287380218506,21.351085662841797,MeanPlateletVolume_Avg_acute
13.0,53.937965393066406,735.2828979492188,4.149074077606201,56.56022262573242,MeanPlateletVolume_Max_acute
10.0,37.180946350097656,1336.7220458984375,3.71809458732605,133.67221069335938,MeanPlateletVolume_Min_acute
1.0,3.972593307495117,25.96984100341797,3.972593307495117,25.96984100341797,MeanPlateletVolume_Min_chronic
1.0,3.4592928886413574,49.837406158447266,3.4592928886413574,49.837406158447266,Plateletcrit_Max_acute
