weight,total_gain,total_cover,gain,cover,feature
3.0,28.878707885742188,2170.46533203125,9.626235961914062,723.4884643554688,MonocytesPercentage_Min_acute
2.0,20.337162017822266,1439.5740966796875,10.168581008911133,719.7870483398438,EosinophilsPercentage_Min_acute
