{
    "roc_auc": [
        {
            "binary_threshold": 42,
            "fpr": [
                0.0,
                0.0,
                0.0,
                0.043478260869565216,
                0.043478260869565216,
                0.08695652173913043,
                0.08695652173913043,
                0.13043478260869565,
                0.13043478260869565,
                0.17391304347826086,
                0.17391304347826086,
                0.21739130434782608,
                0.21739130434782608,
                0.2608695652173913,
                0.2608695652173913,
                0.5652173913043478,
                0.5652173913043478,
                0.6521739130434783,
                0.6521739130434783,
                0.9130434782608695,
                0.9130434782608695,
                1.0
            ],
            "tpr": [
                0.0,
                0.04,
                0.08,
                0.08,
                0.4,
                0.44,
                0.48,
                0.48,
                0.68,
                0.68,
                0.72,
                0.72,
                0.8,
                0.8,
                0.84,
                0.84,
                0.88,
                0.88,
                0.96,
                0.96,
                1.0,
                1.0
            ],
            "thresholds": [
                Infinity,
                680.7811279296875,
                568.6248779296875,
                549.8952026367188,
                298.8157958984375,
                283.8035888671875,
                283.7608947753906,
                232.2781982421875,
                185.3484344482422,
                165.737548828125,
                157.20391845703125,
                107.96524810791016,
                86.56663513183594,
                83.56809997558594,
                73.59318542480469,
                28.126506805419922,
                22.551328659057617,
                20.187671661376953,
                19.335285186767578,
                12.134377479553223,
                9.281688690185547,
                8.374690055847168
            ],
            "roc_auc": 0.8078260869565217
        }
    ],
    "prerec_auc": [
        {
            "binary_threshold": 42,
            "precision": [
                0.5208333333333334,
                0.5319148936170213,
                0.5434782608695652,
                0.5333333333333333,
                0.5454545454545454,
                0.5581395348837209,
                0.5714285714285714,
                0.5853658536585366,
                0.6,
                0.6153846153846154,
                0.6052631578947368,
                0.5945945945945946,
                0.6111111111111112,
                0.6285714285714286,
                0.6176470588235294,
                0.6363636363636364,
                0.65625,
                0.6774193548387096,
                0.7,
                0.7241379310344828,
                0.75,
                0.7777777777777778,
                0.7692307692307693,
                0.8,
                0.7916666666666666,
                0.782608695652174,
                0.8181818181818182,
                0.8095238095238095,
                0.85,
                0.8421052631578947,
                0.8333333333333334,
                0.8235294117647058,
                0.8125,
                0.8,
                0.8571428571428571,
                0.8461538461538461,
                0.9090909090909091,
                0.9,
                0.8888888888888888,
                0.875,
                0.8571428571428571,
                0.8333333333333334,
                0.8,
                0.75,
                0.6666666666666666,
                1.0,
                1.0,
                1.0
            ],
            "recall": [
                1.0,
                1.0,
                1.0,
                0.96,
                0.96,
                0.96,
                0.96,
                0.96,
                0.96,
                0.96,
                0.92,
                0.88,
                0.88,
                0.88,
                0.84,
                0.84,
                0.84,
                0.84,
                0.84,
                0.84,
                0.84,
                0.84,
                0.8,
                0.8,
                0.76,
                0.72,
                0.72,
                0.68,
                0.68,
                0.64,
                0.6,
                0.56,
                0.52,
                0.48,
                0.48,
                0.44,
                0.4,
                0.36,
                0.32,
                0.28,
                0.24,
                0.2,
                0.16,
                0.12,
                0.08,
                0.08,
                0.04,
                0.0
            ],
            "thresholds": [
                8.374690055847168,
                8.640252113342285,
                9.281688690185547,
                12.134377479553223,
                13.52828598022461,
                13.685724258422852,
                15.068286895751953,
                16.25244903564453,
                16.476091384887695,
                19.335285186767578,
                19.808795928955078,
                20.187671661376953,
                20.24901580810547,
                22.551328659057617,
                28.126506805419922,
                29.8523006439209,
                32.22146987915039,
                37.73037338256836,
                39.79697036743164,
                57.41756057739258,
                59.50426483154297,
                73.59318542480469,
                83.56809997558594,
                86.56663513183594,
                106.89077758789062,
                107.96524810791016,
                157.20391845703125,
                165.737548828125,
                185.3484344482422,
                195.8342742919922,
                205.18881225585938,
                224.39010620117188,
                228.46646118164062,
                232.2781982421875,
                283.7608947753906,
                283.8035888671875,
                298.8157958984375,
                307.9803466796875,
                331.3688049316406,
                383.3452453613281,
                393.6430358886719,
                397.060546875,
                500.637451171875,
                525.54345703125,
                549.8952026367188,
                568.6248779296875,
                680.7811279296875
            ],
            "prerec_auc": 0.8040031404121456
        }
    ]
}