weight,total_gain,total_cover,gain,cover,feature
19.0,164.37557983398438,31888.259765625,8.651346206665039,1678.3294677734375,index
15.0,128.77099609375,23750.498046875,8.584733009338379,1583.3665771484375,MeanCorpuscularHemoglobinConcentration_Avg_acute
1.0,6.512767791748047,1037.9903564453125,6.512767791748047,1037.9903564453125,WhiteBloodCellCount_Avg_acute
3.0,18.878433227539062,1115.9923095703125,6.292810916900635,371.9974365234375,BasophilsPercentage_Min_chronic
4.0,28.674739837646484,3107.03125,7.168684959411621,776.7578125,AbsoluteNeutrophilCount_Avg_acute
1.0,6.661553382873535,1330.02294921875,6.661553382873535,1330.02294921875,AbsoluteNeutrophilCount_Max_acute
15.0,129.2840576171875,15537.77734375,8.618937492370605,1035.851806640625,AbsoluteNeutrophilCount_Min_acute
10.0,79.07864379882812,5287.185546875,7.907864570617676,528.7185668945312,AbsoluteMonocyteCount_Avg_acute
2.0,18.795894622802734,2525.38232421875,9.397947311401367,1262.691162109375,AbsoluteEosinophilCount_Avg_acute
11.0,203.3077392578125,17564.568359375,18.482521057128906,1596.7789306640625,MeanPlateletVolume_Max_acute
6.0,48.35388946533203,10219.0390625,8.058981895446777,1703.1732177734375,MeanPlateletVolume_Min_acute
1.0,6.071434020996094,369.7705383300781,6.071434020996094,369.7705383300781,MeanPlateletVolume_Max_chronic
1.0,6.601051330566406,1369.303466796875,6.601051330566406,1369.303466796875,RedCellDistributionWidthCV_Min_acute
8.0,99.5401611328125,9800.443359375,12.442520141601562,1225.055419921875,Ro52_Avg_chronic
1.0,13.294229507446289,1213.153564453125,13.294229507446289,1213.153564453125,Ro52_Max_chronic
1.0,6.162786483764648,1411.671630859375,6.162786483764648,1411.671630859375,ThrombinTime_Max_chronic
