weight,total_gain,total_cover,gain,cover,feature
13.0,93.73919677734375,213.0348663330078,7.210707664489746,16.387296676635742,PlateletCount_Max_acute
27.0,155.98416137695312,2852.9326171875,5.777191162109375,105.66416931152344,PlateletCount_Min_acute
3.0,3.1634521484375,532.7352905273438,1.0544840097427368,177.57843017578125,PlateletCount_Avg_acute
1.0,2.25006103515625,65.90216827392578,2.25006103515625,65.90216827392578,WhiteBloodCellCount_Max_acute
2.0,2.46197509765625,364.73736572265625,1.230987548828125,182.36868286132812,BasophilsPercentage_Min_preclinical
1.0,4.275054931640625,12.083930969238281,4.275054931640625,12.083930969238281,MeanPlateletVolume_Max_preclinical
