weight,total_gain,total_cover,gain,cover,feature
2.0,18.379430770874023,1860.6407470703125,9.189715385437012,930.3203735351562,WhiteBloodCellCount_Max_acute
