weight,total_gain,total_cover,gain,cover,feature
16.0,54.37127685546875,3122.49560546875,3.398204803466797,195.15597534179688,index
3.0,10.377288818359375,346.564697265625,3.4590961933135986,115.52156829833984,MeanCorpuscularHemoglobinConcentration_Avg_acute
3.0,10.288238525390625,282.1049499511719,3.429412841796875,94.03498077392578,MeanCorpuscularHemoglobinConcentration_Max_acute
2.0,5.619144439697266,108.48385620117188,2.809572219848633,54.24192810058594,MeanCorpuscularHemoglobin_Min_chronic
1.0,2.818028211593628,54.98869705200195,2.818028211593628,54.98869705200195,MeanCorpuscularVolume_Min_acute
3.0,8.425703048706055,165.90023803710938,2.808567762374878,55.300079345703125,EosinophilsPercentage_Min_chronic
13.0,39.408287048339844,1016.4490356445312,3.0314066410064697,78.18838500976562,BasophilsPercentage_Min_chronic
3.0,10.570308685302734,313.6645812988281,3.5234363079071045,104.55486297607422,AbsoluteNeutrophilCount_Max_acute
3.0,10.19931411743164,366.350341796875,3.3997714519500732,122.11678314208984,AbsoluteNeutrophilCount_Min_acute
1.0,2.9833130836486816,25.146785736083984,2.9833130836486816,25.146785736083984,MeanPlateletVolume_Avg_acute
13.0,47.1466178894043,725.436767578125,3.6266629695892334,55.80282974243164,MeanPlateletVolume_Max_acute
13.0,44.27201843261719,1502.40478515625,3.4055399894714355,115.56959533691406,MeanPlateletVolume_Min_acute
3.0,8.452669143676758,160.9456024169922,2.817556381225586,53.64853286743164,Plateletcrit_Max_acute
