weight,total_gain,total_cover,gain,cover,feature
25.0,176.42530822753906,41614.6015625,7.057012557983398,1664.5841064453125,index
13.0,87.81891632080078,19671.8828125,6.755301475524902,1513.2218017578125,MeanCorpuscularHemoglobinConcentration_Avg_acute
5.0,37.88300323486328,7488.0830078125,7.576600551605225,1497.6165771484375,MeanCorpuscularHemoglobinConcentration_Max_acute
1.0,4.753089904785156,1090.9312744140625,4.753089904785156,1090.9312744140625,WhiteBloodCellCount_Avg_acute
2.0,20.906532287597656,2427.017578125,10.453266143798828,1213.5087890625,WhiteBloodCellCount_Max_acute
3.0,14.913553237915039,1059.214111328125,4.971184253692627,353.0713806152344,BasophilsPercentage_Avg_acute
5.0,28.17498016357422,1821.95849609375,5.634995937347412,364.3916931152344,BasophilsPercentage_Min_chronic
6.0,37.01303482055664,2572.98388671875,6.168838977813721,428.8306579589844,AbsoluteNeutrophilCount_Avg_acute
6.0,32.767333984375,8461.03125,5.461222171783447,1410.171875,AbsoluteNeutrophilCount_Max_acute
10.0,68.72964477539062,10942.69921875,6.872964382171631,1094.2698974609375,AbsoluteNeutrophilCount_Min_acute
12.0,84.20294952392578,8956.201171875,7.016912460327148,746.35009765625,AbsoluteMonocyteCount_Avg_acute
2.0,14.782459259033203,948.7120361328125,7.391229629516602,474.35601806640625,AbsoluteMonocyteCount_Max_acute
1.0,6.495898246765137,1318.626953125,6.495898246765137,1318.626953125,AbsoluteEosinophilCount_Avg_acute
2.0,9.437579154968262,708.5642700195312,4.718789577484131,354.2821350097656,AbsoluteBasophilCount_Min_chronic
11.0,195.24301147460938,17643.6015625,17.749364852905273,1603.9637451171875,MeanPlateletVolume_Max_acute
11.0,96.67568969726562,18650.197265625,8.78869915008545,1695.4725341796875,MeanPlateletVolume_Min_acute
1.0,6.398684024810791,374.031005859375,6.398684024810791,374.031005859375,MeanPlateletVolume_Max_chronic
1.0,4.110420227050781,1568.8895263671875,4.110420227050781,1568.8895263671875,Plateletcrit_Avg_acute
2.0,13.473514556884766,2697.216552734375,6.736757278442383,1348.6082763671875,RedCellDistributionWidthCV_Min_acute
3.0,14.328367233276367,1064.525634765625,4.776122570037842,354.8418884277344,RedCellDistributionWidthCV_Min_chronic
8.0,92.27090454101562,9900.462890625,11.533863067626953,1237.557861328125,Ro52_Avg_chronic
2.0,27.597293853759766,2416.61474609375,13.798646926879883,1208.307373046875,Ro52_Max_chronic
2.0,12.838750839233398,2804.1474609375,6.419375419616699,1402.07373046875,ThrombinTime_Max_chronic
