weight,total_gain,total_cover,gain,cover,feature
4.0,34.47065353393555,4142.59912109375,8.617663383483887,1035.6497802734375,WhiteBloodCellCount_Min_acute
4.0,32.846927642822266,4172.47119140625,8.211731910705566,1043.1177978515625,AbsoluteNeutrophilCount_Max_acute
1.0,9.042189598083496,1021.6427612304688,9.042189598083496,1021.6427612304688,AbsoluteNeutrophilCount_Avg_acute
4.0,35.58396911621094,3245.5732421875,8.895992279052734,811.393310546875,AbsoluteEosinophilCount_Max_preclinical
1.0,8.365894317626953,872.1656494140625,8.365894317626953,872.1656494140625,AbsoluteEosinophilCount_Min_preclinical
