weight,total_gain,total_cover,gain,cover,feature
3.0,37.762115478515625,1753.8433837890625,12.587371826171875,584.6144409179688,MeanCorpuscularHemoglobinConcentration_Max_preclinical
1.0,12.956562995910645,585.8253173828125,12.956562995910645,585.8253173828125,MeanCorpuscularHemoglobinConcentration_Avg_preclinical
3.0,30.183500289916992,2046.2529296875,10.061166763305664,682.0842895507812,MeanCorpuscularVolume_Max_acute
3.0,31.655323028564453,2041.41845703125,10.551774024963379,680.4728393554688,MeanCorpuscularVolume_Min_acute
3.0,28.417654037475586,2070.75634765625,9.472551345825195,690.2521362304688,EosinophilsPercentage_Min_acute
1.0,10.305397033691406,673.7606201171875,10.305397033691406,673.7606201171875,CReactiveProtein_Min_acute
