weight,total_gain,total_cover,gain,cover,feature
4.0,34.7626953125,2442.177490234375,8.690673828125,610.5443725585938,LymphocytesPercentage_Min
7.0,66.65380859375,12986.3701171875,9.52197265625,1855.1956787109375,NeutrophilsPercentage_Max
2.0,6.39892578125,1472.3807373046875,3.199462890625,736.1903686523438,WhiteBloodCellCount_Max
20.0,3997.310302734375,19643.51953125,199.86550903320312,982.1759643554688,EosinophilsPercentage_Avg
1.0,173.26953125,169.5758056640625,173.26953125,169.5758056640625,EosinophilsPercentage_Max
3.0,674.5433349609375,3327.088623046875,224.8477783203125,1109.029541015625,EosinophilsPercentage_Min
4.0,111.10797119140625,1801.06640625,27.776992797851562,450.2666015625,AbsoluteNeutrophilCount_Avg
11.0,412.1491394042969,3453.5810546875,37.46810531616211,313.9619140625,AbsoluteNeutrophilCount_Max
1.0,12.53466796875,436.8393249511719,12.53466796875,436.8393249511719,AbsoluteNeutrophilCount_Min
2.0,76.84793090820312,108.306396484375,38.42396545410156,54.1531982421875,CReactiveProtein_Min
1.0,25.9010009765625,15.890366554260254,25.9010009765625,15.890366554260254,ThyroidStimulatingHormone_Avg
1.0,26.41290283203125,20.830076217651367,26.41290283203125,20.830076217651367,ThrombinTime_Avg
