weight,total_gain,total_cover,gain,cover,feature
1.0,9.076553344726562,750.5272216796875,9.076553344726562,750.5272216796875,WhiteBloodCellCount_Min_acute
1.0,12.526707649230957,648.7652587890625,12.526707649230957,648.7652587890625,Hemoglobin_Min_acute
3.0,25.45291519165039,1593.10546875,8.484305381774902,531.03515625,EosinophilsPercentage_Max_acute
1.0,8.157867431640625,543.2445068359375,8.157867431640625,543.2445068359375,EosinophilsPercentage_Avg_acute
1.0,9.243241310119629,678.7352294921875,9.243241310119629,678.7352294921875,EosinophilsPercentage_Max_preclinical
5.0,56.6360969543457,3348.814697265625,11.327219009399414,669.762939453125,EosinophilsPercentage_Avg_preclinical
6.0,54.79510498046875,4501.84423828125,9.13251781463623,750.307373046875,AbsoluteNeutrophilCount_Max_acute
