weight,total_gain,total_cover,gain,cover,feature
2.0,19.593563079833984,1452.977294921875,9.796781539916992,726.4886474609375,WhiteBloodCellCount_Max_acute
5.0,47.583091735839844,3692.40869140625,9.516618728637695,738.4817504882812,WhiteBloodCellCount_Min_acute
1.0,7.847902774810791,615.9029541015625,7.847902774810791,615.9029541015625,RedBloodCellCount_Min_preclinical
1.0,8.05321216583252,747.4490356445312,8.05321216583252,747.4490356445312,EosinophilsPercentage_Min_acute
3.0,25.066272735595703,2225.968017578125,8.355423927307129,741.9893188476562,Nucleosome_Max_acute
2.0,17.458406448364258,1361.839599609375,8.729203224182129,680.9197998046875,Nucleosome_Avg_acute
