weight,total_gain,total_cover,gain,cover,feature
2.0,19.90433120727539,1069.082275390625,9.952165603637695,534.5411376953125,WhiteBloodCellCount_Max_acute
2.0,22.655887603759766,1385.3599853515625,11.327943801879883,692.6799926757812,MeanCorpuscularVolume_Min_acute
7.0,81.13460540771484,5277.419921875,11.590658187866211,753.9171142578125,EosinophilsPercentage_Min_acute
1.0,9.714516639709473,646.2140502929688,9.714516639709473,646.2140502929688,AbsoluteEosinophilCount_Min_acute
