weight,total_gain,total_cover,gain,cover,feature
25.0,137.51039123535156,1236.2408447265625,5.500415802001953,49.44963455200195,index
7.0,34.59615707397461,119.39407348632812,4.942307949066162,17.05629539489746,MeanCorpuscularHemoglobinConcentration_Max_acute
4.0,18.09142303466797,67.17977905273438,4.522855758666992,16.794944763183594,WhiteBloodCellCount_Max_acute
1.0,4.243181228637695,9.514195442199707,4.243181228637695,9.514195442199707,MeanCorpuscularHemoglobin_Min_chronic
4.0,18.058534622192383,53.91775894165039,4.514633655548096,13.479439735412598,EosinophilsPercentage_Min_chronic
12.0,52.74107360839844,150.98651123046875,4.395089626312256,12.582209587097168,BasophilsPercentage_Min_chronic
4.0,20.695934295654297,98.30599975585938,5.173983573913574,24.576499938964844,AbsoluteNeutrophilCount_Max_acute
2.0,9.297676086425781,103.60398864746094,4.648838043212891,51.80199432373047,AbsoluteBasophilCount_Avg_chronic
10.0,49.435516357421875,78.41375732421875,4.943551540374756,7.841375827789307,MeanPlateletVolume_Max_acute
15.0,86.30078887939453,342.16650390625,5.7533860206604,22.811100006103516,MeanPlateletVolume_Min_acute
2.0,8.531261444091797,19.493303298950195,4.265630722045898,9.746651649475098,Plateletcrit_Max_acute
