weight,total_gain,total_cover,gain,cover,feature
18.0,157.11732482910156,30496.509765625,8.728740692138672,1694.25048828125,index
15.0,127.28346252441406,23742.32421875,8.485564231872559,1582.8216552734375,MeanCorpuscularHemoglobinConcentration_Avg_acute
1.0,6.188346862792969,1046.1339111328125,6.188346862792969,1046.1339111328125,WhiteBloodCellCount_Avg_acute
3.0,18.878433227539062,1115.9923095703125,6.292810916900635,371.9974365234375,BasophilsPercentage_Min_chronic
4.0,32.384300231933594,3042.127685546875,8.096075057983398,760.5319213867188,AbsoluteNeutrophilCount_Avg_acute
1.0,6.264921188354492,1332.5631103515625,6.264921188354492,1332.5631103515625,AbsoluteNeutrophilCount_Max_acute
15.0,123.6637191772461,15598.44140625,8.244248390197754,1039.8961181640625,AbsoluteNeutrophilCount_Min_acute
9.0,70.4911117553711,5489.2236328125,7.832345962524414,609.9137573242188,AbsoluteMonocyteCount_Avg_acute
2.0,14.825155258178711,948.9498291015625,7.4125776290893555,474.47491455078125,AbsoluteMonocyteCount_Max_acute
2.0,18.253829956054688,2533.59423828125,9.126914978027344,1266.797119140625,AbsoluteEosinophilCount_Avg_acute
11.0,203.29685974121094,17564.703125,18.48153305053711,1596.7911376953125,MeanPlateletVolume_Max_acute
6.0,47.92489242553711,10227.6103515625,7.987482070922852,1704.6016845703125,MeanPlateletVolume_Min_acute
1.0,6.071434020996094,369.7705383300781,6.071434020996094,369.7705383300781,MeanPlateletVolume_Max_chronic
1.0,6.406742095947266,1369.25244140625,6.406742095947266,1369.25244140625,RedCellDistributionWidthCV_Min_acute
1.0,5.540101528167725,349.2137756347656,5.540101528167725,349.2137756347656,RedCellDistributionWidthCV_Min_chronic
8.0,99.90266418457031,9792.3544921875,12.487833023071289,1224.0443115234375,Ro52_Avg_chronic
1.0,13.296802520751953,1213.1702880859375,13.296802520751953,1213.1702880859375,Ro52_Max_chronic
2.0,13.56278133392334,2795.3603515625,6.78139066696167,1397.68017578125,ThrombinTime_Max_chronic
