weight,total_gain,total_cover,gain,cover,feature
10.0,94.60587310791016,16693.537109375,9.460587501525879,1669.353759765625,index
2.0,26.072898864746094,3076.5830078125,13.036449432373047,1538.29150390625,MeanCorpuscularHemoglobinConcentration_Avg_acute
2.0,14.136604309082031,3327.5966796875,7.068302154541016,1663.79833984375,MeanCorpuscularHemoglobinConcentration_Max_acute
4.0,30.143756866455078,4163.97998046875,7.5359392166137695,1040.9949951171875,BasophilsPercentage_Min_chronic
1.0,6.1456379890441895,265.239501953125,6.1456379890441895,265.239501953125,AbsoluteNeutrophilCount_Avg_acute
3.0,27.107555389404297,4887.0224609375,9.03585147857666,1629.0074462890625,AbsoluteNeutrophilCount_Max_acute
4.0,29.099288940429688,5419.0888671875,7.274822235107422,1354.772216796875,AbsoluteNeutrophilCount_Min_acute
2.0,12.919822692871094,3428.36328125,6.459911346435547,1714.181640625,AbsoluteMonocyteCount_Avg_acute
1.0,10.912015914916992,1241.9461669921875,10.912015914916992,1241.9461669921875,AbsoluteEosinophilCount_Min_chronic
7.0,120.14213562011719,9819.515625,17.163162231445312,1402.7879638671875,MeanPlateletVolume_Max_acute
4.0,38.282047271728516,6801.2900390625,9.570511817932129,1700.322509765625,MeanPlateletVolume_Min_acute
1.0,5.586490154266357,363.6917724609375,5.586490154266357,363.6917724609375,MeanPlateletVolume_Max_chronic
1.0,6.333400726318359,1639.6439208984375,6.333400726318359,1639.6439208984375,Plateletcrit_Avg_acute
1.0,6.178916931152344,1442.8746337890625,6.178916931152344,1442.8746337890625,EosinophilCountAbsolute_Min_acute
4.0,51.541290283203125,4911.62890625,12.885322570800781,1227.9072265625,Ro52_Avg_chronic
1.0,5.902029037475586,1455.197998046875,5.902029037475586,1455.197998046875,ThrombinTime_Max_chronic
