weight,total_gain,total_cover,gain,cover,feature
11.0,71.29147338867188,205.328125,6.481042861938477,18.66619300842285,PlateletCount_Max_acute
27.0,146.69119262695312,2983.283203125,5.43300724029541,110.49197387695312,PlateletCount_Min_acute
2.0,1.918212890625,381.0389709472656,0.9591064453125,190.5194854736328,PlateletCount_Avg_acute
1.0,1.954345703125,64.38369750976562,1.954345703125,64.38369750976562,WhiteBloodCellCount_Avg_acute
2.0,2.27911376953125,366.12005615234375,1.139556884765625,183.06002807617188,BasophilsPercentage_Min_preclinical
