weight,total_gain,total_cover,gain,cover,feature
1.0,4.58613395690918,117.77347564697266,4.58613395690918,117.77347564697266,MeanCorpuscularHemoglobinConcentration_Max_preclinical
3.0,64.64196014404297,430.6886291503906,21.547319412231445,143.56288146972656,PlateletCount_Max_acute
2.0,27.886072158813477,260.936279296875,13.943036079406738,130.4681396484375,PlateletCount_Min_preclinical
1.0,5.001826286315918,128.2152557373047,5.001826286315918,128.2152557373047,WhiteBloodCellCount_Max_preclinical
1.0,5.389533042907715,70.94007110595703,5.389533042907715,70.94007110595703,WhiteBloodCellCount_Min_preclinical
3.0,46.03527069091797,481.973388671875,15.34508991241455,160.6577911376953,MeanCorpuscularHemoglobin_Max_acute
3.0,55.047019958496094,640.646728515625,18.34900665283203,213.5489044189453,MeanCorpuscularHemoglobin_Min_acute
1.0,9.833381652832031,68.0780029296875,9.833381652832031,68.0780029296875,MeanCorpuscularVolume_Min_acute
1.0,5.769228458404541,164.59945678710938,5.769228458404541,164.59945678710938,RedBloodCellCount_Max_preclinical
2.0,8.356931686401367,81.63243865966797,4.178465843200684,40.816219329833984,EosinophilsPercentage_Max_acute
1.0,5.524620532989502,181.21792602539062,5.524620532989502,181.21792602539062,BasophilsPercentage_Max_preclinical
1.0,7.922752857208252,118.82943725585938,7.922752857208252,118.82943725585938,AbsoluteNeutrophilCount_Max_acute
1.0,4.264225482940674,213.54891967773438,4.264225482940674,213.54891967773438,AbsoluteMonocyteCount_Max_preclinical
2.0,16.234912872314453,165.6595458984375,8.117456436157227,82.82977294921875,AbsoluteEosinophilCount_Avg_preclinical
1.0,3.810495138168335,35.21037292480469,3.810495138168335,35.21037292480469,MeanPlateletVolume_Max_acute
1.0,4.309588432312012,146.19219970703125,4.309588432312012,146.19219970703125,MeanPlateletVolume_Max_preclinical
1.0,6.77976131439209,105.07304382324219,6.77976131439209,105.07304382324219,RedCellDistributionWidthCV_Max_preclinical
1.0,7.210574150085449,131.899169921875,7.210574150085449,131.899169921875,EosinophilCountAbsolute_Max_preclinical
2.0,12.082395553588867,427.09783935546875,6.041197776794434,213.54891967773438,EosinophilCountAbsolute_Min_preclinical
1.0,5.654659271240234,117.77347564697266,5.654659271240234,117.77347564697266,CReactiveProtein_Max_acute
