weight,total_gain,total_cover,gain,cover,feature
16.0,151.9097137451172,22465.08203125,9.494357109069824,1404.067626953125,index
10.0,98.89794921875,13210.5908203125,9.889795303344727,1321.05908203125,MeanCorpuscularHemoglobinConcentration_Avg_acute
2.0,20.36322021484375,2556.41064453125,10.181610107421875,1278.205322265625,MeanCorpuscularHemoglobinConcentration_Max_acute
2.0,19.784955978393555,1765.768798828125,9.892477989196777,882.8843994140625,BasophilsPercentage_Min_chronic
5.0,45.17115020751953,2020.89501953125,9.03423023223877,404.17901611328125,AbsoluteNeutrophilCount_Avg_acute
4.0,38.189456939697266,4746.154296875,9.547364234924316,1186.53857421875,AbsoluteNeutrophilCount_Max_acute
6.0,72.89320373535156,6724.52197265625,12.1488676071167,1120.753662109375,AbsoluteNeutrophilCount_Min_acute
7.0,63.35086441040039,2857.72314453125,9.05012321472168,408.24615478515625,AbsoluteMonocyteCount_Avg_acute
2.0,19.37375831604004,2340.675048828125,9.68687915802002,1170.3375244140625,AbsoluteEosinophilCount_Avg_acute
9.0,195.74884033203125,11781.1943359375,21.74987030029297,1309.0216064453125,MeanPlateletVolume_Max_acute
8.0,115.410888671875,11424.80859375,14.426361083984375,1428.10107421875,MeanPlateletVolume_Min_acute
1.0,9.189733505249023,1166.0181884765625,9.189733505249023,1166.0181884765625,RedCellDistributionWidthCV_Min_acute
7.0,100.54325103759766,7411.24853515625,14.363321304321289,1058.749755859375,Ro52_Avg_chronic
1.0,14.834234237670898,1051.9254150390625,14.834234237670898,1051.9254150390625,Ro52_Max_chronic
