weight,total_gain,total_cover,gain,cover,feature
8.0,70.34832000732422,8156.97021484375,8.793540000915527,1019.6212768554688,NeutrophilsPercentage_Max_acute
