weight,total_gain,total_cover,gain,cover,feature
1.0,10.317059516906738,636.5178833007812,10.317059516906738,636.5178833007812,MeanCorpuscularHemoglobinConcentration_Avg_preclinical
1.0,10.13968276977539,746.994140625,10.13968276977539,746.994140625,WhiteBloodCellCount_Min_acute
1.0,9.660151481628418,757.1358032226562,9.660151481628418,757.1358032226562,MeanCorpuscularVolume_Min_acute
1.0,10.542412757873535,749.6005249023438,10.542412757873535,749.6005249023438,MeanCorpuscularVolume_Avg_acute
1.0,10.22364616394043,752.1685180664062,10.22364616394043,752.1685180664062,EosinophilsPercentage_Min_acute
1.0,9.598918914794922,754.6829223632812,9.598918914794922,754.6829223632812,EosinophilsPercentage_Avg_acute
