weight,total_gain,total_cover,gain,cover,feature
1.0,0.472503662109375,148.97299194335938,0.472503662109375,148.97299194335938,FirstVisitAge
1.0,0.890625,794.7293701171875,0.890625,794.7293701171875,Hematocrit_Max
2.0,5.89166259765625,80.90753936767578,2.945831298828125,40.45376968383789,NeutrophilsPercentage_Avg
4.0,160.3544921875,7825.2353515625,40.088623046875,1956.308837890625,EosinophilsPercentage_Min
2.0,7.17987060546875,289.6018981933594,3.589935302734375,144.8009490966797,NeutrophilsPercentage_Min
2.0,10.04296875,3219.30517578125,5.021484375,1609.652587890625,AbsoluteEosinophilCount_Min
1.0,3.295654296875,25.478609085083008,3.295654296875,25.478609085083008,CReactiveProtein_Max
3.0,254.248046875,772.83056640625,84.74935150146484,257.6101989746094,EosinophilsPercentage_Max
11.0,756.3095703125,18244.2890625,68.75541687011719,1658.57177734375,EosinophilsPercentage_Avg
1.0,39.1943359375,39.86676025390625,39.1943359375,39.86676025390625,AbsoluteEosinophilCount_Avg
1.0,0.7667999267578125,73.26668548583984,0.7667999267578125,73.26668548583984,WhiteBloodCellCount_Max
2.0,5.0201416015625,806.4266967773438,2.51007080078125,403.2133483886719,AbsoluteMonocyteCount_Avg
1.0,0.5982666015625,228.34027099609375,0.5982666015625,228.34027099609375,AntiM2_Min
5.0,46.0341796875,5866.017578125,9.206835746765137,1173.2034912109375,AbsoluteNeutrophilCount_Max
1.0,0.955718994140625,42.779869079589844,0.955718994140625,42.779869079589844,AbsoluteNeutrophilCount_Min
2.0,14.90234375,2755.83837890625,7.451171875,1377.919189453125,AbsoluteNeutrophilCount_Avg
1.0,4.556640625,148.89321899414062,4.556640625,148.89321899414062,CReactiveProtein_Avg
10.0,165.774658203125,6262.85498046875,16.577465057373047,626.2855224609375,CReactiveProtein_Min
