weight,total_gain,total_cover,gain,cover,feature
4.0,35.38880157470703,2557.845703125,8.847200393676758,639.46142578125,NeutrophilsPercentage_Max_acute
1.0,9.975914001464844,216.36293029785156,9.975914001464844,216.36293029785156,MeanCorpuscularHemoglobinConcentration_Max_preclinical
1.0,9.528482437133789,215.06394958496094,9.528482437133789,215.06394958496094,MeanCorpuscularHemoglobinConcentration_Min_preclinical
2.0,15.984783172607422,1281.6893310546875,7.992391586303711,640.8446655273438,WhiteBloodCellCount_Avg_acute
1.0,9.10439682006836,632.10498046875,9.10439682006836,632.10498046875,AbsoluteNeutrophilCount_Max_acute
1.0,8.636005401611328,633.5508422851562,8.636005401611328,633.5508422851562,AbsoluteNeutrophilCount_Avg_acute
1.0,8.116235733032227,313.0276794433594,8.116235733032227,313.0276794433594,AbsoluteLymphocyteCount_Max_acute
