{
    "roc_auc": [
        {
            "binary_threshold": 42,
            "fpr": [
                0.0,
                0.0,
                0.0,
                0.043478260869565216,
                0.043478260869565216,
                0.08695652173913043,
                0.08695652173913043,
                0.13043478260869565,
                0.13043478260869565,
                0.17391304347826086,
                0.17391304347826086,
                0.21739130434782608,
                0.21739130434782608,
                0.2608695652173913,
                0.2608695652173913,
                0.6086956521739131,
                0.6086956521739131,
                0.9130434782608695,
                0.9130434782608695,
                1.0
            ],
            "tpr": [
                0.0,
                0.04,
                0.12,
                0.12,
                0.4,
                0.4,
                0.44,
                0.44,
                0.68,
                0.68,
                0.72,
                0.72,
                0.8,
                0.8,
                0.84,
                0.84,
                0.96,
                0.96,
                1.0,
                1.0
            ],
            "thresholds": [
                Infinity,
                672.2271728515625,
                512.6181640625,
                512.2784423828125,
                286.1641845703125,
                279.5405578613281,
                264.7321472167969,
                262.3207702636719,
                175.60008239746094,
                169.32131958007812,
                144.23379516601562,
                108.31902313232422,
                84.82345581054688,
                72.593505859375,
                60.10207748413086,
                21.3140811920166,
                19.121774673461914,
                11.488079071044922,
                9.43027400970459,
                8.081779479980469
            ],
            "roc_auc": 0.808695652173913
        }
    ],
    "prerec_auc": [
        {
            "binary_threshold": 42,
            "precision": [
                0.5208333333333334,
                0.5319148936170213,
                0.5434782608695652,
                0.5333333333333333,
                0.5454545454545454,
                0.5581395348837209,
                0.5714285714285714,
                0.5853658536585366,
                0.6,
                0.6153846153846154,
                0.631578947368421,
                0.6216216216216216,
                0.6111111111111112,
                0.6,
                0.6176470588235294,
                0.6363636363636364,
                0.65625,
                0.6774193548387096,
                0.7,
                0.7241379310344828,
                0.75,
                0.7777777777777778,
                0.7692307692307693,
                0.8,
                0.7916666666666666,
                0.782608695652174,
                0.8181818181818182,
                0.8095238095238095,
                0.85,
                0.8421052631578947,
                0.8333333333333334,
                0.8235294117647058,
                0.8125,
                0.8,
                0.7857142857142857,
                0.8461538461538461,
                0.8333333333333334,
                0.9090909090909091,
                0.9,
                0.8888888888888888,
                0.875,
                0.8571428571428571,
                0.8333333333333334,
                0.8,
                0.75,
                1.0,
                1.0,
                1.0,
                1.0
            ],
            "recall": [
                1.0,
                1.0,
                1.0,
                0.96,
                0.96,
                0.96,
                0.96,
                0.96,
                0.96,
                0.96,
                0.96,
                0.92,
                0.88,
                0.84,
                0.84,
                0.84,
                0.84,
                0.84,
                0.84,
                0.84,
                0.84,
                0.84,
                0.8,
                0.8,
                0.76,
                0.72,
                0.72,
                0.68,
                0.68,
                0.64,
                0.6,
                0.56,
                0.52,
                0.48,
                0.44,
                0.44,
                0.4,
                0.4,
                0.36,
                0.32,
                0.28,
                0.24,
                0.2,
                0.16,
                0.12,
                0.12,
                0.08,
                0.04,
                0.0
            ],
            "thresholds": [
                8.081779479980469,
                8.397589683532715,
                9.43027400970459,
                11.488079071044922,
                14.249252319335938,
                15.558212280273438,
                15.633613586425781,
                17.231449127197266,
                17.294668197631836,
                18.903472900390625,
                19.121774673461914,
                19.257545471191406,
                19.294963836669922,
                21.3140811920166,
                28.015621185302734,
                30.08889389038086,
                35.93270492553711,
                37.290306091308594,
                41.69425964355469,
                59.61317825317383,
                59.964115142822266,
                60.10207748413086,
                72.593505859375,
                84.82345581054688,
                105.3466796875,
                108.31902313232422,
                144.23379516601562,
                169.32131958007812,
                175.60008239746094,
                192.3899688720703,
                233.0259246826172,
                248.734375,
                254.279296875,
                256.40826416015625,
                262.3207702636719,
                264.7321472167969,
                279.5405578613281,
                286.1641845703125,
                301.15185546875,
                326.2929382324219,
                331.9927062988281,
                382.1747741699219,
                392.8025817871094,
                458.28118896484375,
                512.2784423828125,
                512.6181640625,
                559.3323364257812,
                672.2271728515625
            ],
            "prerec_auc": 0.8124094152054173
        }
    ]
}