weight,total_gain,total_cover,gain,cover,feature
5.0,47.41471862792969,5123.83837890625,9.482943534851074,1024.7677001953125,WhiteBloodCellCount_Min_acute
3.0,24.029356002807617,3110.5166015625,8.009785652160645,1036.8388671875,WhiteBloodCellCount_Avg_acute
1.0,7.255073547363281,839.3290405273438,7.255073547363281,839.3290405273438,RedBloodCellCount_Min_preclinical
2.0,15.2356595993042,1681.915283203125,7.6178297996521,840.9576416015625,Hemoglobin_Min_acute
2.0,15.500441551208496,2075.177734375,7.750220775604248,1037.5888671875,EosinophilsPercentage_Avg_acute
1.0,7.41053581237793,749.1832885742188,7.41053581237793,749.1832885742188,CReactiveProtein_Min_acute
1.0,7.238183975219727,767.0654296875,7.238183975219727,767.0654296875,CReactiveProtein_Avg_acute
3.0,24.172683715820312,2796.579833984375,8.057560920715332,932.1932983398438,AntiScl70_Max_acute
