weight,total_gain,total_cover,gain,cover,feature
9.0,25.25944709777832,145.47402954101562,2.806605339050293,16.163780212402344,LymphocytesPercentage_Min_acute
3.0,8.255362510681152,54.64006042480469,2.7517874240875244,18.213354110717773,NeutrophilsPercentage_Max_acute
4.0,11.588340759277344,81.07176971435547,2.897085189819336,20.267942428588867,PlateletCount_Max_acute
102.0,360.9336853027344,3411.32958984375,3.5385656356811523,33.44440841674805,MeanCorpuscularHemoglobin_Max_acute
31.0,102.63691711425781,1396.4410400390625,3.310868263244629,45.046485900878906,MeanCorpuscularHemoglobin_Min_acute
42.0,142.57388305664062,1375.081298828125,3.3946163654327393,32.74003219604492,MeanCorpuscularHemoglobin_Avg_acute
3.0,8.193769454956055,77.56887817382812,2.7312564849853516,25.856292724609375,MeanCorpuscularVolume_Min_acute
28.0,77.68339538574219,412.7811279296875,2.774406909942627,14.742182731628418,RedBloodCellCount_Max_preclinical
21.0,60.382835388183594,357.0574645996094,2.875373125076294,17.002737045288086,AbsoluteMonocyteCount_Max_preclinical
