weight,total_gain,total_cover,gain,cover,feature
4.0,29.94235610961914,3548.9755859375,7.485589027404785,887.243896484375,MeanCorpuscularHemoglobinConcentration_Max_preclinical
5.0,41.28331756591797,4718.14013671875,8.25666332244873,943.6280517578125,WhiteBloodCellCount_Max_acute
1.0,7.047466278076172,934.7783813476562,7.047466278076172,934.7783813476562,MeanCorpuscularHemoglobin_Max_acute
1.0,8.313579559326172,789.9454956054688,8.313579559326172,789.9454956054688,MeanCorpuscularHemoglobin_Min_preclinical
3.0,22.793472290039062,2181.74365234375,7.5978240966796875,727.2478637695312,MeanCorpuscularVolume_Min_acute
1.0,7.552610397338867,784.03955078125,7.552610397338867,784.03955078125,MeanCorpuscularVolume_Min_preclinical
1.0,7.054073333740234,320.6815490722656,7.054073333740234,320.6815490722656,Hemoglobin_Max_acute
1.0,9.14745044708252,547.1571655273438,9.14745044708252,547.1571655273438,AbsoluteNeutrophilCount_Max_acute
1.0,7.257250785827637,214.3899383544922,7.257250785827637,214.3899383544922,MeanPlateletVolume_Max_preclinical
1.0,9.400579452514648,319.4200744628906,9.400579452514648,319.4200744628906,ThyroidStimulatingHormone_Max_acute
