weight,total_gain,total_cover,gain,cover,feature
18.0,57.71979522705078,3285.346435546875,3.206655263900757,182.5192413330078,index
1.0,2.3102827072143555,48.931697845458984,2.3102827072143555,48.931697845458984,LymphocytesPercentage_Min_acute
4.0,11.024242401123047,655.3446044921875,2.7560606002807617,163.83615112304688,MeanCorpuscularHemoglobinConcentration_Avg_acute
5.0,15.81808090209961,495.6158752441406,3.163616180419922,99.12317657470703,MeanCorpuscularHemoglobinConcentration_Max_acute
1.0,2.313213348388672,27.39739418029785,2.313213348388672,27.39739418029785,PlateletCount_Avg_acute
2.0,4.652252197265625,123.84593200683594,2.3261260986328125,61.92296600341797,MeanCorpuscularHemoglobin_Min_chronic
1.0,2.3268046379089355,54.474334716796875,2.3268046379089355,54.474334716796875,MeanCorpuscularVolume_Min_acute
14.0,39.57244873046875,1151.9345703125,2.826603412628174,82.28104400634766,BasophilsPercentage_Min_chronic
5.0,14.477310180664062,557.1297607421875,2.8954620361328125,111.42594909667969,AbsoluteNeutrophilCount_Max_acute
6.0,15.021049499511719,1101.82275390625,2.5035083293914795,183.6371307373047,AbsoluteNeutrophilCount_Min_acute
4.0,11.5065279006958,124.11477661132812,2.87663197517395,31.02869415283203,AbsoluteMonocyteCount_Avg_acute
15.0,49.058143615722656,849.391845703125,3.270542860031128,56.626121520996094,MeanPlateletVolume_Max_acute
13.0,41.39228439331055,1500.8311767578125,3.1840219497680664,115.44855499267578,MeanPlateletVolume_Min_acute
3.0,7.219202041625977,99.72164916992188,2.406400680541992,33.24055099487305,MeanPlateletVolume_Min_chronic
4.0,9.239261627197266,228.82467651367188,2.3098154067993164,57.20616912841797,Plateletcrit_Max_acute
1.0,2.3418006896972656,117.25421142578125,2.3418006896972656,117.25421142578125,ThrombinTime_Max_chronic
