weight,total_gain,total_cover,gain,cover,feature
7.0,76.1411361694336,5236.7900390625,10.877305030822754,748.1128540039062,WhiteBloodCellCount_Min_acute
1.0,9.985629081726074,749.6362915039062,9.985629081726074,749.6362915039062,MeanCorpuscularHemoglobin_Min_preclinical
5.0,61.332984924316406,3055.753173828125,12.266596794128418,611.150634765625,MeanCorpuscularVolume_Max_acute
1.0,9.057941436767578,662.999755859375,9.057941436767578,662.999755859375,Nucleosome_Max_acute
