weight,total_gain,total_cover,gain,cover,feature
1.0,2.599273681640625,174.3638458251953,2.599273681640625,174.3638458251953,PlateletCount_Max_preclinical
5.0,24.37066650390625,982.5164794921875,4.874133110046387,196.5032958984375,WhiteBloodCellCount_Max_acute
1.0,2.1019287109375,236.9564666748047,2.1019287109375,236.9564666748047,MeanCorpuscularHemoglobin_Min_preclinical
2.0,6.16595458984375,464.9730529785156,3.082977294921875,232.4865264892578,RedCellDistributionWidthCV_Max_acute
