weight,total_gain,total_cover,gain,cover,feature
1.0,8.405892372131348,38.25350570678711,8.405892372131348,38.25350570678711,MeanCorpuscularVolume_Min_preclinical
