weight,total_gain,total_cover,gain,cover,feature
2.0,17.934524536132812,2030.068603515625,8.967262268066406,1015.0343017578125,WhiteBloodCellCount_Max_acute
4.0,39.05432891845703,4041.87158203125,9.763582229614258,1010.4678955078125,WhiteBloodCellCount_Min_acute
5.0,43.793617248535156,5169.505859375,8.758723258972168,1033.901123046875,WhiteBloodCellCount_Avg_acute
2.0,16.11102294921875,2032.8800048828125,8.055511474609375,1016.4400024414062,AbsoluteNeutrophilCount_Max_acute
2.0,17.811141967773438,2033.33349609375,8.905570983886719,1016.666748046875,AbsoluteNeutrophilCount_Avg_acute
