weight,total_gain,total_cover,gain,cover,feature
34.0,3073.3662109375,42917.4375,90.39312744140625,1262.277587890625,EosinophilsPercentage_Avg
4.0,359.4443359375,1322.9595947265625,89.861083984375,330.7398986816406,EosinophilsPercentage_Max
3.0,196.2109375,5571.17431640625,65.40364837646484,1857.05810546875,EosinophilsPercentage_Min
5.0,62.4307861328125,1314.9920654296875,12.486157417297363,262.9984130859375,AbsoluteNeutrophilCount_Avg
22.0,329.241943359375,9807.5908203125,14.965542793273926,445.7995910644531,AbsoluteNeutrophilCount_Max
3.0,24.71533203125,1347.96875,8.238444328308105,449.3229064941406,AbsoluteNeutrophilCount_Min
