{
    "roc_auc": [
        {
            "binary_threshold": 42,
            "fpr": [
                0.0,
                0.0,
                0.0,
                0.0,
                0.0,
                0.0,
                0.06666666666666667,
                0.06666666666666667,
                0.2,
                0.2,
                0.26666666666666666,
                0.26666666666666666,
                0.4,
                0.4,
                0.5333333333333333,
                0.5333333333333333,
                0.6,
                0.6,
                0.6666666666666666,
                0.6666666666666666,
                0.8,
                0.8,
                1.0
            ],
            "tpr": [
                0.0,
                0.02631578947368421,
                0.07894736842105263,
                0.13157894736842105,
                0.18421052631578946,
                0.21052631578947367,
                0.23684210526315788,
                0.2894736842105263,
                0.2894736842105263,
                0.39473684210526316,
                0.39473684210526316,
                0.4473684210526316,
                0.4473684210526316,
                0.47368421052631576,
                0.47368421052631576,
                0.631578947368421,
                0.6578947368421053,
                0.9473684210526315,
                0.9473684210526315,
                0.9736842105263158,
                0.9736842105263158,
                1.0,
                1.0
            ],
            "thresholds": [
                Infinity,
                792.2606201171875,
                737.6185913085938,
                664.8709716796875,
                652.3137817382812,
                646.5267944335938,
                638.7462158203125,
                610.0377197265625,
                581.775146484375,
                538.8409423828125,
                538.1317138671875,
                537.4327392578125,
                534.9168090820312,
                513.091552734375,
                483.18365478515625,
                355.92767333984375,
                348.71771240234375,
                200.08624267578125,
                187.7908172607422,
                176.54896545410156,
                171.49270629882812,
                93.52526092529297,
                55.70992660522461
            ],
            "roc_auc": 0.6385964912280702
        }
    ],
    "prerec_auc": [
        {
            "binary_threshold": 42,
            "precision": [
                0.7169811320754716,
                0.7307692307692307,
                0.7450980392156863,
                0.76,
                0.7551020408163265,
                0.7708333333333334,
                0.7872340425531915,
                0.782608695652174,
                0.8,
                0.7954545454545454,
                0.7906976744186046,
                0.7857142857142857,
                0.7804878048780488,
                0.775,
                0.7692307692307693,
                0.7631578947368421,
                0.7567567567567568,
                0.75,
                0.7428571428571429,
                0.7352941176470589,
                0.75,
                0.7419354838709677,
                0.7333333333333333,
                0.7241379310344828,
                0.7142857142857143,
                0.7037037037037037,
                0.6923076923076923,
                0.72,
                0.75,
                0.7391304347826086,
                0.8095238095238095,
                0.7894736842105263,
                0.8333333333333334,
                0.8235294117647058,
                0.8125,
                0.8,
                0.7857142857142857,
                0.8461538461538461,
                0.9166666666666666,
                0.9090909090909091,
                0.9,
                1.0,
                1.0,
                1.0,
                1.0,
                1.0,
                1.0,
                1.0
            ],
            "recall": [
                1.0,
                1.0,
                1.0,
                1.0,
                0.9736842105263158,
                0.9736842105263158,
                0.9736842105263158,
                0.9473684210526315,
                0.9473684210526315,
                0.9210526315789473,
                0.8947368421052632,
                0.868421052631579,
                0.8421052631578947,
                0.8157894736842105,
                0.7894736842105263,
                0.7631578947368421,
                0.7368421052631579,
                0.7105263157894737,
                0.6842105263157895,
                0.6578947368421053,
                0.631578947368421,
                0.6052631578947368,
                0.5789473684210527,
                0.5526315789473685,
                0.5263157894736842,
                0.5,
                0.47368421052631576,
                0.47368421052631576,
                0.47368421052631576,
                0.4473684210526316,
                0.4473684210526316,
                0.39473684210526316,
                0.39473684210526316,
                0.3684210526315789,
                0.34210526315789475,
                0.3157894736842105,
                0.2894736842105263,
                0.2894736842105263,
                0.2894736842105263,
                0.2631578947368421,
                0.23684210526315788,
                0.21052631578947367,
                0.18421052631578946,
                0.13157894736842105,
                0.10526315789473684,
                0.07894736842105263,
                0.02631578947368421,
                0.0
            ],
            "thresholds": [
                55.70992660522461,
                56.8572998046875,
                65.03140258789062,
                93.52526092529297,
                171.49270629882812,
                173.63002014160156,
                176.54896545410156,
                187.7908172607422,
                200.08624267578125,
                219.1790008544922,
                224.95343017578125,
                247.98194885253906,
                261.1626892089844,
                262.91497802734375,
                271.5514221191406,
                276.8462829589844,
                307.5341491699219,
                334.82513427734375,
                336.2304382324219,
                348.71771240234375,
                355.92767333984375,
                407.40728759765625,
                414.21185302734375,
                421.8292236328125,
                461.4169006347656,
                471.8783264160156,
                483.18365478515625,
                510.62176513671875,
                513.091552734375,
                534.9168090820312,
                537.4327392578125,
                538.1317138671875,
                538.8409423828125,
                559.8108520507812,
                569.4972534179688,
                570.662353515625,
                581.775146484375,
                601.7562866210938,
                610.0377197265625,
                633.954345703125,
                638.7462158203125,
                646.5267944335938,
                652.3137817382812,
                664.8709716796875,
                717.5131225585938,
                737.6185913085938,
                792.2606201171875
            ],
            "prerec_auc": 0.8278214096954036
        }
    ]
}