weight,total_gain,total_cover,gain,cover,feature
18.0,174.61424255371094,29775.265625,9.700791358947754,1654.181396484375,index
4.0,40.09639358520508,6418.79296875,10.02409839630127,1604.6982421875,MeanCorpuscularHemoglobinConcentration_Avg_acute
3.0,28.471641540527344,4836.7978515625,9.490547180175781,1612.2659912109375,MeanCorpuscularHemoglobinConcentration_Max_acute
7.0,63.86326599121094,9198.4541015625,9.123323440551758,1314.0648193359375,BasophilsPercentage_Min_chronic
1.0,6.686553478240967,264.9254150390625,6.686553478240967,264.9254150390625,AbsoluteNeutrophilCount_Avg_acute
7.0,71.56298828125,9835.05859375,10.223283767700195,1405.0084228515625,AbsoluteNeutrophilCount_Max_acute
4.0,28.682554244995117,5426.375,7.170638561248779,1356.59375,AbsoluteNeutrophilCount_Min_acute
2.0,14.827568054199219,3335.673583984375,7.413784027099609,1667.8367919921875,AbsoluteMonocyteCount_Avg_acute
1.0,10.956077575683594,1240.946533203125,10.956077575683594,1240.946533203125,AbsoluteEosinophilCount_Min_chronic
1.0,12.25222110748291,904.049560546875,12.25222110748291,904.049560546875,MeanPlateletVolume_Avg_acute
12.0,214.9200439453125,16345.0712890625,17.910003662109375,1362.0892333984375,MeanPlateletVolume_Max_acute
7.0,77.02178955078125,11736.375,11.00311279296875,1676.625,MeanPlateletVolume_Min_acute
1.0,6.404026031494141,374.0310363769531,6.404026031494141,374.0310363769531,MeanPlateletVolume_Max_chronic
1.0,7.219387054443359,1406.109130859375,7.219387054443359,1406.109130859375,EosinophilCountAbsolute_Avg_acute
1.0,6.670100212097168,1430.238525390625,6.670100212097168,1430.238525390625,EosinophilCountAbsolute_Min_acute
4.0,55.83265686035156,4830.88818359375,13.95816421508789,1207.7220458984375,Ro52_Avg_chronic
2.0,27.58223533630371,2416.43896484375,13.791117668151855,1208.219482421875,Ro52_Max_chronic
2.0,15.265509605407715,2793.806884765625,7.632754802703857,1396.9034423828125,ThrombinTime_Max_chronic
