weight,total_gain,total_cover,gain,cover,feature
1.0,2.24951171875,114.56708526611328,2.24951171875,114.56708526611328,PartialThromboplastinTime_Avg
3.0,187.99755859375,6186.65673828125,62.66585159301758,2062.218994140625,EosinophilsPercentage_Min
1.0,4.123779296875,63.807594299316406,4.123779296875,63.807594299316406,NeutrophilsPercentage_Min
1.0,0.202880859375,1545.3887939453125,0.202880859375,1545.3887939453125,MeanCorpuscularHemoglobinConcentration_Max
1.0,1.208984375,28.414432525634766,1.208984375,28.414432525634766,UrineSpecificGravity_Avg
1.0,2.390655517578125,38.11335754394531,2.390655517578125,38.11335754394531,CReactiveProtein_Max
5.0,381.46923828125,5568.37548828125,76.2938461303711,1113.675048828125,EosinophilsPercentage_Max
12.0,1063.51904296875,18290.517578125,88.6265869140625,1524.2098388671875,EosinophilsPercentage_Avg
1.0,0.9462890625,251.54872131347656,0.9462890625,251.54872131347656,WhiteBloodCellCount_Max
1.0,5.904296875,151.47598266601562,5.904296875,151.47598266601562,WhiteBloodCellCount_Avg
7.0,12.640167236328125,1500.287109375,1.8057382106781006,214.3267364501953,AbsoluteMonocyteCount_Avg
1.0,44.27734375,331.19873046875,44.27734375,331.19873046875,AbsoluteEosinophilCount_Max
9.0,211.8447265625,3618.101318359375,23.53830337524414,402.0112609863281,AbsoluteNeutrophilCount_Max
1.0,5.754150390625,79.64999389648438,5.754150390625,79.64999389648438,AbsoluteNeutrophilCount_Min
4.0,74.5997314453125,3932.011474609375,18.649932861328125,983.0028686523438,AbsoluteNeutrophilCount_Avg
1.0,0.69921875,2435.962646484375,0.69921875,2435.962646484375,CReactiveProtein_Avg
8.0,30.2998046875,6012.1083984375,3.7874755859375,751.5135498046875,CReactiveProtein_Min
