weight,total_gain,total_cover,gain,cover,feature
17.0,280.4808654785156,2184.04248046875,16.49887466430664,128.47308349609375,WhiteBloodCellCount_Avg
7.0,145.12127685546875,732.816650390625,20.731611251831055,104.68809509277344,AbsoluteNeutrophilCount_Max
3.0,1276.6259765625,14.569396018981934,425.5419921875,4.8564653396606445,EosinophilsPercentage_Avg_div_CReactiveProtein_Min
29.0,9011.603515625,29262.09375,310.74493408203125,1009.0377197265625,EosinophilsPercentage_Avg_div_CReactiveProtein_Avg
1.0,14.31839370727539,2.654169797897339,14.31839370727539,2.654169797897339,AbsoluteNeutrophilCount_Max_div_LymphocytesPercentage_Max
1.0,57.2822265625,1185.4334716796875,57.2822265625,1185.4334716796875,CReactiveProtein_Avg_div_EosinophilsPercentage_Max
1.0,18.05633544921875,11.780353546142578,18.05633544921875,11.780353546142578,WhiteBloodCellCount_Avg_div_MeanCorpuscularHemoglobin_Max
16.0,216.1103515625,27329.876953125,13.50689697265625,1708.1173095703125,EosinophilsPercentage_Max_div_LymphocytesPercentage_Max
