weight,total_gain,total_cover,gain,cover,feature
24.0,64.05107879638672,644.1740112304688,2.668794870376587,26.84058380126953,MeanCorpuscularHemoglobinConcentration_Max_preclinical
22.0,63.07233810424805,488.3105773925781,2.866924524307251,22.19593620300293,MeanCorpuscularHemoglobinConcentration_Min_preclinical
8.0,23.224042892456055,196.53118896484375,2.903005361557007,24.56639862060547,MeanCorpuscularHemoglobinConcentration_Avg_preclinical
13.0,26.735252380371094,1385.761962890625,2.0565578937530518,106.59707641601562,PlateletCount_Max_acute
20.0,97.53788757324219,2294.895263671875,4.876894474029541,114.74476623535156,MeanCorpuscularHemoglobin_Max_acute
36.0,194.3455047607422,4157.26025390625,5.398486137390137,115.47945404052734,MeanCorpuscularHemoglobin_Min_acute
13.0,66.73916625976562,1343.35546875,5.133781909942627,103.33503723144531,MeanCorpuscularHemoglobin_Avg_acute
1.0,1.9971389770507812,95.45784759521484,1.9971389770507812,95.45784759521484,MeanCorpuscularHemoglobin_Max_preclinical
1.0,1.6026611328125,126.47572326660156,1.6026611328125,126.47572326660156,MeanCorpuscularHemoglobin_Min_preclinical
32.0,44.677734375,2540.33984375,1.39617919921875,79.3856201171875,RedBloodCellCount_Max_preclinical
9.0,5.178718566894531,638.5792236328125,0.575413167476654,70.9532470703125,RedBloodCellCount_Min_preclinical
1.0,0.5308723449707031,56.11620330810547,0.5308723449707031,56.11620330810547,RedBloodCellCount_Avg_preclinical
2.0,5.104628562927246,37.580596923828125,2.552314281463623,18.790298461914062,Hemoglobin_Min_acute
1.0,2.2853007316589355,18.37406349182129,2.2853007316589355,18.37406349182129,BasophilsPercentage_Avg_acute
5.0,11.414691925048828,423.8729553222656,2.2829384803771973,84.77458953857422,AbsoluteNeutrophilCount_Max_acute
12.0,32.96126937866211,403.89447021484375,2.746772527694702,33.65787124633789,AbsoluteMonocyteCount_Min_preclinical
5.0,6.128807067871094,631.151611328125,1.2257614135742188,126.2303237915039,AbsoluteBasophilCount_Max_preclinical
3.0,11.247444152832031,380.5535888671875,3.74914813041687,126.8511962890625,EosinophilCountAbsolute_Max_preclinical
2.0,8.202995300292969,229.53494262695312,4.101497650146484,114.76747131347656,EosinophilCountAbsolute_Min_preclinical
