weight,total_gain,total_cover,gain,cover,feature
1.0,9.637691497802734,746.3358764648438,9.637691497802734,746.3358764648438,WhiteBloodCellCount_Avg_acute
1.0,8.315053939819336,662.8989868164062,8.315053939819336,662.8989868164062,MeanCorpuscularHemoglobin_Max_preclinical
1.0,8.095938682556152,771.5587158203125,8.095938682556152,771.5587158203125,MeanCorpuscularHemoglobin_Min_preclinical
2.0,20.94000244140625,1491.7889404296875,10.470001220703125,745.8944702148438,EosinophilsPercentage_Max_acute
