weight,total_gain,total_cover,gain,cover,feature
5.0,180.82470703125,8443.4560546875,36.164939880371094,1688.691162109375,EosinophilsPercentage_Min
2.0,32.859375,3232.64111328125,16.4296875,1616.320556640625,AbsoluteEosinophilCount_Min
2.0,160.83154296875,148.67141723632812,80.415771484375,74.33570861816406,EosinophilsPercentage_Max
11.0,658.8115234375,18233.095703125,59.8919563293457,1657.55419921875,EosinophilsPercentage_Avg
1.0,26.0595703125,39.62268829345703,26.0595703125,39.62268829345703,AbsoluteEosinophilCount_Avg
1.0,2.9613037109375,247.28294372558594,2.9613037109375,247.28294372558594,AbsoluteMonocyteCount_Avg
5.0,63.949462890625,5686.74609375,12.789892196655273,1137.3492431640625,AbsoluteNeutrophilCount_Max
3.0,10.009033203125,4132.59912109375,3.3363444805145264,1377.5330810546875,AbsoluteNeutrophilCount_Avg
4.0,38.06103515625,575.2866821289062,9.5152587890625,143.82167053222656,CReactiveProtein_Min
