weight,total_gain,total_cover,gain,cover,feature
3.0,6.4234619140625,831.4786376953125,2.1411540508270264,277.1595458984375,NeutrophilsPercentage_Max_acute
3.0,43.32763671875,1303.866943359375,14.442545890808105,434.622314453125,NeutrophilsPercentage_Min_acute
10.0,120.21826171875,12353.6396484375,12.021825790405273,1235.364013671875,NeutrophilsPercentage_Avg_acute
1.0,1.115966796875,852.8009033203125,1.115966796875,852.8009033203125,MeanCorpuscularHemoglobinConcentration_Min_acute
1.0,2.17578125,4280.00439453125,2.17578125,4280.00439453125,BasophilsPercentage_Min_acute
5.0,22.6513671875,13140.697265625,4.5302734375,2628.139404296875,BasophilsPercentage_Avg_acute
1.0,0.068359375,365.3504333496094,0.068359375,365.3504333496094,AbsoluteNeutrophilCount_Max_acute
1.0,2.201171875,4077.131103515625,2.201171875,4077.131103515625,AbsoluteNeutrophilCount_Min_acute
2.0,6.930419921875,1467.1300048828125,3.4652099609375,733.5650024414062,CReactiveProtein_Avg_acute
10.0,71.3076171875,13454.1591796875,7.130761623382568,1345.4158935546875,TotalThyroxine_Max_acute
7.0,76.78759765625,5122.16796875,10.969656944274902,731.73828125,TotalThyroxine_Min_acute
5.0,57.2958984375,3064.400634765625,11.459179878234863,612.880126953125,TotalThyroxine_Avg_acute
1.0,2.92822265625,1171.1978759765625,2.92822265625,1171.1978759765625,UrineGlucose_Max_acute
1.0,7.30224609375,237.06838989257812,7.30224609375,237.06838989257812,UrineGlucose_Min_acute
1.0,15.81103515625,109.74234008789062,15.81103515625,109.74234008789062,UrineProtein_Max_acute
1.0,3.328125,898.0562744140625,3.328125,898.0562744140625,Cockroach_Max_acute
1.0,6.28076171875,390.2145690917969,6.28076171875,390.2145690917969,Cockroach_Min_acute
