weight,total_gain,total_cover,gain,cover,feature
1.0,2.518402099609375,19.087007522583008,2.518402099609375,19.087007522583008,MeanCorpuscularHemoglobinConcentration_Max_acute
3.0,12.9625244140625,123.08404541015625,4.320841312408447,41.02801513671875,EosinophilsPercentage_Max_chronic
6.0,77.9610595703125,502.689208984375,12.993510246276855,83.78153228759766,EosinophilsPercentage_Min_chronic
1.0,6.5484619140625,118.07892608642578,6.5484619140625,118.07892608642578,AbsoluteEosinophilCount_Max_chronic
10.0,100.2435302734375,3943.323974609375,10.02435302734375,394.3323974609375,AbsoluteEosinophilCount_Min_chronic
1.0,9.081283569335938,26.032625198364258,9.081283569335938,26.032625198364258,PlateletDistributionWidth_Max_acute
1.0,3.6650390625,897.10888671875,3.6650390625,897.10888671875,CReactiveProtein_Avg_acute
1.0,2.0587158203125,729.3740234375,2.0587158203125,729.3740234375,ProthrombinTimeINR_Avg_chronic
