weight,total_gain,total_cover,gain,cover,feature
22.0,237.6686553955078,13838.015625,10.803120613098145,629.000732421875,NeutrophilsPercentage_Max
16.0,164.4290771484375,10439.0302734375,10.276817321777344,652.4393920898438,WhiteBloodCellCount_Avg
84.0,1156.5767822265625,138060.171875,13.768771171569824,1643.573486328125,EosinophilsPercentage_Avg
51.0,605.215576171875,60405.08984375,11.866971969604492,1184.41357421875,EosinophilsPercentage_Max
34.0,427.91485595703125,58269.5078125,12.585731506347656,1713.80908203125,EosinophilsPercentage_Min
18.0,219.67507934570312,20243.986328125,12.204171180725098,1124.6658935546875,AbsoluteNeutrophilCount_Avg
21.0,242.9774169921875,17623.248046875,11.570353507995605,839.2022705078125,AbsoluteNeutrophilCount_Max
6.0,70.18789672851562,7055.099609375,11.697982788085938,1175.8499755859375,AbsoluteNeutrophilCount_Min
26.0,272.0020446777344,17224.8203125,10.461617469787598,662.4931030273438,CReactiveProtein_Min
