weight,total_gain,total_cover,gain,cover,feature
8.0,99.04615020751953,8366.6640625,12.380768775939941,1045.8330078125,MeanCorpuscularHemoglobinConcentration_Max_acute
1.0,11.016372680664062,1021.7241821289062,11.016372680664062,1021.7241821289062,MeanCorpuscularHemoglobinConcentration_Min_acute
1.0,9.761322021484375,1062.37890625,9.761322021484375,1062.37890625,MeanCorpuscularHemoglobinConcentration_Avg_acute
