weight,total_gain,total_cover,gain,cover,feature
2.0,16.42378044128418,1660.9722900390625,8.21189022064209,830.4861450195312,WhiteBloodCellCount_Max_acute
1.0,7.0649871826171875,846.3610229492188,7.0649871826171875,846.3610229492188,Hemoglobin_Min_acute
3.0,24.846288681030273,2510.818603515625,8.282095909118652,836.9395141601562,EosinophilsPercentage_Min_acute
2.0,14.443134307861328,1567.406982421875,7.221567153930664,783.7034912109375,AbsoluteNeutrophilCount_Max_acute
1.0,7.045307159423828,470.8435363769531,7.045307159423828,470.8435363769531,AbsoluteMonocyteCount_Avg_preclinical
1.0,7.380867004394531,834.7514038085938,7.380867004394531,834.7514038085938,EosinophilCountAbsolute_Max_acute
