weight,total_gain,total_cover,gain,cover,feature
13.0,50.529998779296875,2138.99072265625,3.88692307472229,164.53775024414062,index
2.0,8.053024291992188,193.267822265625,4.026512145996094,96.6339111328125,MeanCorpuscularHemoglobinConcentration_Avg_acute
2.0,7.570323944091797,175.28225708007812,3.7851619720458984,87.64112854003906,MeanCorpuscularHemoglobinConcentration_Max_acute
1.0,3.585782051086426,49.23950958251953,3.585782051086426,49.23950958251953,MeanCorpuscularHemoglobin_Min_chronic
1.0,3.5814926624298096,53.492427825927734,3.5814926624298096,53.492427825927734,MeanCorpuscularVolume_Min_acute
2.0,7.163022994995117,103.639892578125,3.5815114974975586,51.8199462890625,EosinophilsPercentage_Min_chronic
10.0,36.05702209472656,715.5640258789062,3.6057021617889404,71.55640411376953,BasophilsPercentage_Min_chronic
3.0,11.179100036621094,317.00146484375,3.7263667583465576,105.66715240478516,AbsoluteNeutrophilCount_Max_acute
2.0,7.5367431640625,204.45144653320312,3.76837158203125,102.22572326660156,AbsoluteNeutrophilCount_Min_acute
1.0,4.107604503631592,20.17011260986328,4.107604503631592,20.17011260986328,MeanPlateletVolume_Avg_acute
8.0,36.78014373779297,386.2684020996094,4.597517967224121,48.28355026245117,MeanPlateletVolume_Max_acute
10.0,39.32331466674805,1276.2630615234375,3.9323315620422363,127.62630462646484,MeanPlateletVolume_Min_acute
2.0,8.609258651733398,50.973663330078125,4.304629325866699,25.486831665039062,MeanPlateletVolume_Min_chronic
1.0,3.579303741455078,47.17322540283203,3.579303741455078,47.17322540283203,Plateletcrit_Max_acute
