weight,total_gain,total_cover,gain,cover,feature
1.0,8.834754943847656,39.89353942871094,8.834754943847656,39.89353942871094,MeanCorpuscularHemoglobin_Max_preclinical
