weight,total_gain,total_cover,gain,cover,feature
1.0,9.542430877685547,982.89013671875,9.542430877685547,982.89013671875,WhiteBloodCellCount_Max_acute
4.0,43.055908203125,3961.36474609375,10.76397705078125,990.3411865234375,WhiteBloodCellCount_Min_acute
