weight,total_gain,total_cover,gain,cover,feature
64.0,245.54019165039062,10541.259765625,3.8365654945373535,164.70718383789062,index
6.0,23.191661834716797,622.1066284179688,3.865277051925659,103.68444061279297,MeanCorpuscularHemoglobinConcentration_Avg_acute
10.0,38.52335739135742,851.4093627929688,3.8523356914520264,85.14093780517578,MeanCorpuscularHemoglobinConcentration_Max_acute
5.0,18.660314559936523,235.13235473632812,3.732062816619873,47.02647018432617,MeanCorpuscularVolume_Min_acute
3.0,11.193365097045898,149.128662109375,3.731121778488159,49.70955276489258,EosinophilsPercentage_Min_chronic
49.0,183.26853942871094,3337.1142578125,3.7401742935180664,68.1043701171875,BasophilsPercentage_Min_chronic
15.0,57.60713195800781,1475.6434326171875,3.840475559234619,98.37622833251953,AbsoluteNeutrophilCount_Max_acute
6.0,22.555908203125,656.5615234375,3.7593181133270264,109.42691802978516,AbsoluteNeutrophilCount_Min_acute
2.0,7.4997663497924805,173.2913818359375,3.7498831748962402,86.64569091796875,MeanPlateletVolume_Avg_acute
50.0,228.45489501953125,2393.207763671875,4.569097995758057,47.86415481567383,MeanPlateletVolume_Max_acute
46.0,181.62120056152344,5667.48876953125,3.948287010192871,123.2062759399414,MeanPlateletVolume_Min_acute
4.0,17.35454559326172,91.91058349609375,4.33863639831543,22.977645874023438,MeanPlateletVolume_Min_chronic
3.0,11.191953659057617,136.42156982421875,3.7306511402130127,45.47385787963867,Plateletcrit_Max_acute
