weight,total_gain,total_cover,gain,cover,feature
1.0,8.03732681274414,989.52685546875,8.03732681274414,989.52685546875,WhiteBloodCellCount_Avg_acute
1.0,6.5899658203125,891.82421875,6.5899658203125,891.82421875,WhiteBloodCellCount_Avg_preclinical
1.0,7.189922332763672,993.2708740234375,7.189922332763672,993.2708740234375,MeanCorpuscularHemoglobin_Max_preclinical
2.0,13.734403610229492,2038.3411865234375,6.867201805114746,1019.1705932617188,MeanCorpuscularHemoglobin_Min_preclinical
5.0,38.61577224731445,5074.99658203125,7.723154544830322,1014.9993286132812,EosinophilsPercentage_Avg_acute
1.0,8.292610168457031,758.0507202148438,8.292610168457031,758.0507202148438,CReactiveProtein_Min_acute
1.0,8.056278228759766,1088.340576171875,8.056278228759766,1088.340576171875,AntiM2_Max_acute
1.0,11.127065658569336,1055.877197265625,11.127065658569336,1055.877197265625,UrineProtein_Max_preclinical
2.0,20.294288635253906,2134.41796875,10.147144317626953,1067.208984375,UrineProtein_Avg_preclinical
10.0,83.29915618896484,10982.380859375,8.329916000366211,1098.238037109375,UrineSpecificGravity_Min_preclinical
