weight,total_gain,total_cover,gain,cover,feature
2.0,10.59228515625,5510.8388671875,5.296142578125,2755.41943359375,LymphocytesPercentage_Min
84.0,711.169921875,189482.375,8.46630859375,2255.74267578125,NeutrophilsPercentage_Max
86.0,4547.13427734375,257733.765625,52.873653411865234,2996.904296875,EosinophilsPercentage_Avg
2.0,21.205078125,1812.7547607421875,10.6025390625,906.3773803710938,AbsoluteNeutrophilCount_Avg
84.0,1533.306396484375,60927.76953125,18.253646850585938,725.33056640625,AbsoluteNeutrophilCount_Max
