weight,total_gain,total_cover,gain,cover,feature
5.0,52.468162536621094,3403.831787109375,10.493632316589355,680.766357421875,MeanCorpuscularHemoglobinConcentration_Max_preclinical
1.0,10.74452018737793,675.6600952148438,10.74452018737793,675.6600952148438,MeanCorpuscularHemoglobinConcentration_Avg_preclinical
3.0,39.639442443847656,1110.951904296875,13.213147163391113,370.3172912597656,PlateletCount_Max_acute
2.0,22.929304122924805,757.5892944335938,11.464652061462402,378.7946472167969,PlateletCount_Avg_acute
1.0,10.186463356018066,679.2176513671875,10.186463356018066,679.2176513671875,Hemoglobin_Max_preclinical
