weight,total_gain,total_cover,gain,cover,feature
13.0,49.15142059326172,2206.19921875,3.7808785438537598,169.70762634277344,index
1.0,3.6639938354492188,111.61079406738281,3.6639938354492188,111.61079406738281,MeanCorpuscularHemoglobinConcentration_Avg_acute
2.0,7.579929351806641,171.96475219726562,3.7899646759033203,85.98237609863281,MeanCorpuscularHemoglobinConcentration_Max_acute
1.0,3.6138830184936523,47.7669792175293,3.6138830184936523,47.7669792175293,MeanCorpuscularVolume_Min_acute
1.0,3.602073907852173,45.2197380065918,3.602073907852173,45.2197380065918,EosinophilsPercentage_Min_chronic
10.0,36.466880798339844,696.1433715820312,3.6466879844665527,69.61433410644531,BasophilsPercentage_Min_chronic
3.0,11.382740020751953,313.189697265625,3.7942466735839844,104.39656829833984,AbsoluteNeutrophilCount_Max_acute
1.0,3.5987396240234375,117.7742691040039,3.5987396240234375,117.7742691040039,AbsoluteNeutrophilCount_Min_acute
12.0,51.68040466308594,585.1868286132812,4.306700229644775,48.765567779541016,MeanPlateletVolume_Max_acute
9.0,34.24407958984375,1257.9241943359375,3.8048977851867676,139.76934814453125,MeanPlateletVolume_Min_acute
1.0,4.1027021408081055,23.681720733642578,4.1027021408081055,23.681720733642578,MeanPlateletVolume_Min_chronic
1.0,3.6065213680267334,45.40553283691406,3.6065213680267334,45.40553283691406,Plateletcrit_Max_acute
