weight,total_gain,total_cover,gain,cover,feature
4.0,21.462589263916016,562.1272583007812,5.365647315979004,140.5318145751953,index
6.0,32.1951789855957,339.5758056640625,5.36586332321167,56.59596633911133,BasophilsPercentage_Min_chronic
7.0,48.368736267089844,306.21612548828125,6.909819602966309,43.74515914916992,MeanPlateletVolume_Max_acute
7.0,37.81285095214844,644.6236572265625,5.401835918426514,92.08909606933594,MeanPlateletVolume_Min_acute
