weight,total_gain,total_cover,gain,cover,feature
4.0,4.252115249633789,106.25506591796875,1.0630288124084473,26.563766479492188,MeanCorpuscularVolume_Max_acute
