weight,total_gain,total_cover,gain,cover,feature
4.0,35.374977111816406,3239.365234375,8.843744277954102,809.84130859375,MeanCorpuscularHemoglobin_Max_preclinical
1.0,8.046363830566406,411.56561279296875,8.046363830566406,411.56561279296875,MeanCorpuscularHemoglobin_Min_preclinical
1.0,7.9477620124816895,809.9337158203125,7.9477620124816895,809.9337158203125,MeanCorpuscularHemoglobin_Avg_preclinical
1.0,8.250360488891602,404.0240173339844,8.250360488891602,404.0240173339844,BasophilsPercentage_Min_acute
2.0,16.609851837158203,1008.3856201171875,8.304925918579102,504.19281005859375,AbsoluteLymphocyteCount_Avg_preclinical
3.0,24.985042572021484,2386.8427734375,8.328347206115723,795.6142578125,PlateletDistributionWidth_Max_preclinical
