weight,total_gain,total_cover,gain,cover,feature
15.0,113.8805160522461,18825.330078125,7.592034339904785,1255.02197265625,index
3.0,24.86083221435547,3618.55859375,8.286944389343262,1206.1861572265625,MeanCorpuscularHemoglobinConcentration_Avg_acute
7.0,46.644805908203125,8574.029296875,6.663543701171875,1224.861328125,MeanCorpuscularHemoglobinConcentration_Max_acute
4.0,30.973388671875,2006.8048095703125,7.74334716796875,501.7012023925781,BasophilsPercentage_Min_chronic
3.0,14.913541793823242,516.9202880859375,4.971180438995361,172.3067626953125,AbsoluteNeutrophilCount_Avg_acute
7.0,59.72490692138672,7457.1298828125,8.532129287719727,1065.3043212890625,AbsoluteNeutrophilCount_Max_acute
7.0,40.37818908691406,7951.81689453125,5.768312931060791,1135.973876953125,AbsoluteNeutrophilCount_Min_acute
3.0,18.686216354370117,3747.80322265625,6.228738784790039,1249.2677001953125,AbsoluteMonocyteCount_Avg_acute
1.0,10.677562713623047,931.4341430664062,10.677562713623047,931.4341430664062,AbsoluteEosinophilCount_Avg_acute
2.0,21.856027603149414,1862.206787109375,10.928013801574707,931.1033935546875,AbsoluteEosinophilCount_Min_chronic
8.0,159.3130340576172,8790.1455078125,19.91412925720215,1098.7681884765625,MeanPlateletVolume_Max_acute
3.0,27.490232467651367,3719.808349609375,9.163411140441895,1239.9361572265625,MeanPlateletVolume_Min_acute
2.0,12.067037582397461,515.8563232421875,6.0335187911987305,257.92816162109375,MeanPlateletVolume_Max_chronic
1.0,5.831294536590576,1089.1712646484375,5.831294536590576,1089.1712646484375,RedCellDistributionWidthCV_Min_acute
1.0,7.111701011657715,1052.1934814453125,7.111701011657715,1052.1934814453125,EosinophilCountAbsolute_Min_acute
3.0,51.23150634765625,2624.12744140625,17.07716941833496,874.7091674804688,Ro52_Avg_chronic
1.0,12.62527847290039,904.6806030273438,12.62527847290039,904.6806030273438,Ro52_Max_chronic
1.0,6.5715556144714355,1061.5230712890625,6.5715556144714355,1061.5230712890625,ThrombinTime_Max_chronic
