weight,total_gain,total_cover,gain,cover,feature
10.0,51.49519348144531,2075.277099609375,5.149519443511963,207.5277099609375,index
6.0,26.90060806274414,1083.0986328125,4.483434677124023,180.5164337158203,MeanCorpuscularHemoglobinConcentration_Avg_acute
3.0,13.878360748291016,484.204833984375,4.626120090484619,161.401611328125,MeanCorpuscularHemoglobinConcentration_Max_acute
1.0,4.184600353240967,78.72393798828125,4.184600353240967,78.72393798828125,MeanCorpuscularHemoglobin_Min_chronic
11.0,48.191123962402344,1410.916748046875,4.381011486053467,128.26515197753906,BasophilsPercentage_Min_chronic
6.0,27.567977905273438,1140.125,4.594663143157959,190.0208282470703,AbsoluteNeutrophilCount_Max_acute
4.0,17.249927520751953,835.61865234375,4.312481880187988,208.9046630859375,AbsoluteNeutrophilCount_Min_acute
1.0,5.046046733856201,41.187255859375,5.046046733856201,41.187255859375,AbsoluteMonocyteCount_Avg_acute
1.0,4.91057825088501,47.47919464111328,4.91057825088501,47.47919464111328,AbsoluteMonocyteCount_Max_acute
12.0,63.23381423950195,1074.372314453125,5.269484519958496,89.5310287475586,MeanPlateletVolume_Max_acute
9.0,44.75464630126953,1452.6124267578125,4.972738265991211,161.40138244628906,MeanPlateletVolume_Min_acute
1.0,4.66938591003418,40.03799819946289,4.66938591003418,40.03799819946289,MeanPlateletVolume_Min_chronic
2.0,8.354936599731445,157.1812744140625,4.177468299865723,78.59063720703125,Plateletcrit_Max_acute
