weight,total_gain,total_cover,gain,cover,feature
15.0,54.00967025756836,2669.06396484375,3.600644588470459,177.93759155273438,index
2.0,7.273406982421875,204.45846557617188,3.6367034912109375,102.22923278808594,MeanCorpuscularHemoglobinConcentration_Avg_acute
4.0,13.890560150146484,393.1883544921875,3.472640037536621,98.29708862304688,MeanCorpuscularHemoglobinConcentration_Max_acute
1.0,3.32321834564209,47.25892639160156,3.32321834564209,47.25892639160156,MeanCorpuscularVolume_Min_acute
1.0,3.313929557800293,44.770267486572266,3.313929557800293,44.770267486572266,EosinophilsPercentage_Min_chronic
11.0,36.920509338378906,843.00244140625,3.356410026550293,76.63658905029297,BasophilsPercentage_Min_chronic
4.0,14.25705337524414,435.78570556640625,3.564263343811035,108.94642639160156,AbsoluteNeutrophilCount_Max_acute
2.0,7.044683456420898,216.47225952148438,3.522341728210449,108.23612976074219,AbsoluteNeutrophilCount_Min_acute
2.0,7.982544898986816,54.01652145385742,3.991272449493408,27.00826072692871,AbsoluteMonocyteCount_Avg_acute
12.0,47.640174865722656,588.5711059570312,3.9700145721435547,49.04759216308594,MeanPlateletVolume_Max_acute
11.0,40.76108932495117,1354.7393798828125,3.7055535316467285,123.15812683105469,MeanPlateletVolume_Min_acute
1.0,3.6292479038238525,23.942554473876953,3.6292479038238525,23.942554473876953,MeanPlateletVolume_Min_chronic
2.0,6.636205673217773,95.44174194335938,3.3181028366088867,47.72087097167969,Plateletcrit_Max_acute
