weight,total_gain,total_cover,gain,cover,feature
125.0,1007.4332885742188,21941.708984375,8.059466361999512,175.53367614746094,WhiteBloodCellCount_Max_preclinical
13.0,185.1544189453125,696.6583251953125,14.242647171020508,53.58910369873047,WhiteBloodCellCount_Min_preclinical
7.0,37.34222412109375,1740.463623046875,5.334603309631348,248.63766479492188,WhiteBloodCellCount_Avg_preclinical
