weight,total_gain,total_cover,gain,cover,feature
4.0,36.84962463378906,3063.3017578125,9.212406158447266,765.825439453125,PlateletCount_Max_preclinical
6.0,63.525997161865234,4544.1943359375,10.587666511535645,757.36572265625,PlateletCount_Avg_preclinical
1.0,8.334714889526367,770.638427734375,8.334714889526367,770.638427734375,WhiteBloodCellCount_Min_acute
4.0,38.11005401611328,2683.08984375,9.52751350402832,670.7724609375,MeanCorpuscularHemoglobin_Max_preclinical
1.0,9.437307357788086,630.261474609375,9.437307357788086,630.261474609375,MeanCorpuscularHemoglobin_Avg_preclinical
2.0,18.991016387939453,1413.791259765625,9.495508193969727,706.8956298828125,MeanCorpuscularVolume_Max_preclinical
2.0,21.13956069946289,1401.4599609375,10.569780349731445,700.72998046875,MeanCorpuscularVolume_Min_preclinical
