weight,total_gain,total_cover,gain,cover,feature
2.0,5.7431640625,691.8116455078125,2.87158203125,345.90582275390625,NeutrophilsPercentage_Max_acute
3.0,42.01708984375,1303.694580078125,14.005696296691895,434.5648498535156,NeutrophilsPercentage_Min_acute
10.0,117.20751953125,12353.0595703125,11.720751762390137,1235.305908203125,NeutrophilsPercentage_Avg_acute
1.0,1.115966796875,852.8009033203125,1.115966796875,852.8009033203125,MeanCorpuscularHemoglobinConcentration_Min_acute
1.0,2.17578125,4280.00439453125,2.17578125,4280.00439453125,BasophilsPercentage_Min_acute
5.0,22.55078125,13140.5625,4.510156154632568,2628.112548828125,BasophilsPercentage_Avg_acute
1.0,2.201171875,4077.131103515625,2.201171875,4077.131103515625,AbsoluteNeutrophilCount_Min_acute
2.0,6.666259765625,1467.097900390625,3.3331298828125,733.5489501953125,CReactiveProtein_Avg_acute
9.0,51.732421875,13360.609375,5.748046875,1484.51220703125,TotalThyroxine_Max_acute
7.0,76.3349609375,5122.0751953125,10.904994010925293,731.7250366210938,TotalThyroxine_Min_acute
5.0,56.66552734375,3064.3046875,11.333105087280273,612.8609619140625,TotalThyroxine_Avg_acute
1.0,2.92822265625,1171.1978759765625,2.92822265625,1171.1978759765625,UrineGlucose_Max_acute
1.0,7.28857421875,237.08560180664062,7.28857421875,237.08560180664062,UrineGlucose_Min_acute
2.0,33.96875,203.10372924804688,16.984375,101.55186462402344,UrineProtein_Max_acute
1.0,3.3203125,898.1332397460938,3.3203125,898.1332397460938,Cockroach_Max_acute
1.0,6.24658203125,390.2416687011719,6.24658203125,390.2416687011719,Cockroach_Min_acute
