weight,total_gain,total_cover,gain,cover,feature
2.0,6.08544921875,987.4568481445312,3.042724609375,493.7284240722656,NeutrophilsPercentage_Max_acute
1.0,4.18359375,5455.23876953125,4.18359375,5455.23876953125,NeutrophilsPercentage_Min_acute
4.0,73.8408203125,4935.52587890625,18.460205078125,1233.8814697265625,NeutrophilsPercentage_Avg_acute
1.0,1.294891357421875,28.67814064025879,1.294891357421875,28.67814064025879,MonocytesPercentage_Min_acute
1.0,0.1772613525390625,106.8714370727539,0.1772613525390625,106.8714370727539,WhiteBloodCellCount_Min_acute
1.0,2.028564453125,723.7791748046875,2.028564453125,723.7791748046875,WhiteBloodCellCount_Avg_acute
1.0,1.2509765625,3710.9541015625,1.2509765625,3710.9541015625,MeanCorpuscularVolume_Max_acute
2.0,1.88134765625,5514.25439453125,0.940673828125,2757.127197265625,RedBloodCellCount_Max_acute
1.0,2.53515625,2664.49072265625,2.53515625,2664.49072265625,EosinophilsPercentage_Max_acute
1.0,0.3525390625,5109.4453125,0.3525390625,5109.4453125,AbsoluteNeutrophilCount_Max_acute
2.0,0.6953125,7361.5302734375,0.34765625,3680.76513671875,AbsoluteNeutrophilCount_Min_acute
1.0,1.9189453125,713.7941284179688,1.9189453125,713.7941284179688,AbsoluteMonocyteCount_Avg_acute
1.0,0.3259735107421875,74.5086669921875,0.3259735107421875,74.5086669921875,MeanPlateletVolume_Min_acute
5.0,91.197265625,8531.00390625,18.239452362060547,1706.2008056640625,TotalThyroxine_Max_acute
4.0,76.220703125,7205.51953125,19.05517578125,1801.3798828125,TotalThyroxine_Min_acute
2.0,18.599609375,2469.052734375,9.2998046875,1234.5263671875,TotalThyroxine_Avg_acute
1.0,12.60400390625,61.457061767578125,12.60400390625,61.457061767578125,RibosomalPProtein_Min_acute
2.0,43.3037109375,705.4851684570312,21.65185546875,352.7425842285156,UrineGlucose_Max_acute
1.0,23.8916015625,211.75099182128906,23.8916015625,211.75099182128906,UrineProtein_Max_acute
