weight,total_gain,total_cover,gain,cover,feature
6.0,51.69329833984375,117.96820068359375,8.61555004119873,19.661367416381836,MeanCorpuscularVolume_Min_acute
8.0,67.3865737915039,244.2528076171875,8.423321723937988,30.531600952148438,EosinophilsPercentage_Min_acute
