weight,total_gain,total_cover,gain,cover,feature
3.0,31.05083465576172,2353.961181640625,10.3502779006958,784.6537475585938,PlateletCount_Avg_preclinical
1.0,9.504920959472656,622.0174560546875,9.504920959472656,622.0174560546875,WhiteBloodCellCount_Min_acute
2.0,21.90164566040039,1246.18212890625,10.950822830200195,623.091064453125,WhiteBloodCellCount_Avg_acute
4.0,41.92999267578125,3132.318359375,10.482498168945312,783.07958984375,EosinophilsPercentage_Max_acute
