weight,total_gain,total_cover,gain,cover,feature
1.0,18.115478515625,31.601490020751953,18.115478515625,31.601490020751953,NeutrophilsPercentage_Avg
2.0,15.3858642578125,534.1317749023438,7.69293212890625,267.0658874511719,NeutrophilsPercentage_Min
2.0,441.5771484375,1986.3516845703125,220.78857421875,993.1758422851562,NeutrophilsPercentage_Avg_acute
1.0,9.267578125,2735.219970703125,9.267578125,2735.219970703125,MeanCorpuscularHemoglobinConcentration_Avg_acute
10.0,319.169921875,14120.6474609375,31.9169921875,1412.064697265625,PlateletCount_Avg_acute
1.0,151.024658203125,7.5687575340271,151.024658203125,7.5687575340271,EosinophilsPercentage_Min
12.0,3146.5458984375,13583.9384765625,262.212158203125,1131.994873046875,EosinophilsPercentage_Avg_acute
1.0,136.958984375,9.413715362548828,136.958984375,9.413715362548828,AbsoluteEosinophilCount_Avg
8.0,1627.052734375,16899.37890625,203.381591796875,2112.42236328125,AbsoluteEosinophilCount_Avg_acute
11.0,252.43603515625,2261.061767578125,22.94873046875,205.5510711669922,CReactiveProtein_Min
10.0,1123.2703857421875,7846.6611328125,112.32704162597656,784.6661376953125,CReactiveProtein_Avg_acute
1.0,2.829833984375,1112.6092529296875,2.829833984375,1112.6092529296875,CReactiveProtein_Avg_chronic
