weight,total_gain,total_cover,gain,cover,feature
5.0,31.95159912109375,4234.8369140625,6.39031982421875,846.9674072265625,NeutrophilsPercentage_Avg_acute
19.0,127.8976058959961,13261.8017578125,6.731452941894531,697.9895629882812,EosinophilsPercentage_Min_acute
1.0,8.611473083496094,368.7000427246094,8.611473083496094,368.7000427246094,EosinophilsPercentage_Avg_acute
55.0,371.12548828125,47055.0390625,6.747735977172852,855.546142578125,BasophilsPercentage_Avg_acute
39.0,269.7120361328125,28717.2421875,6.915693283081055,736.3395385742188,AbsoluteNeutrophilCount_Max_acute
11.0,75.7104721069336,6464.43359375,6.88277006149292,587.67578125,AbsoluteNeutrophilCount_Avg_acute
6.0,34.00016784667969,2468.0654296875,5.666694641113281,411.34423828125,AbsoluteMonocyteCount_Max_acute
26.0,186.97731018066406,9185.341796875,7.191434860229492,353.2823791503906,AbsoluteMonocyteCount_Avg_acute
3.0,20.838642120361328,806.034423828125,6.946214199066162,268.6781311035156,MeanPlateletVolume_Min_acute
1.0,5.6829833984375,300.2921447753906,5.6829833984375,300.2921447753906,MeanPlateletVolume_Avg_acute
2.0,10.724063873291016,318.63262939453125,5.362031936645508,159.31631469726562,CReactiveProtein_Max_acute
13.0,75.80188751220703,5717.06103515625,5.830914497375488,439.77392578125,CReactiveProtein_Min_acute
11.0,65.04154205322266,5847.29541015625,5.912867546081543,531.5723266601562,CReactiveProtein_Avg_acute
5.0,27.837478637695312,2330.927001953125,5.567495822906494,466.1853942871094,TotalThyroxine_Max_acute
9.0,49.943572998046875,4056.91357421875,5.549285888671875,450.7681884765625,TotalThyroxine_Min_acute
2.0,10.97723388671875,936.2892456054688,5.488616943359375,468.1446228027344,TotalThyroxine_Avg_acute
3.0,16.959543228149414,960.314697265625,5.653181076049805,320.1048889160156,Nucleosome_Min_acute
3.0,16.801589965820312,1249.9539794921875,5.60053014755249,416.6513366699219,UrineGlucose_Max_acute
2.0,11.095329284667969,813.134765625,5.547664642333984,406.5673828125,UrineGlucose_Min_acute
