weight,total_gain,total_cover,gain,cover,feature
12.0,48.479103088378906,1899.072509765625,4.0399250984191895,158.25604248046875,index
2.0,8.089122772216797,201.89553833007812,4.044561386108398,100.94776916503906,MeanCorpuscularHemoglobinConcentration_Avg_acute
1.0,4.045595169067383,78.30293273925781,4.045595169067383,78.30293273925781,MeanCorpuscularHemoglobinConcentration_Max_acute
1.0,3.902876377105713,49.124671936035156,3.902876377105713,49.124671936035156,MeanCorpuscularVolume_Min_acute
1.0,3.8479208946228027,54.45654296875,3.8479208946228027,54.45654296875,EosinophilsPercentage_Min_chronic
10.0,38.92184066772461,674.33203125,3.892184019088745,67.4332046508789,BasophilsPercentage_Min_chronic
1.0,4.281152725219727,86.61530303955078,4.281152725219727,86.61530303955078,AbsoluteNeutrophilCount_Max_acute
2.0,7.908424377441406,212.79331970214844,3.954212188720703,106.39665985107422,AbsoluteNeutrophilCount_Min_acute
1.0,3.863848924636841,46.20085906982422,3.863848924636841,46.20085906982422,MeanPlateletVolume_Avg_acute
9.0,43.726139068603516,390.2203063964844,4.858459949493408,43.357810974121094,MeanPlateletVolume_Max_acute
10.0,40.65437698364258,1212.475830078125,4.0654377937316895,121.2475814819336,MeanPlateletVolume_Min_acute
1.0,4.57466459274292,24.105581283569336,4.57466459274292,24.105581283569336,MeanPlateletVolume_Min_chronic
1.0,3.8317580223083496,46.848304748535156,3.8317580223083496,46.848304748535156,Plateletcrit_Max_acute
