weight,total_gain,total_cover,gain,cover,feature
1.0,7.507223129272461,564.854248046875,7.507223129272461,564.854248046875,PlateletCount_Max_preclinical
1.0,6.810309410095215,582.130859375,6.810309410095215,582.130859375,PlateletCount_Avg_preclinical
1.0,7.691900253295898,536.4965209960938,7.691900253295898,536.4965209960938,WhiteBloodCellCount_Max_acute
2.0,17.87599754333496,1331.6533203125,8.93799877166748,665.82666015625,WhiteBloodCellCount_Min_acute
1.0,7.417081832885742,561.9724731445312,7.417081832885742,561.9724731445312,MeanCorpuscularVolume_Min_acute
4.0,32.673770904541016,2381.033203125,8.168442726135254,595.25830078125,MeanCorpuscularVolume_Max_preclinical
1.0,8.64255142211914,553.788330078125,8.64255142211914,553.788330078125,MeanCorpuscularVolume_Avg_preclinical
1.0,9.120281219482422,423.8097839355469,9.120281219482422,423.8097839355469,BasophilsPercentage_Avg_acute
12.0,126.59823608398438,8019.8134765625,10.549853324890137,668.3178100585938,AbsoluteNeutrophilCount_Max_acute
7.0,60.794071197509766,4707.0029296875,8.684866905212402,672.4290161132812,AbsoluteNeutrophilCount_Avg_acute
1.0,6.935823440551758,281.0251770019531,6.935823440551758,281.0251770019531,AbsoluteMonocyteCount_Max_preclinical
1.0,9.383160591125488,663.1063232421875,9.383160591125488,663.1063232421875,AbsoluteLymphocyteCount_Avg_preclinical
3.0,25.59241485595703,1901.2103271484375,8.530804634094238,633.7367553710938,PlateletDistributionWidth_Max_preclinical
1.0,7.297083854675293,675.7395629882812,7.297083854675293,675.7395629882812,PlateletDistributionWidth_Avg_preclinical
1.0,6.584227085113525,540.3299560546875,6.584227085113525,540.3299560546875,RedCellDistributionWidth_Max_acute
1.0,6.644259452819824,685.4857788085938,6.644259452819824,685.4857788085938,RedCellDistributionWidth_Min_preclinical
2.0,16.440086364746094,923.6096801757812,8.220043182373047,461.8048400878906,RedCellDistributionWidthCV_Max_acute
