weight,total_gain,total_cover,gain,cover,feature
1.0,0.80078125,3169.2705078125,0.80078125,3169.2705078125,NeutrophilsPercentage_Max
17.0,1332.8154296875,23594.2265625,78.40090942382812,1387.8956298828125,EosinophilsPercentage_Avg
3.0,199.23681640625,4202.9794921875,66.41226959228516,1400.9931640625,EosinophilsPercentage_Max
6.0,27.86962890625,3826.388916015625,4.644937992095947,637.7315063476562,AbsoluteNeutrophilCount_Avg
6.0,45.31982421875,2245.55126953125,7.553304195404053,374.258544921875,AbsoluteNeutrophilCount_Max
1.0,3.114013671875,522.6586303710938,3.114013671875,522.6586303710938,AbsoluteNeutrophilCount_Min
