weight,total_gain,total_cover,gain,cover,feature
41.0,4428.79345703125,49823.4609375,108.01935577392578,1215.2064208984375,EosinophilsPercentage_Avg
3.0,23.27783203125,1501.7730712890625,7.75927734375,500.5910339355469,AbsoluteNeutrophilCount_Avg
28.0,531.144287109375,10888.40234375,18.969438552856445,388.87152099609375,AbsoluteNeutrophilCount_Max
5.0,3.1923828125,8360.2197265625,0.638476550579071,1672.0439453125,RedCellDistributionWidth_Avg
5.0,4.4658203125,21489.23828125,0.8931640386581421,4297.84765625,RedCellDistributionWidth_Min
