weight,total_gain,total_cover,gain,cover,feature
1.0,9.258174896240234,685.40576171875,9.258174896240234,685.40576171875,MeanCorpuscularVolume_Max_acute
3.0,25.02437400817871,1662.9759521484375,8.341458320617676,554.3253173828125,AbsoluteLymphocyteCount_Min_acute
1.0,9.841634750366211,537.6558227539062,9.841634750366211,537.6558227539062,AbsoluteLymphocyteCount_Avg_acute
6.0,58.45331573486328,4146.98876953125,9.742218971252441,691.164794921875,RedCellDistributionWidth_Min_preclinical
