weight,total_gain,total_cover,gain,cover,feature
2.0,10.508026123046875,51.92993927001953,5.2540130615234375,25.964969635009766,EosinophilsPercentage_Avg_chronic
1.0,4.757526397705078,22.123844146728516,4.757526397705078,22.123844146728516,EosinophilsPercentage_Max_chronic
14.0,103.69351959228516,662.9868774414062,7.406680107116699,47.356204986572266,EosinophilsPercentage_Min_chronic
1.0,5.5144805908203125,58.08697509765625,5.5144805908203125,58.08697509765625,PlateletDistributionWidth_Min_acute
