weight,total_gain,total_cover,gain,cover,feature
1.0,8.174050331115723,636.5150146484375,8.174050331115723,636.5150146484375,LymphocytesPercentage_Max_preclinical
2.0,22.458755493164062,999.8062744140625,11.229377746582031,499.90313720703125,LymphocytesPercentage_Avg_preclinical
6.0,58.10993957519531,4467.033203125,9.684989929199219,744.5055541992188,WhiteBloodCellCount_Max_acute
3.0,25.813125610351562,1787.029296875,8.604374885559082,595.6764526367188,WhiteBloodCellCount_Min_acute
3.0,32.84821319580078,1539.0322265625,10.9494047164917,513.0107421875,Hemoglobin_Min_acute
1.0,7.956478118896484,302.0335998535156,7.956478118896484,302.0335998535156,AbsoluteNeutrophilCount_Max_acute
1.0,10.16703987121582,467.83056640625,10.16703987121582,467.83056640625,AbsoluteNeutrophilCount_Min_preclinical
2.0,18.53033447265625,1487.7122802734375,9.265167236328125,743.8561401367188,AbsoluteMonocyteCount_Max_preclinical
3.0,26.989486694335938,2124.699951171875,8.996495246887207,708.2333374023438,CReactiveProtein_Min_acute
1.0,9.712149620056152,632.785888671875,9.712149620056152,632.785888671875,CReactiveProtein_Avg_acute
