weight,total_gain,total_cover,gain,cover,feature
4.0,39.35767364501953,2910.93896484375,9.839418411254883,727.7347412109375,LymphocytesPercentage_Avg_preclinical
1.0,11.483563423156738,718.1552734375,11.483563423156738,718.1552734375,NeutrophilsPercentage_Max_acute
3.0,26.853111267089844,573.1527099609375,8.951037406921387,191.0509033203125,MeanCorpuscularHemoglobin_Max_preclinical
5.0,50.958412170410156,3630.79638671875,10.191682815551758,726.1593017578125,MeanCorpuscularVolume_Max_acute
1.0,13.636639595031738,332.1439208984375,13.636639595031738,332.1439208984375,RedBloodCellCount_Max_preclinical
10.0,122.28083801269531,6966.1328125,12.228083610534668,696.61328125,EosinophilsPercentage_Min_acute
3.0,29.641738891601562,1136.666748046875,9.880579948425293,378.888916015625,BasophilsPercentage_Min_acute
