weight,total_gain,total_cover,gain,cover,feature
5.0,51.385658264160156,3949.65234375,10.277132034301758,789.9304809570312,MonocytesPercentage_Min_acute
2.0,18.733837127685547,1503.0750732421875,9.366918563842773,751.5375366210938,WhiteBloodCellCount_Max_acute
1.0,7.959432601928711,768.9590454101562,7.959432601928711,768.9590454101562,MeanCorpuscularVolume_Min_acute
1.0,8.99176025390625,759.3973999023438,8.99176025390625,759.3973999023438,AbsoluteEosinophilCount_Min_acute
1.0,8.13627815246582,773.3209838867188,8.13627815246582,773.3209838867188,UrineSpecificGravity_Min_preclinical
