weight,total_gain,total_cover,gain,cover,feature
1.0,9.369136810302734,744.87744140625,9.369136810302734,744.87744140625,WhiteBloodCellCount_Max_acute
2.0,21.857585906982422,1470.737548828125,10.928792953491211,735.3687744140625,WhiteBloodCellCount_Avg_acute
4.0,41.50745391845703,2969.613037109375,10.376863479614258,742.4032592773438,EosinophilsPercentage_Avg_acute
2.0,22.234498977661133,388.36773681640625,11.117249488830566,194.18386840820312,RedCellDistributionWidth_Max_acute
1.0,12.15512752532959,642.06298828125,12.15512752532959,642.06298828125,ReverseTriiodothyronine_Max_acute
1.0,11.122997283935547,648.7982788085938,11.122997283935547,648.7982788085938,ReverseTriiodothyronine_Avg_acute
