weight,total_gain,total_cover,gain,cover,feature
107.0,882.0269165039062,179217.703125,8.243242263793945,1674.9317626953125,index
80.0,652.7001953125,127204.890625,8.15875244140625,1590.0611572265625,MeanCorpuscularHemoglobinConcentration_Avg_acute
6.0,38.186561584472656,6247.95849609375,6.364427089691162,1041.326416015625,WhiteBloodCellCount_Avg_acute
5.0,31.00374984741211,6670.05029296875,6.20074987411499,1334.010009765625,WhiteBloodCellCount_Max_acute
1.0,5.460355281829834,349.6039733886719,5.460355281829834,349.6039733886719,BasophilsPercentage_Avg_acute
20.0,119.99169158935547,7371.142578125,5.999584674835205,368.55712890625,BasophilsPercentage_Min_chronic
16.0,118.33596801757812,15563.9375,7.395998001098633,972.74609375,AbsoluteNeutrophilCount_Avg_acute
4.0,24.830276489257812,5335.41796875,6.207569122314453,1333.8544921875,AbsoluteNeutrophilCount_Max_acute
80.0,655.8319702148438,80484.828125,8.19789981842041,1006.0603637695312,AbsoluteNeutrophilCount_Min_acute
53.0,405.6887512207031,29499.109375,7.654504776000977,556.5869750976562,AbsoluteMonocyteCount_Avg_acute
9.0,80.05450439453125,11412.7490234375,8.89494514465332,1268.083251953125,AbsoluteEosinophilCount_Avg_acute
5.0,26.23006248474121,1795.3974609375,5.2460126876831055,359.0794982910156,AbsoluteBasophilCount_Min_chronic
55.0,997.2466430664062,87945.1171875,18.131757736206055,1599.0020751953125,MeanPlateletVolume_Max_acute
30.0,221.43197631835938,51393.11328125,7.381065845489502,1713.103759765625,MeanPlateletVolume_Min_acute
2.0,12.070621490478516,738.588134765625,6.035310745239258,369.2940673828125,MeanPlateletVolume_Max_chronic
4.0,23.492671966552734,5527.65869140625,5.873167991638184,1381.9146728515625,RedCellDistributionWidthCV_Min_acute
8.0,42.382896423339844,2807.207763671875,5.2978620529174805,350.9009704589844,RedCellDistributionWidthCV_Min_chronic
45.0,545.4703369140625,55255.82421875,12.121562957763672,1227.9072265625,Ro52_Avg_chronic
1.0,15.856155395507812,1189.1624755859375,15.856155395507812,1189.1624755859375,Ro52_Max_chronic
