weight,total_gain,total_cover,gain,cover,feature
2.0,8.902551651000977,434.81732177734375,4.451275825500488,217.40866088867188,index
3.0,10.953618049621582,498.46990966796875,3.6512060165405273,166.15663146972656,LymphocytesPercentage_Max_preclinical
1.0,3.460114002227783,86.72340393066406,3.460114002227783,86.72340393066406,LymphocytesPercentage_Min_preclinical
6.0,33.35368728637695,4685.00927734375,5.558948040008545,780.8348999023438,MonocytesPercentage_Min_acute
1.0,2.9358444213867188,167.355712890625,2.9358444213867188,167.355712890625,MeanCorpuscularHemoglobinConcentration_Max_preclinical
3.0,10.545580863952637,2335.92822265625,3.5151937007904053,778.6427612304688,PlateletCount_Max_acute
2.0,5.978202819824219,1468.981201171875,2.9891014099121094,734.4906005859375,PlateletCount_Max_preclinical
4.0,25.666004180908203,2630.985595703125,6.416501045227051,657.7463989257812,WhiteBloodCellCount_Max_acute
5.0,19.620615005493164,3555.33203125,3.9241230487823486,711.06640625,WhiteBloodCellCount_Max_preclinical
1.0,4.213648796081543,744.2510375976562,4.213648796081543,744.2510375976562,WhiteBloodCellCount_Avg_preclinical
5.0,29.169870376586914,3470.197265625,5.8339738845825195,694.0394287109375,MeanCorpuscularHemoglobin_Max_preclinical
2.0,6.120512962341309,919.32373046875,3.0602564811706543,459.661865234375,EosinophilsPercentage_Max_preclinical
1.0,2.923351287841797,511.0373840332031,2.923351287841797,511.0373840332031,AbsoluteLymphocyteCount_Min_acute
2.0,8.814573287963867,953.0404052734375,4.407286643981934,476.52020263671875,PlateletDistributionWidth_Min_acute
1.0,3.6143882274627686,734.5873413085938,3.6143882274627686,734.5873413085938,Plateletcrit_Max_preclinical
3.0,11.478768348693848,1387.69580078125,3.826256036758423,462.5652770996094,EosinophilCountAbsolute_Max_preclinical
1.0,4.087372303009033,692.89990234375,4.087372303009033,692.89990234375,AntiScl70_Max_acute
4.0,20.033300399780273,2554.764404296875,5.008325099945068,638.6911010742188,UrineProtein_Max_preclinical
