weight,total_gain,total_cover,gain,cover,feature
1.0,11.272150039672852,387.5413818359375,11.272150039672852,387.5413818359375,MeanCorpuscularHemoglobinConcentration_Min_acute
3.0,29.500041961669922,3080.5224609375,9.83334732055664,1026.8408203125,MeanCorpuscularHemoglobinConcentration_Max_preclinical
1.0,8.948370933532715,393.3573913574219,8.948370933532715,393.3573913574219,MeanCorpuscularVolume_Max_acute
3.0,30.71962547302246,3080.04833984375,10.239874839782715,1026.6827392578125,EosinophilsPercentage_Min_acute
2.0,18.636125564575195,2052.861083984375,9.318062782287598,1026.4305419921875,EosinophilsPercentage_Avg_acute
1.0,9.442352294921875,749.6356811523438,9.442352294921875,749.6356811523438,AbsoluteMonocyteCount_Avg_preclinical
