weight,total_gain,total_cover,gain,cover,feature
1.0,8.816038131713867,621.4818115234375,8.816038131713867,621.4818115234375,NeutrophilsPercentage_Max_acute
4.0,41.98802185058594,3077.48388671875,10.497005462646484,769.3709716796875,WhiteBloodCellCount_Max_acute
4.0,40.49653244018555,3080.791259765625,10.124133110046387,770.1978149414062,WhiteBloodCellCount_Min_acute
1.0,8.832426071166992,676.5015869140625,8.832426071166992,676.5015869140625,MeanCorpuscularHemoglobin_Max_preclinical
2.0,19.607620239257812,1327.9544677734375,9.803810119628906,663.9772338867188,EosinophilsPercentage_Max_acute
4.0,42.21188735961914,3059.387451171875,10.552971839904785,764.8468627929688,EosinophilsPercentage_Avg_acute
1.0,8.832653999328613,186.4658966064453,8.832653999328613,186.4658966064453,AbsoluteNeutrophilCount_Avg_acute
1.0,11.410004615783691,639.6287841796875,11.410004615783691,639.6287841796875,AbsoluteEosinophilCount_Avg_acute
