weight,total_gain,total_cover,gain,cover,feature
1.0,7.449609279632568,15.888080596923828,7.449609279632568,15.888080596923828,MeanCorpuscularHemoglobin_Max_preclinical
2.0,15.207860946655273,32.32529830932617,7.603930473327637,16.162649154663086,MeanCorpuscularHemoglobin_Avg_preclinical
6.0,45.70254135131836,184.72093200683594,7.617090225219727,30.786821365356445,EosinophilsPercentage_Min_acute
1.0,7.742684841156006,20.115671157836914,7.742684841156006,20.115671157836914,AbsoluteNeutrophilCount_Avg_acute
