weight,total_gain,total_cover,gain,cover,feature
5.0,53.87579345703125,3479.734130859375,10.775158882141113,695.9468383789062,WhiteBloodCellCount_Avg_acute
4.0,45.535614013671875,2776.6025390625,11.383903503417969,694.150634765625,MeanCorpuscularVolume_Max_preclinical
1.0,11.544139862060547,690.2006225585938,11.544139862060547,690.2006225585938,MeanCorpuscularVolume_Avg_preclinical
2.0,20.04041862487793,1057.59033203125,10.020209312438965,528.795166015625,RedCellDistributionWidth_Min_acute
