weight,total_gain,total_cover,gain,cover,feature
5.0,38.552978515625,418.7142333984375,7.710595607757568,83.74284362792969,PlateletCount_Min_preclinical
3.0,8.786285400390625,769.4334716796875,2.9287617206573486,256.4778137207031,Plateletcrit_Min_preclinical
4.0,22.943695068359375,820.4862060546875,5.735923767089844,205.12155151367188,AntiScl70_Max_acute
2.0,10.6376953125,343.74407958984375,5.31884765625,171.87203979492188,AntiScl70_Min_acute
