weight,total_gain,total_cover,gain,cover,feature
8.0,41.20879364013672,978.710205078125,5.15109920501709,122.33877563476562,index
1.0,5.070873260498047,67.31904602050781,5.070873260498047,67.31904602050781,MeanCorpuscularHemoglobinConcentration_Max_acute
1.0,5.047837257385254,43.857635498046875,5.047837257385254,43.857635498046875,EosinophilsPercentage_Min_chronic
6.0,30.48128890991211,340.05987548828125,5.080214977264404,56.6766471862793,BasophilsPercentage_Min_chronic
1.0,5.40504264831543,73.72209167480469,5.40504264831543,73.72209167480469,AbsoluteNeutrophilCount_Max_acute
6.0,37.82410430908203,297.14947509765625,6.304017543792725,49.5249137878418,MeanPlateletVolume_Max_acute
7.0,35.90310287475586,660.2600708007812,5.129014492034912,94.32286834716797,MeanPlateletVolume_Min_acute
