weight,total_gain,total_cover,gain,cover,feature
6.0,61.95083236694336,4818.9560546875,10.325139045715332,803.1593627929688,WhiteBloodCellCount_Min_acute
9.0,90.30867767333984,6917.64111328125,10.034297943115234,768.6267700195312,EosinophilsPercentage_Avg_acute
1.0,9.572834014892578,421.0759582519531,9.572834014892578,421.0759582519531,PlateletDistributionWidth_Max_acute
1.0,7.941326141357422,568.33837890625,7.941326141357422,568.33837890625,CReactiveProtein_Min_acute
