weight,total_gain,total_cover,gain,cover,feature
2.0,19.160213470458984,1263.446044921875,9.580106735229492,631.7230224609375,MeanCorpuscularHemoglobinConcentration_Max_preclinical
4.0,43.755699157714844,3038.328857421875,10.938924789428711,759.5822143554688,WhiteBloodCellCount_Max_acute
2.0,21.11719512939453,1540.1214599609375,10.558597564697266,770.0607299804688,WhiteBloodCellCount_Min_acute
7.0,78.82184600830078,5437.87939453125,11.260263442993164,776.8399047851562,EosinophilsPercentage_Min_acute
5.0,61.00794982910156,3784.970947265625,12.201589584350586,756.9942016601562,EosinophilsPercentage_Avg_acute
1.0,9.156835556030273,217.24798583984375,9.156835556030273,217.24798583984375,AbsoluteNeutrophilCount_Avg_acute
1.0,9.791415214538574,647.5977172851562,9.791415214538574,647.5977172851562,EosinophilCountAbsolute_Min_preclinical
