weight,total_gain,total_cover,gain,cover,feature
8.0,43.429542541503906,168.72543334960938,5.428692817687988,21.090679168701172,MeanCorpuscularHemoglobin_Max_acute
2.0,10.822892189025879,52.168296813964844,5.4114460945129395,26.084148406982422,MeanCorpuscularHemoglobin_Min_acute
1.0,5.3787384033203125,27.282833099365234,5.3787384033203125,27.282833099365234,BasophilsPercentage_Max_preclinical
1.0,5.305576324462891,9.924565315246582,5.305576324462891,9.924565315246582,AbsoluteMonocyteCount_Max_preclinical
1.0,5.378186225891113,21.06574058532715,5.378186225891113,21.06574058532715,EosinophilCountAbsolute_Min_preclinical
