{
    "roc_auc": [
        {
            "binary_threshold": 42,
            "fpr": [
                0.0,
                0.0,
                0.0,
                0.05263157894736842,
                0.05263157894736842,
                0.10526315789473684,
                0.10526315789473684,
                0.3157894736842105,
                0.3157894736842105,
                0.47368421052631576,
                0.47368421052631576,
                0.5789473684210527,
                0.5789473684210527,
                0.631578947368421,
                0.631578947368421,
                0.6842105263157895,
                0.6842105263157895,
                0.9473684210526315,
                0.9473684210526315,
                1.0
            ],
            "tpr": [
                0.0,
                0.05,
                0.25,
                0.25,
                0.5,
                0.5,
                0.6,
                0.6,
                0.65,
                0.65,
                0.7,
                0.7,
                0.75,
                0.75,
                0.85,
                0.85,
                0.95,
                0.95,
                1.0,
                1.0
            ],
            "thresholds": [
                Infinity,
                777.078125,
                353.68359375,
                333.30816650390625,
                155.3199462890625,
                143.77456665039062,
                105.49370574951172,
                71.2197494506836,
                70.55831146240234,
                58.44809341430664,
                48.93717956542969,
                44.373836517333984,
                43.563438415527344,
                37.06624984741211,
                25.956186294555664,
                21.538225173950195,
                20.4880428314209,
                11.957719802856445,
                11.779489517211914,
                8.78988265991211
            ],
            "roc_auc": 0.7289473684210526
        }
    ],
    "prerec_auc": [
        {
            "binary_threshold": 42,
            "precision": [
                0.5128205128205128,
                0.5263157894736842,
                0.5135135135135135,
                0.5277777777777778,
                0.5428571428571428,
                0.5588235294117647,
                0.5757575757575758,
                0.59375,
                0.5806451612903226,
                0.5666666666666667,
                0.5862068965517241,
                0.5714285714285714,
                0.5555555555555556,
                0.5769230769230769,
                0.56,
                0.5833333333333334,
                0.6086956521739131,
                0.5909090909090909,
                0.6190476190476191,
                0.65,
                0.6842105263157895,
                0.6666666666666666,
                0.7058823529411765,
                0.75,
                0.8,
                0.8571428571428571,
                0.8461538461538461,
                0.8333333333333334,
                0.9090909090909091,
                0.9,
                0.8888888888888888,
                0.875,
                0.8571428571428571,
                0.8333333333333334,
                1.0,
                1.0,
                1.0,
                1.0,
                1.0,
                1.0
            ],
            "recall": [
                1.0,
                1.0,
                0.95,
                0.95,
                0.95,
                0.95,
                0.95,
                0.95,
                0.9,
                0.85,
                0.85,
                0.8,
                0.75,
                0.75,
                0.7,
                0.7,
                0.7,
                0.65,
                0.65,
                0.65,
                0.65,
                0.6,
                0.6,
                0.6,
                0.6,
                0.6,
                0.55,
                0.5,
                0.5,
                0.45,
                0.4,
                0.35,
                0.3,
                0.25,
                0.25,
                0.2,
                0.15,
                0.1,
                0.05,
                0.0
            ],
            "thresholds": [
                8.78988265991211,
                11.779489517211914,
                11.957719802856445,
                14.37586784362793,
                14.960428237915039,
                18.122215270996094,
                18.65645980834961,
                20.4880428314209,
                21.051137924194336,
                21.538225173950195,
                25.956186294555664,
                34.300289154052734,
                37.06624984741211,
                43.563438415527344,
                44.373836517333984,
                45.70094299316406,
                48.93717956542969,
                58.44809341430664,
                61.112552642822266,
                67.91796112060547,
                70.55831146240234,
                71.2197494506836,
                76.75878143310547,
                94.34644317626953,
                96.65485382080078,
                105.49370574951172,
                142.9251251220703,
                143.77456665039062,
                155.3199462890625,
                223.45306396484375,
                232.03077697753906,
                246.79885864257812,
                270.33203125,
                333.30816650390625,
                353.68359375,
                486.97894287109375,
                543.296630859375,
                556.1993408203125,
                777.078125
            ],
            "prerec_auc": 0.7875208129364772
        }
    ]
}