weight,total_gain,total_cover,gain,cover,feature
7.0,41.8159294128418,717.8004760742188,5.9737043380737305,102.54292297363281,index
1.0,6.074224472045898,54.62440872192383,6.074224472045898,54.62440872192383,MeanCorpuscularHemoglobinConcentration_Max_acute
4.0,23.471181869506836,204.90354919433594,5.867795467376709,51.225887298583984,BasophilsPercentage_Min_chronic
1.0,6.436067581176758,59.649532318115234,6.436067581176758,59.649532318115234,AbsoluteNeutrophilCount_Max_acute
5.0,37.03424835205078,213.79098510742188,7.4068498611450195,42.75819778442383,MeanPlateletVolume_Max_acute
5.0,29.895366668701172,438.3304443359375,5.979073524475098,87.66609191894531,MeanPlateletVolume_Min_acute
