weight,total_gain,total_cover,gain,cover,feature
3.0,30.14333152770996,3019.37451171875,10.04777717590332,1006.4581909179688,WhiteBloodCellCount_Min_acute
2.0,16.57312774658203,2053.053955078125,8.286563873291016,1026.5269775390625,MeanCorpuscularVolume_Max_acute
1.0,7.687028884887695,840.2267456054688,7.687028884887695,840.2267456054688,MeanCorpuscularVolume_Max_preclinical
1.0,8.763261795043945,831.5490112304688,8.763261795043945,831.5490112304688,MeanCorpuscularVolume_Min_preclinical
4.0,32.8560791015625,2618.437255859375,8.214019775390625,654.6093139648438,Hemoglobin_Min_acute
2.0,16.033878326416016,2070.5029296875,8.016939163208008,1035.25146484375,EosinophilsPercentage_Avg_acute
5.0,50.6380615234375,5066.2880859375,10.127612113952637,1013.2576293945312,AbsoluteNeutrophilCount_Avg_acute
