weight,total_gain,total_cover,gain,cover,feature
1.0,7.955994129180908,228.00868225097656,7.955994129180908,228.00868225097656,LymphocytesPercentage_Min_preclinical
1.0,6.917393684387207,891.9405517578125,6.917393684387207,891.9405517578125,MeanCorpuscularHemoglobinConcentration_Avg_preclinical
2.0,16.692977905273438,2003.971435546875,8.346488952636719,1001.9857177734375,WhiteBloodCellCount_Max_acute
1.0,7.029441833496094,663.931884765625,7.029441833496094,663.931884765625,MeanCorpuscularHemoglobin_Min_preclinical
