{
    "roc_auc": [
        {
            "binary_threshold": 42,
            "fpr": [
                0.0,
                0.0,
                0.0,
                0.09523809523809523,
                0.09523809523809523,
                0.19047619047619047,
                0.19047619047619047,
                0.23809523809523808,
                0.23809523809523808,
                0.2857142857142857,
                0.2857142857142857,
                0.3333333333333333,
                0.3333333333333333,
                0.38095238095238093,
                0.38095238095238093,
                0.42857142857142855,
                0.42857142857142855,
                0.47619047619047616,
                0.47619047619047616,
                0.5238095238095238,
                0.5238095238095238,
                0.6190476190476191,
                0.6190476190476191,
                0.6666666666666666,
                0.6666666666666666,
                0.8571428571428571,
                0.8571428571428571,
                0.9047619047619048,
                0.9047619047619048,
                0.9523809523809523,
                0.9523809523809523,
                1.0,
                1.0
            ],
            "tpr": [
                0.0,
                0.018518518518518517,
                0.18518518518518517,
                0.18518518518518517,
                0.2222222222222222,
                0.2222222222222222,
                0.37037037037037035,
                0.37037037037037035,
                0.48148148148148145,
                0.48148148148148145,
                0.5740740740740741,
                0.5740740740740741,
                0.6851851851851852,
                0.6851851851851852,
                0.7037037037037037,
                0.7037037037037037,
                0.7407407407407407,
                0.7407407407407407,
                0.7777777777777778,
                0.7777777777777778,
                0.8148148148148148,
                0.8148148148148148,
                0.8518518518518519,
                0.8518518518518519,
                0.9259259259259259,
                0.9259259259259259,
                0.9444444444444444,
                0.9444444444444444,
                0.9629629629629629,
                0.9629629629629629,
                0.9814814814814815,
                0.9814814814814815,
                1.0
            ],
            "thresholds": [
                Infinity,
                662.9547729492188,
                398.3709716796875,
                391.4309387207031,
                367.46270751953125,
                337.0307922363281,
                288.0102844238281,
                281.4142761230469,
                251.8365936279297,
                248.684326171875,
                231.312744140625,
                231.0817413330078,
                201.14500427246094,
                195.0487060546875,
                187.59909057617188,
                187.04592895507812,
                184.48512268066406,
                179.53958129882812,
                171.85118103027344,
                170.0457763671875,
                158.2740478515625,
                157.0803680419922,
                142.64723205566406,
                137.9097900390625,
                94.13224029541016,
                64.23441314697266,
                55.82912826538086,
                49.991947174072266,
                46.989864349365234,
                44.96797561645508,
                38.47327423095703,
                31.659530639648438,
                28.696205139160156
            ],
            "roc_auc": 0.6772486772486772
        }
    ],
    "prerec_auc": [
        {
            "binary_threshold": 42,
            "precision": [
                0.72,
                0.7162162162162162,
                0.726027397260274,
                0.7222222222222222,
                0.7323943661971831,
                0.7285714285714285,
                0.7391304347826086,
                0.7352941176470589,
                0.746268656716418,
                0.7575757575757576,
                0.7692307692307693,
                0.78125,
                0.7777777777777778,
                0.7741935483870968,
                0.7704918032786885,
                0.7666666666666667,
                0.7796610169491526,
                0.7758620689655172,
                0.7719298245614035,
                0.7857142857142857,
                0.8,
                0.7962962962962963,
                0.7924528301886793,
                0.8076923076923077,
                0.803921568627451,
                0.8,
                0.8163265306122449,
                0.8125,
                0.8085106382978723,
                0.8260869565217391,
                0.8222222222222222,
                0.8409090909090909,
                0.8372093023255814,
                0.8333333333333334,
                0.8292682926829268,
                0.825,
                0.8205128205128205,
                0.8157894736842105,
                0.8378378378378378,
                0.8333333333333334,
                0.8285714285714286,
                0.8235294117647058,
                0.8181818181818182,
                0.8125,
                0.8387096774193549,
                0.8333333333333334,
                0.8275862068965517,
                0.8214285714285714,
                0.8148148148148148,
                0.8076923076923077,
                0.8,
                0.8333333333333334,
                0.8260869565217391,
                0.8181818181818182,
                0.8095238095238095,
                0.8,
                0.7894736842105263,
                0.7777777777777778,
                0.7647058823529411,
                0.75,
                0.8,
                0.8571428571428571,
                0.8461538461538461,
                0.8333333333333334,
                0.9090909090909091,
                1.0,
                1.0,
                1.0,
                1.0,
                1.0,
                1.0,
                1.0,
                1.0,
                1.0,
                1.0,
                1.0
            ],