weight,total_gain,total_cover,gain,cover,feature
3.0,30.03300666809082,3292.88330078125,10.011002540588379,1097.6278076171875,WhiteBloodCellCount_Max_acute
1.0,8.986031532287598,1099.742919921875,8.986031532287598,1099.742919921875,AbsoluteNeutrophilCount_Max_acute
