weight,total_gain,total_cover,gain,cover,feature
1.0,10.496583938598633,633.7294921875,10.496583938598633,633.7294921875,NeutrophilsPercentage_Max_acute
1.0,8.49191665649414,649.891357421875,8.49191665649414,649.891357421875,MeanCorpuscularVolume_Max_acute
2.0,17.46571922302246,1294.14306640625,8.73285961151123,647.071533203125,MeanCorpuscularVolume_Max_preclinical
2.0,25.654796600341797,1242.5341796875,12.827398300170898,621.26708984375,MeanCorpuscularVolume_Avg_preclinical
2.0,21.56460952758789,1266.2496337890625,10.782304763793945,633.1248168945312,EosinophilsPercentage_Min_acute
1.0,7.720914840698242,342.7206726074219,7.720914840698242,342.7206726074219,AbsoluteNeutrophilCount_Max_preclinical
