weight,total_gain,total_cover,gain,cover,feature
13.0,49.696449279785156,2212.8447265625,3.8228037357330322,170.2188262939453,index
3.0,11.62026596069336,311.0263977050781,3.8734219074249268,103.67546844482422,MeanCorpuscularHemoglobinConcentration_Avg_acute
1.0,3.821697235107422,82.89131927490234,3.821697235107422,82.89131927490234,MeanCorpuscularHemoglobinConcentration_Max_acute
1.0,3.6862335205078125,47.04664993286133,3.6862335205078125,47.04664993286133,MeanCorpuscularVolume_Min_acute
1.0,3.68345308303833,44.41461944580078,3.68345308303833,44.41461944580078,EosinophilsPercentage_Min_chronic
10.0,37.19380187988281,703.7506103515625,3.7193801403045654,70.37506103515625,BasophilsPercentage_Min_chronic
1.0,3.8683700561523438,92.12287139892578,3.8683700561523438,92.12287139892578,AbsoluteNeutrophilCount_Max_acute
3.0,11.288944244384766,328.35211181640625,3.762981414794922,109.4507064819336,AbsoluteNeutrophilCount_Min_acute
11.0,49.84856033325195,569.7822875976562,4.531687259674072,51.79838943481445,MeanPlateletVolume_Max_acute
10.0,38.981014251708984,1220.967041015625,3.898101329803467,122.0967025756836,MeanPlateletVolume_Min_acute
1.0,4.1209917068481445,23.419658660888672,4.1209917068481445,23.419658660888672,MeanPlateletVolume_Min_chronic
1.0,3.69612717628479,48.70896530151367,3.69612717628479,48.70896530151367,Plateletcrit_Max_acute
