weight,total_gain,total_cover,gain,cover,feature
22.0,134.00631713867188,38220.95703125,6.091196060180664,1737.3162841796875,index
4.0,36.868560791015625,6464.87890625,9.217140197753906,1616.2197265625,MeanCorpuscularHemoglobinConcentration_Avg_acute
6.0,27.9400634765625,10244.6650390625,4.65667724609375,1707.4442138671875,MeanCorpuscularHemoglobinConcentration_Max_acute
1.0,2.0858042240142822,1792.2744140625,2.0858042240142822,1792.2744140625,PlateletCount_Min_chronic
2.0,4.395798683166504,3217.25048828125,2.197899341583252,1608.625244140625,BasophilsPercentage_Avg_acute
4.0,26.38768768310547,4236.6279296875,6.596921920776367,1059.156982421875,BasophilsPercentage_Min_chronic
2.0,9.661603927612305,511.72149658203125,4.830801963806152,255.86074829101562,AbsoluteNeutrophilCount_Avg_acute
9.0,49.03919982910156,12395.2236328125,5.448800086975098,1377.2470703125,AbsoluteNeutrophilCount_Max_acute
9.0,46.3884391784668,13079.5751953125,5.154271125793457,1453.2861328125,AbsoluteNeutrophilCount_Min_acute
7.0,28.583248138427734,12011.076171875,4.0833210945129395,1715.8680419921875,AbsoluteMonocyteCount_Avg_acute
3.0,9.494735717773438,5079.04150390625,3.164911985397339,1693.0137939453125,AbsoluteEosinophilCount_Min_acute
1.0,10.919103622436523,1241.97509765625,10.919103622436523,1241.97509765625,AbsoluteEosinophilCount_Min_chronic
1.0,3.8309202194213867,351.35125732421875,3.8309202194213867,351.35125732421875,AbsoluteBasophilCount_Min_chronic
8.0,124.5068130493164,11524.513671875,15.56335163116455,1440.564208984375,MeanPlateletVolume_Max_acute
6.0,40.73578643798828,10489.890625,6.789297580718994,1748.3150634765625,MeanPlateletVolume_Min_acute
1.0,5.589082717895508,363.6920471191406,5.589082717895508,363.6920471191406,MeanPlateletVolume_Max_chronic
2.0,4.363226890563965,3594.822265625,2.1816134452819824,1797.4111328125,Plateletcrit_Max_acute
3.0,8.693440437316895,5275.7333984375,2.897813558578491,1758.5777587890625,RedCellDistributionWidthCV_Min_acute
1.0,6.6370086669921875,1347.85302734375,6.6370086669921875,1347.85302734375,EosinophilCountAbsolute_Max_acute
1.0,5.167425632476807,1484.0108642578125,5.167425632476807,1484.0108642578125,EosinophilCountAbsolute_Min_acute
4.0,51.57029724121094,4911.68212890625,12.892574310302734,1227.9205322265625,Ro52_Avg_chronic
1.0,5.908270835876465,1455.7958984375,5.908270835876465,1455.7958984375,ThrombinTime_Max_chronic
1.0,2.214101791381836,309.6514892578125,2.214101791381836,309.6514892578125,ProthrombinTime_Avg_chronic
