weight,total_gain,total_cover,gain,cover,feature
1.0,3.795337677001953,6.85574197769165,3.795337677001953,6.85574197769165,Hematocrit_Avg
8.0,1580.7994384765625,6326.2294921875,197.5999298095703,790.7786865234375,LymphocytesPercentage_Avg
3.0,1.9044036865234375,60.146690368652344,0.6348012089729309,20.04889678955078,MeanCorpuscularHemoglobinConcentration_Avg
13.0,109.71147918701172,1514.2393798828125,8.43934440612793,116.47994995117188,MonocytesPercentage_Avg
2.0,24.141761779785156,29.042255401611328,12.070880889892578,14.521127700805664,MeanPlateletVolume_Avg
1.0,0.3896484375,5288.666015625,0.3896484375,5288.666015625,TotalThyroxine_Avg
6.0,6.439453125,18315.525390625,1.0732421875,3052.587646484375,ThyroidStimulatingHormone_Avg
4.0,21.92365837097168,124.56392669677734,5.48091459274292,31.140981674194336,RedCellDistributionWidthCV_Avg
16.0,2539.907470703125,21607.75390625,158.7442169189453,1350.484619140625,LymphocytesPercentage_Max
4.0,16.815261840820312,296.93896484375,4.203815460205078,74.2347412109375,MonocytesPercentage_Max
9.0,141.52967834472656,628.11181640625,15.725520133972168,69.79019927978516,MeanPlateletVolume_Min
1.0,3.1839370727539062,6.001893043518066,3.1839370727539062,6.001893043518066,MeanCorpuscularVolume_Avg
4.0,1067.5645751953125,126.63369750976562,266.8911437988281,31.658424377441406,LymphocytesPercentage_Min
10.0,25.121267318725586,13091.7724609375,2.5121266841888428,1309.17724609375,PlateletCount_Avg
