weight,total_gain,total_cover,gain,cover,feature
2.0,10.462017059326172,76.61903381347656,5.231008529663086,38.30951690673828,PlateletCount_Max_acute
4.0,20.299823760986328,232.6424560546875,5.074955940246582,58.160614013671875,MeanCorpuscularHemoglobin_Max_acute
