weight,total_gain,total_cover,gain,cover,feature
20.0,282.886962890625,6087.5478515625,14.14434814453125,304.37738037109375,index
22.0,149.3525390625,5452.60205078125,6.788751602172852,247.84555053710938,MeanCorpuscularHemoglobinConcentration_Avg_acute
4.0,26.2601318359375,844.7509155273438,6.565032958984375,211.18772888183594,MeanCorpuscularHemoglobinConcentration_Max_acute
1.0,6.295501708984375,10.725581169128418,6.295501708984375,10.725581169128418,MeanCorpuscularHemoglobin_Max_chronic
10.0,32.6968994140625,426.0093078613281,3.2696900367736816,42.600929260253906,EosinophilsPercentage_Min_chronic
2.0,15.429698944091797,22.98288345336914,7.714849472045898,11.49144172668457,BasophilsPercentage_Avg_chronic
1.0,6.602409362792969,14.53488540649414,6.602409362792969,14.53488540649414,BasophilsPercentage_Min_chronic
1.0,4.48052978515625,129.8795928955078,4.48052978515625,129.8795928955078,AbsoluteNeutrophilCount_Avg_acute
6.0,54.33795166015625,997.376708984375,9.05632495880127,166.2294464111328,AbsoluteNeutrophilCount_Max_acute
16.0,136.49835205078125,5053.486328125,8.531147003173828,315.8428955078125,AbsoluteNeutrophilCount_Min_acute
1.0,6.5633544921875,216.57183837890625,6.5633544921875,216.57183837890625,AbsoluteMonocyteCount_Avg_acute
1.0,2.9267578125,62.177772521972656,2.9267578125,62.177772521972656,AbsoluteEosinophilCount_Avg_acute
1.0,3.19036865234375,68.3992691040039,3.19036865234375,68.3992691040039,AbsoluteEosinophilCount_Min_acute
1.0,2.56207275390625,26.195959091186523,2.56207275390625,26.195959091186523,AbsoluteEosinophilCount_Min_chronic
7.0,87.427001953125,782.1539306640625,12.489571571350098,111.73627471923828,AbsoluteBasophilCount_Avg_chronic
3.0,89.54339599609375,143.67208862304688,29.84779930114746,47.89069747924805,MeanPlateletVolume_Avg_acute
5.0,172.6500244140625,164.72520446777344,34.530006408691406,32.94504165649414,MeanPlateletVolume_Max_acute
14.0,369.53759765625,639.7429809570312,26.39554214477539,45.695926666259766,MeanPlateletVolume_Min_acute
