weight,total_gain,total_cover,gain,cover,feature
8.0,22.53097915649414,523.7720336914062,2.8163723945617676,65.47150421142578,PlateletCount_Max_acute
3.0,8.332253456115723,112.67523193359375,2.7774178981781006,37.55841064453125,MeanCorpuscularVolume_Min_acute
1.0,2.7848381996154785,32.97473907470703,2.7848381996154785,32.97473907470703,EosinophilsPercentage_Min_acute
