weight,total_gain,total_cover,gain,cover,feature
2.0,20.642566680908203,1192.457275390625,10.321283340454102,596.2286376953125,EosinophilsPercentage_Min_acute
1.0,10.257182121276855,689.4548950195312,10.257182121276855,689.4548950195312,RedCellDistributionWidth_Max_preclinical
3.0,38.734130859375,2080.85205078125,12.911376953125,693.6173706054688,RedCellDistributionWidth_Min_preclinical
1.0,9.858275413513184,699.6566162109375,9.858275413513184,699.6566162109375,RedCellDistributionWidth_Avg_preclinical
