weight,total_gain,total_cover,gain,cover,feature
3.0,23.4962158203125,529.30322265625,7.832071781158447,176.4344024658203,index
1.0,5.366943359375,125.03305053710938,5.366943359375,125.03305053710938,AbsoluteBasophilCount_Avg_chronic
