weight,total_gain,total_cover,gain,cover,feature
4.0,47.184326171875,251.76083374023438,11.79608154296875,62.940208435058594,EosinophilsPercentage_Min_chronic
1.0,4.72412109375,242.127197265625,4.72412109375,242.127197265625,AbsoluteMonocyteCount_Avg_acute
8.0,112.7474365234375,2521.92333984375,14.093429565429688,315.24041748046875,RedCellDistributionWidthCV_Avg_chronic
2.0,14.3157958984375,1102.357666015625,7.15789794921875,551.1788330078125,RedCellDistributionWidthCV_Max_chronic
1.0,19.188232421875,111.57363891601562,19.188232421875,111.57363891601562,RedCellDistributionWidthCV_Min_chronic
2.0,21.4534912109375,226.26535034179688,10.72674560546875,113.13267517089844,CReactiveProtein_Max_acute
1.0,4.9178466796875,814.1038208007812,4.9178466796875,814.1038208007812,CReactiveProtein_Min_acute
