weight,total_gain,total_cover,gain,cover,feature
1.0,7.9958038330078125,702.9000244140625,7.9958038330078125,702.9000244140625,PlateletCount_Max_preclinical
1.0,7.926933288574219,707.366943359375,7.926933288574219,707.366943359375,PlateletCount_Avg_preclinical
1.0,8.141914367675781,598.5741577148438,8.141914367675781,598.5741577148438,PlateletDistributionWidth_Min_acute
