weight,total_gain,total_cover,gain,cover,feature
1.0,1.35546875,1446.0511474609375,1.35546875,1446.0511474609375,FirstVisitAge_div_NeutrophilsPercentage_Max
7.0,430.90606689453125,4749.6328125,61.55801010131836,678.5189819335938,EosinophilsPercentage_Avg_div_WhiteBloodCellCount_Max
5.0,367.876953125,9110.2529296875,73.57539367675781,1822.050537109375,EosinophilsPercentage_Avg_div_CReactiveProtein_Min
1.0,0.764404296875,555.7803955078125,0.764404296875,555.7803955078125,MeanPlateletVolume_Avg
3.0,14.85009765625,1294.5546875,4.950032711029053,431.5182189941406,TotalThyroxine_Avg
13.0,588.0307006835938,11560.8955078125,45.233131408691406,889.2996826171875,WhiteBloodCellCount_Max_div_EosinophilsPercentage_Max
3.0,8.8612060546875,7635.859375,2.9537353515625,2545.286376953125,EosinophilsPercentage_Avg_div_FirstVisitAge
6.0,15.9774169921875,3451.067626953125,2.66290283203125,575.1779174804688,AbsoluteNeutrophilCount_Max_div_MeanCorpuscularHemoglobin_Max
1.0,0.3671875,3496.662841796875,0.3671875,3496.662841796875,WhiteBloodCellCount_Max_div_BasophilsPercentage_Avg
