weight,total_gain,total_cover,gain,cover,feature
1.0,10.41401195526123,707.2653198242188,10.41401195526123,707.2653198242188,MonocytesPercentage_Max_preclinical
3.0,30.43846321105957,2135.197021484375,10.146154403686523,711.7323608398438,MonocytesPercentage_Avg_preclinical
1.0,9.459918975830078,718.040283203125,9.459918975830078,718.040283203125,EosinophilsPercentage_Min_acute
1.0,9.570568084716797,195.12081909179688,9.570568084716797,195.12081909179688,RedCellDistributionWidth_Avg_acute
