weight,total_gain,total_cover,gain,cover,feature
3.0,29.92693519592285,2308.132080078125,9.975645065307617,769.3773803710938,NeutrophilsPercentage_Max_acute
1.0,9.46381950378418,759.596923828125,9.46381950378418,759.596923828125,RedCellDistributionWidth_Min_preclinical
1.0,9.530862808227539,762.9491577148438,9.530862808227539,762.9491577148438,RedCellDistributionWidth_Avg_preclinical
