weight,total_gain,total_cover,gain,cover,feature
2.0,17.19745635986328,1732.1414794921875,8.59872817993164,866.0707397460938,WhiteBloodCellCount_Max_acute
1.0,6.285617828369141,1007.4718017578125,6.285617828369141,1007.4718017578125,RedCellDistributionWidth_Min_acute
1.0,8.106940269470215,971.8135986328125,8.106940269470215,971.8135986328125,ThyroidStimulatingHormone_Max_acute
1.0,7.502903938293457,990.7061157226562,7.502903938293457,990.7061157226562,Nucleosome_Max_acute
1.0,11.219481468200684,950.6636962890625,11.219481468200684,950.6636962890625,Nucleosome_Avg_acute
