weight,total_gain,total_cover,gain,cover,feature
14.0,51.932769775390625,2431.1796875,3.7094836235046387,173.6556854248047,index
1.0,3.683197021484375,116.04113006591797,3.683197021484375,116.04113006591797,MeanCorpuscularHemoglobinConcentration_Avg_acute
4.0,14.376697540283203,368.9021911621094,3.594174385070801,92.22554779052734,MeanCorpuscularHemoglobinConcentration_Max_acute
1.0,3.518435001373291,45.585697174072266,3.518435001373291,45.585697174072266,MeanCorpuscularVolume_Min_acute
1.0,3.525571346282959,50.867774963378906,3.525571346282959,50.867774963378906,EosinophilsPercentage_Min_chronic
11.0,39.00910186767578,791.2913208007812,3.5462820529937744,71.93557739257812,BasophilsPercentage_Min_chronic
4.0,14.84031867980957,408.98187255859375,3.7100796699523926,102.24546813964844,AbsoluteNeutrophilCount_Max_acute
1.0,3.68646240234375,122.202880859375,3.68646240234375,122.202880859375,AbsoluteNeutrophilCount_Min_acute
12.0,50.71091842651367,559.2718505859375,4.22590970993042,46.605987548828125,MeanPlateletVolume_Max_acute
10.0,38.17955780029297,1300.9971923828125,3.817955732345581,130.09971618652344,MeanPlateletVolume_Min_acute
1.0,3.8149590492248535,22.9223690032959,3.8149590492248535,22.9223690032959,MeanPlateletVolume_Min_chronic
1.0,3.528322458267212,49.757408142089844,3.528322458267212,49.757408142089844,Plateletcrit_Max_acute
