weight,total_gain,total_cover,gain,cover,feature
1.0,10.343973159790039,417.5108642578125,10.343973159790039,417.5108642578125,PlateletCount_Max_acute
4.0,45.17759704589844,2415.326171875,11.29439926147461,603.83154296875,MeanCorpuscularHemoglobin_Max_acute
1.0,13.0249662399292,594.1312255859375,13.0249662399292,594.1312255859375,MeanCorpuscularHemoglobin_Min_acute
1.0,11.5931396484375,599.8482666015625,11.5931396484375,599.8482666015625,MeanCorpuscularHemoglobin_Avg_acute
