weight,total_gain,total_cover,gain,cover,feature
2.0,5.740788459777832,210.93995666503906,2.870394229888916,105.46997833251953,PlateletCount_Min_preclinical
3.0,8.702587127685547,427.84423828125,2.900862455368042,142.61474609375,WhiteBloodCellCount_Min_acute
1.0,2.7820091247558594,136.02963256835938,2.7820091247558594,136.02963256835938,WhiteBloodCellCount_Avg_acute
1.0,3.0680947303771973,43.87866973876953,3.0680947303771973,43.87866973876953,MeanCorpuscularVolume_Avg_acute
4.0,11.531501770019531,302.1321716308594,2.882875442504883,75.53304290771484,AbsoluteMonocyteCount_Max_preclinical
1.0,3.40098237991333,62.9699592590332,3.40098237991333,62.9699592590332,PlateletDistributionWidth_Max_preclinical
1.0,3.4419891834259033,52.56082534790039,3.4419891834259033,52.56082534790039,PlateletDistributionWidth_Avg_preclinical
2.0,5.580853462219238,150.42433166503906,2.790426731109619,75.21216583251953,Plateletcrit_Min_preclinical
