{
    "roc_auc": [
        {
            "binary_threshold": 42,
            "fpr": [
                0.0,
                0.0,
                0.07142857142857142,
                0.07142857142857142,
                0.14285714285714285,
                0.14285714285714285,
                0.21428571428571427,
                0.21428571428571427,
                0.2857142857142857,
                0.2857142857142857,
                0.35714285714285715,
                0.42857142857142855,
                0.42857142857142855,
                0.5,
                0.5,
                0.5714285714285714,
                0.6428571428571429,
                0.6428571428571429,
                0.7142857142857143,
                0.7142857142857143,
                0.7857142857142857,
                0.7857142857142857,
                0.8571428571428571,
                0.8571428571428571,
                0.9285714285714286,
                0.9285714285714286,
                1.0,
                1.0
            ],
            "tpr": [
                0.0,
                0.02564102564102564,
                0.02564102564102564,
                0.07692307692307693,
                0.07692307692307693,
                0.1282051282051282,
                0.1282051282051282,
                0.358974358974359,
                0.358974358974359,
                0.41025641025641024,
                0.4358974358974359,
                0.4358974358974359,
                0.5128205128205128,
                0.5384615384615384,
                0.5897435897435898,
                0.5897435897435898,
                0.6153846153846154,
                0.6923076923076923,
                0.6923076923076923,
                0.7692307692307693,
                0.7692307692307693,
                0.8717948717948718,
                0.8717948717948718,
                0.8974358974358975,
                0.8974358974358975,
                0.9230769230769231,
                0.9230769230769231,
                1.0
            ],
            "thresholds": [
                Infinity,
                458421.375,
                458403.90625,
                458269.71875,
                458239.5625,
                458216.84375,
                458210.75,
                458150.375,
                458137.3125,
                458130.3125,
                458127.6875,
                458125.53125,
                458112.84375,
                458111.125,
                458110.25,
                458098.0,
                458095.375,
                458077.875,
                458068.3125,
                458055.1875,
                458044.6875,
                458034.65625,
                458026.375,
                458016.75,
                458015.875,
                458015.0,
                457999.28125,
                457960.40625
            ],
            "roc_auc": 0.5228937728937729
        }
    ],
    "prerec_auc": [
        {
            "binary_threshold": 42,
            "precision": [
                0.7358490566037735,
                0.7307692307692307,
                0.7254901960784313,
                0.72,
                0.7346938775510204,
                0.7291666666666666,
                0.7446808510638298,
                0.7391304347826086,
                0.7555555555555555,
                0.75,
                0.7441860465116279,
                0.7380952380952381,
                0.7317073170731707,
                0.75,
                0.7435897435897436,
                0.7368421052631579,
                0.7297297297297297,
                0.75,
                0.7428571428571429,
                0.7352941176470589,
                0.7272727272727273,
                0.7419354838709677,
                0.7666666666666667,
                0.75,
                0.7692307692307693,
                0.76,
                0.75,
                0.7391304347826086,
                0.7727272727272727,
                0.8,
                0.7894736842105263,
                0.7777777777777778,
                0.8235294117647058,
                0.8125,
                0.8,
                0.7857142857142857,
                0.7692307692307693,
                0.75,
                0.7272727272727273,
                0.7,
                0.6666666666666666,
                0.625,
                0.7142857142857143,
                0.6666666666666666,
                0.6,
                0.75,
                0.6666666666666666,
                0.5,
                1.0,
                1.0
            ],
            "recall": [
                1.0,
                0.9743589743589743,
                0.9487179487179487,
                0.9230769230769231,
                0.9230769230769231,
                0.8974358974358975,
                0.8974358974358975,
                0.8717948717948718,
                0.8717948717948718,
                0.8461538461538461,
                0.8205128205128205,
                0.7948717948717948,
                0.7692307692307693,
                0.7692307692307693,
                0.7435897435897436,
                0.717948717948718,
                0.6923076923076923,
                0.6923076923076923,
                0.6666666666666666,
                0.6410256410256411,
                0.6153846153846154,
                0.5897435897435898,
                0.5897435897435898,
                0.5384615384615384,
                0.5128205128205128,
                0.48717948717948717,
                0.46153846153846156,
                0.4358974358974359,
                0.4358974358974359,
                0.41025641025641024,
                0.38461538461538464,
                0.358974358974359,
                0.358974358974359,
                0.3333333333333333,
                0.3076923076923077,
                0.28205128205128205,
                0.2564102564102564,
                0.23076923076923078,
                0.20512820512820512,
                0.1794871794871795,
                0.15384615384615385,
                0.1282051282051282,
                0.1282051282051282,
                0.10256410256410256,
                0.07692307692307693,
                0.07692307692307693,
                0.05128205128205128,
                0.02564102564102564,
                0.02564102564102564,
                0.0
            ],
            "thresholds": [
                457960.40625,
                457975.6875,
                457992.71875,
                457999.28125,
                458015.0,
                458015.875,
                458016.75,
                458026.375,
                458034.65625,
                458035.9375,
                458042.09375,
                458042.90625,
                458044.6875,
                458055.1875,
                458059.09375,
                458063.03125,
                458068.3125,
                458077.875,
                458093.59375,
                458094.9375,
                458095.375,
                458098.0,
                458110.25,
                458111.125,
                458112.84375,
                458113.28125,
                458118.9375,
                458125.53125,
                458127.6875,
                458130.3125,
                458133.84375,
                458137.3125,
                458150.375,
                458153.90625,
                458158.3125,
                458166.15625,
                458167.90625,
                458172.71875,
                458183.1875,
                458191.9375,
                458209.0,
                458210.75,
                458216.84375,
                458217.28125,
                458239.5625,
                458269.71875,
                458285.875,
                458403.90625,
                458421.375
            ],
            "prerec_auc": 0.7451778267314821
        }
    ]
}