weight,total_gain,total_cover,gain,cover,feature
1.0,9.133647918701172,1022.5588989257812,9.133647918701172,1022.5588989257812,MonocytesPercentage_Min_acute
2.0,20.000686645507812,2077.3974609375,10.000343322753906,1038.69873046875,MeanCorpuscularHemoglobin_Max_preclinical
1.0,9.42478084564209,1028.1046142578125,9.42478084564209,1028.1046142578125,MeanCorpuscularHemoglobin_Min_preclinical
1.0,9.979229927062988,1038.7647705078125,9.979229927062988,1038.7647705078125,MeanCorpuscularHemoglobin_Avg_preclinical
