weight,total_gain,total_cover,gain,cover,feature
10.0,114.21853637695312,7785.45263671875,11.421854019165039,778.5452880859375,MonocytesPercentage_Min_acute
