weight,total_gain,total_cover,gain,cover,feature
1.0,7.857379913330078,684.6975708007812,7.857379913330078,684.6975708007812,Hematocrit_Avg_preclinical
2.0,15.992209434509277,1381.855712890625,7.996104717254639,690.9278564453125,WhiteBloodCellCount_Avg_acute
1.0,9.087336540222168,238.08851623535156,9.087336540222168,238.08851623535156,AbsoluteLymphocyteCount_Avg_acute
1.0,7.694288730621338,598.3591918945312,7.694288730621338,598.3591918945312,Plateletcrit_Min_preclinical
1.0,8.516959190368652,680.8698120117188,8.516959190368652,680.8698120117188,AntiScl70_Max_acute
1.0,8.905957221984863,678.8701782226562,8.905957221984863,678.8701782226562,AntiScl70_Min_acute
1.0,8.146186828613281,682.80810546875,8.146186828613281,682.80810546875,AntiScl70_Avg_acute
1.0,7.740078926086426,629.8119506835938,7.740078926086426,629.8119506835938,AntiM2_Max_acute
1.0,7.638352394104004,686.5381469726562,7.638352394104004,686.5381469726562,AntiM2_Avg_acute
