weight,total_gain,total_cover,gain,cover,feature
12.0,140.864501953125,34552.0390625,11.73870849609375,2879.336669921875,EosinophilsPercentage_Max
40.0,531.228515625,116402.09375,13.280713081359863,2910.05224609375,EosinophilsPercentage_Avg
4.0,9.1201171875,7024.9873046875,2.280029296875,1756.246826171875,WhiteBloodCellCount_Max
5.0,8.846160888671875,9009.36328125,1.769232153892517,1801.8726806640625,WhiteBloodCellCount_Avg
35.0,55.03631591796875,71501.9140625,1.5724661350250244,2042.911865234375,BasophilsPercentage_Avg
37.0,175.4320831298828,31140.30859375,4.741407871246338,841.6299438476562,AbsoluteNeutrophilCount_Max
5.0,19.094757080078125,4265.92919921875,3.818951368331909,853.1858520507812,AbsoluteNeutrophilCount_Avg
9.0,25.33343505859375,20421.474609375,2.814826011657715,2269.052734375,CReactiveProtein_Avg
9.0,37.16825866699219,7590.1484375,4.1298065185546875,843.349853515625,CReactiveProtein_Min
