weight,total_gain,total_cover,gain,cover,feature
5.0,50.96039581298828,4932.560546875,10.192079544067383,986.5120849609375,LymphocytesPercentage_Max_preclinical
