weight,total_gain,total_cover,gain,cover,feature
3.0,11.48166561126709,3289.78955078125,3.8272218704223633,1096.5965576171875,LymphocytesPercentage_Avg_preclinical
3.0,15.822389602661133,2277.560546875,5.274129867553711,759.1868286132812,NeutrophilsPercentage_Max_acute
2.0,8.038009643554688,1646.13623046875,4.019004821777344,823.068115234375,PlateletCount_Max_preclinical
1.0,3.184907913208008,847.73876953125,3.184907913208008,847.73876953125,PlateletCount_Avg_preclinical
11.0,87.76726531982422,11134.3798828125,7.978842258453369,1012.2163696289062,WhiteBloodCellCount_Max_acute
2.0,12.382040023803711,1843.21435546875,6.1910200119018555,921.607177734375,WhiteBloodCellCount_Min_acute
7.0,32.250221252441406,6613.1962890625,4.607174396514893,944.7423095703125,WhiteBloodCellCount_Avg_acute
11.0,70.82388305664062,10159.7333984375,6.438534736633301,923.6121215820312,MeanCorpuscularHemoglobin_Max_preclinical
7.0,34.86610794067383,7383.67236328125,4.980872631072998,1054.810302734375,MeanCorpuscularHemoglobin_Min_preclinical
6.0,35.27883529663086,6046.5615234375,5.879806041717529,1007.76025390625,MeanCorpuscularHemoglobin_Avg_preclinical
1.0,8.100540161132812,833.0579223632812,8.100540161132812,833.0579223632812,MeanCorpuscularVolume_Min_preclinical
2.0,10.94731330871582,1783.3125,5.47365665435791,891.65625,Hemoglobin_Min_acute
3.0,15.026862144470215,2673.947509765625,5.008954048156738,891.3158569335938,Hemoglobin_Avg_acute
1.0,9.07443904876709,995.8934326171875,9.07443904876709,995.8934326171875,EosinophilsPercentage_Min_acute
2.0,10.883895874023438,1561.828125,5.441947937011719,780.9140625,BasophilsPercentage_Min_acute
1.0,4.2091383934021,281.3670349121094,4.2091383934021,281.3670349121094,AbsoluteNeutrophilCount_Avg_acute
1.0,4.017606735229492,1088.4716796875,4.017606735229492,1088.4716796875,MeanPlateletVolume_Max_preclinical
2.0,9.621635437011719,1572.4033203125,4.810817718505859,786.20166015625,MeanPlateletVolume_Avg_preclinical
1.0,4.94651985168457,563.013671875,4.94651985168457,563.013671875,RedCellDistributionWidth_Max_preclinical
5.0,24.68463134765625,5355.15087890625,4.936926364898682,1071.0301513671875,AntiScl70_Max_acute
4.0,19.658729553222656,4284.46923828125,4.914682388305664,1071.1173095703125,AntiScl70_Min_acute
3.0,13.514983177185059,2818.197265625,4.5049943923950195,939.3991088867188,AntiScl70_Avg_acute
