weight,total_gain,total_cover,gain,cover,feature
11.0,120.72438049316406,18572.990234375,10.974944114685059,1688.45361328125,index
5.0,50.26882553100586,7966.55908203125,10.053765296936035,1593.311767578125,MeanCorpuscularHemoglobinConcentration_Avg_acute
1.0,11.700138092041016,1418.92822265625,11.700138092041016,1418.92822265625,MeanCorpuscularHemoglobinConcentration_Min_acute
3.0,38.10282897949219,4959.5009765625,12.700942993164062,1653.1669921875,BasophilsPercentage_Min_chronic
2.0,26.671052932739258,2503.59033203125,13.335526466369629,1251.795166015625,AbsoluteNeutrophilCount_Avg_acute
2.0,21.433326721191406,2861.8017578125,10.716663360595703,1430.90087890625,AbsoluteNeutrophilCount_Max_acute
3.0,34.80900192260742,4084.58447265625,11.60300064086914,1361.5281982421875,AbsoluteNeutrophilCount_Min_acute
2.0,18.812667846679688,941.875244140625,9.406333923339844,470.9376220703125,AbsoluteMonocyteCount_Avg_acute
1.0,8.774222373962402,472.1937255859375,8.774222373962402,472.1937255859375,AbsoluteMonocyteCount_Max_acute
1.0,9.086479187011719,1273.2001953125,9.086479187011719,1273.2001953125,AbsoluteEosinophilCount_Avg_acute
1.0,12.830790519714355,905.0308227539062,12.830790519714355,905.0308227539062,MeanPlateletVolume_Avg_acute
12.0,215.04029846191406,17833.21484375,17.920024871826172,1486.1011962890625,MeanPlateletVolume_Max_acute
3.0,42.03313446044922,4916.6279296875,14.0110445022583,1638.8759765625,MeanPlateletVolume_Min_acute
1.0,10.848678588867188,1268.5654296875,10.848678588867188,1268.5654296875,EosinophilCountAbsolute_Max_acute
6.0,74.06410217285156,7362.171875,12.344017028808594,1227.0286865234375,Ro52_Avg_chronic
1.0,14.285585403442383,1203.3502197265625,14.285585403442383,1203.3502197265625,Ro52_Max_chronic
1.0,13.290878295898438,1213.1318359375,13.290878295898438,1213.1318359375,Ro52_Min_chronic
1.0,10.040151596069336,1317.1502685546875,10.040151596069336,1317.1502685546875,ThrombinTime_Avg_chronic
