weight,total_gain,total_cover,gain,cover,feature
2.0,16.787769317626953,1403.2913818359375,8.393884658813477,701.6456909179688,NeutrophilsPercentage_Max_acute
1.0,6.772502422332764,517.8920288085938,6.772502422332764,517.8920288085938,WhiteBloodCellCount_Max_acute
2.0,17.463163375854492,1085.0052490234375,8.731581687927246,542.5026245117188,WhiteBloodCellCount_Min_acute
2.0,15.647947311401367,1216.60546875,7.823973655700684,608.302734375,WhiteBloodCellCount_Avg_acute
1.0,6.658850193023682,610.8126220703125,6.658850193023682,610.8126220703125,WhiteBloodCellCount_Avg_preclinical
1.0,7.171688079833984,569.2343139648438,7.171688079833984,569.2343139648438,MeanCorpuscularHemoglobin_Max_preclinical
1.0,8.429018020629883,702.8787231445312,8.429018020629883,702.8787231445312,MeanCorpuscularVolume_Max_acute
1.0,7.329041481018066,642.701416015625,7.329041481018066,642.701416015625,MeanCorpuscularVolume_Min_acute
4.0,36.135986328125,2738.429443359375,9.03399658203125,684.6073608398438,MeanCorpuscularVolume_Avg_acute
1.0,8.541770935058594,279.85980224609375,8.541770935058594,279.85980224609375,Hemoglobin_Min_preclinical
3.0,22.960346221923828,2128.016845703125,7.653448581695557,709.3389282226562,AbsoluteNeutrophilCount_Max_acute
5.0,40.82423782348633,3320.6201171875,8.164847373962402,664.1240234375,AbsoluteNeutrophilCount_Avg_acute
5.0,41.074893951416016,3526.52099609375,8.21497917175293,705.30419921875,AbsoluteEosinophilCount_Min_acute
1.0,7.656008720397949,276.71197509765625,7.656008720397949,276.71197509765625,MeanPlateletVolume_Min_preclinical
1.0,6.560399055480957,440.8313293457031,6.560399055480957,440.8313293457031,PlateletDistributionWidth_Min_acute
1.0,6.718975067138672,654.0537719726562,6.718975067138672,654.0537719726562,AntiScl70_Min_acute
3.0,21.66352653503418,1869.563232421875,7.221175670623779,623.187744140625,Nucleosome_Max_acute
1.0,9.084615707397461,635.2260131835938,9.084615707397461,635.2260131835938,Nucleosome_Avg_acute
