weight,total_gain,total_cover,gain,cover,feature
14.0,96.4959716796875,23020.84375,6.892569541931152,1644.345947265625,index
1.0,3.8073556423187256,268.2060852050781,3.8073556423187256,268.2060852050781,Hematocrit_Max_chronic
5.0,37.649009704589844,7541.916015625,7.529801845550537,1508.3831787109375,MeanCorpuscularHemoglobinConcentration_Avg_acute
4.0,24.54793357849121,6079.9169921875,6.136983394622803,1519.979248046875,MeanCorpuscularHemoglobinConcentration_Max_acute
1.0,10.094127655029297,1335.8990478515625,10.094127655029297,1335.8990478515625,WhiteBloodCellCount_Max_acute
2.0,9.040785789489746,713.6248779296875,4.520392894744873,356.81243896484375,BasophilsPercentage_Avg_acute
2.0,12.641988754272461,743.9193725585938,6.3209943771362305,371.9596862792969,BasophilsPercentage_Min_chronic
4.0,23.13446807861328,2039.962890625,5.78361701965332,509.99072265625,AbsoluteNeutrophilCount_Avg_acute
4.0,21.981494903564453,6586.04931640625,5.495373725891113,1646.5123291015625,AbsoluteNeutrophilCount_Max_acute
5.0,32.71443176269531,4006.126953125,6.542886257171631,801.2254028320312,AbsoluteNeutrophilCount_Min_acute
6.0,42.89458084106445,4737.345703125,7.149096965789795,789.5576171875,AbsoluteMonocyteCount_Avg_acute
1.0,7.28390645980835,474.20269775390625,7.28390645980835,474.20269775390625,AbsoluteMonocyteCount_Max_acute
6.0,110.81966400146484,9585.2548828125,18.46994400024414,1597.54248046875,MeanPlateletVolume_Max_acute
5.0,36.49772262573242,8568.7138671875,7.299544334411621,1713.7427978515625,MeanPlateletVolume_Min_acute
1.0,5.591110706329346,363.69232177734375,5.591110706329346,363.69232177734375,MeanPlateletVolume_Max_chronic
1.0,4.1149091720581055,1593.7911376953125,4.1149091720581055,1593.7911376953125,Plateletcrit_Max_acute
2.0,12.482535362243652,2657.35009765625,6.241267681121826,1328.675048828125,RedCellDistributionWidthCV_Min_acute
2.0,10.034516334533691,706.1224975585938,5.017258167266846,353.0612487792969,RedCellDistributionWidthCV_Min_chronic
1.0,4.248177528381348,1412.871826171875,4.248177528381348,1412.871826171875,EosinophilCountAbsolute_Min_acute
4.0,52.474082946777344,4870.47021484375,13.118520736694336,1217.6175537109375,Ro52_Avg_chronic
1.0,10.697488784790039,1242.270751953125,10.697488784790039,1242.270751953125,Ro52_Max_chronic
1.0,4.078014373779297,1463.142822265625,4.078014373779297,1463.142822265625,ThrombinTime_Max_chronic
