weight,total_gain,total_cover,gain,cover,feature
2.0,18.782459259033203,1513.681640625,9.391229629516602,756.8408203125,WhiteBloodCellCount_Max_acute
3.0,25.674657821655273,2292.52734375,8.558218955993652,764.17578125,WhiteBloodCellCount_Min_acute
3.0,23.70108413696289,2325.300537109375,7.90036153793335,775.1001586914062,WhiteBloodCellCount_Avg_acute
1.0,7.579183578491211,609.111328125,7.579183578491211,609.111328125,PlateletDistributionWidth_Min_acute
1.0,7.595912456512451,685.458740234375,7.595912456512451,685.458740234375,Nucleosome_Avg_acute
