weight,total_gain,total_cover,gain,cover,feature
1.0,7.953968048095703,455.4522705078125,7.953968048095703,455.4522705078125,NeutrophilsPercentage_Max_acute
2.0,15.3865966796875,825.8966064453125,7.69329833984375,412.94830322265625,MeanCorpuscularHemoglobinConcentration_Max_preclinical
1.0,6.65275239944458,419.133056640625,6.65275239944458,419.133056640625,MeanCorpuscularHemoglobinConcentration_Min_preclinical
1.0,7.676636695861816,742.8941650390625,7.676636695861816,742.8941650390625,MeanCorpuscularHemoglobin_Max_acute
6.0,51.295928955078125,4527.43994140625,8.549321174621582,754.5733032226562,MeanCorpuscularVolume_Max_acute
1.0,6.875036239624023,754.0885009765625,6.875036239624023,754.0885009765625,MeanCorpuscularVolume_Avg_acute
1.0,7.787564277648926,414.1203918457031,7.787564277648926,414.1203918457031,BasophilsPercentage_Min_acute
4.0,31.390907287597656,1691.136474609375,7.847726821899414,422.78411865234375,BasophilsPercentage_Avg_acute
2.0,13.372953414916992,1533.0615234375,6.686476707458496,766.53076171875,AbsoluteMonocyteCount_Max_acute
1.0,8.290364265441895,745.2457275390625,8.290364265441895,745.2457275390625,AbsoluteEosinophilCount_Max_preclinical
2.0,14.095867156982422,1518.34033203125,7.047933578491211,759.170166015625,MeanPlateletVolume_Min_preclinical
3.0,30.31597328186035,2223.488525390625,10.105324745178223,741.162841796875,PlateletDistributionWidth_Max_preclinical
