weight,total_gain,total_cover,gain,cover,feature
49.0,733.136474609375,9282.912109375,14.961968421936035,189.4471893310547,WhiteBloodCellCount_Avg
1.0,6.4560546875,1372.2576904296875,6.4560546875,1372.2576904296875,AbsoluteNeutrophilCount_Max
1.0,59.9169921875,1066.703369140625,59.9169921875,1066.703369140625,EosinophilsPercentage_Avg_div_CReactiveProtein_Min
49.0,5120.7978515625,95055.78125,104.5060806274414,1939.9139404296875,EosinophilsPercentage_Avg_div_CReactiveProtein_Avg
1.0,19.865234375,5025.1513671875,19.865234375,5025.1513671875,EosinophilsPercentage_Avg_div_WhiteBloodCellCount_Avg
3.0,13.8984375,1142.66552734375,4.6328125,380.8885192871094,EosinophilsPercentage_Avg_div_LymphocytesPercentage_Max
1.0,15.02032470703125,31.018930435180664,15.02032470703125,31.018930435180664,WhiteBloodCellCount_Avg_div_MeanCorpuscularHemoglobin_Max
47.0,657.1142578125,85665.8828125,13.981154441833496,1822.6783447265625,EosinophilsPercentage_Max_div_LymphocytesPercentage_Max
