weight,total_gain,total_cover,gain,cover,feature
3.0,17.246112823486328,292.3280029296875,5.748704433441162,97.44266510009766,index
1.0,5.324668884277344,57.78171157836914,5.324668884277344,57.78171157836914,MeanCorpuscularHemoglobinConcentration_Avg_acute
1.0,5.82080078125,49.136329650878906,5.82080078125,49.136329650878906,BasophilsPercentage_Min_chronic
1.0,5.354338645935059,67.38899993896484,5.354338645935059,67.38899993896484,AbsoluteNeutrophilCount_Max_acute
1.0,7.5936503410339355,26.512170791625977,7.5936503410339355,26.512170791625977,MeanPlateletVolume_Max_acute
2.0,10.829183578491211,200.69012451171875,5.4145917892456055,100.34506225585938,MeanPlateletVolume_Min_acute
