{
    "roc_auc": [
        {
            "binary_threshold": 42,
            "fpr": [
                0.0,
                0.0,
                0.0,
                0.13333333333333333,
                0.13333333333333333,
                0.2,
                0.2,
                0.26666666666666666,
                0.26666666666666666,
                0.3333333333333333,
                0.3333333333333333,
                0.4666666666666667,
                0.4666666666666667,
                0.5333333333333333,
                0.5333333333333333,
                0.6,
                0.6,
                0.6666666666666666,
                0.6666666666666666,
                0.7333333333333333,
                0.7333333333333333,
                0.8,
                0.8,
                1.0
            ],
            "tpr": [
                0.0,
                0.02631578947368421,
                0.13157894736842105,
                0.13157894736842105,
                0.2894736842105263,
                0.2894736842105263,
                0.3157894736842105,
                0.3157894736842105,
                0.34210526315789475,
                0.34210526315789475,
                0.5,
                0.5,
                0.6052631578947368,
                0.6052631578947368,
                0.7105263157894737,
                0.7105263157894737,
                0.8947368421052632,
                0.8947368421052632,
                0.9473684210526315,
                0.9473684210526315,
                0.9736842105263158,
                0.9736842105263158,
                1.0,
                1.0
            ],
            "thresholds": [
                Infinity,
                888.7677001953125,
                567.8611450195312,
                526.2186889648438,
                419.61053466796875,
                405.909912109375,
                400.8843688964844,
                384.381591796875,
                365.7142639160156,
                365.5332336425781,
                296.7899169921875,
                296.0209045410156,
                244.91574096679688,
                240.4010772705078,
                185.0132293701172,
                183.38368225097656,
                88.11309051513672,
                85.58393096923828,
                77.47112274169922,
                64.96601104736328,
                48.629146575927734,
                47.513816833496094,
                32.4074592590332,
                22.287681579589844
            ],
            "roc_auc": 0.6228070175438596
        }
    ],
    "prerec_auc": [
        {
            "binary_threshold": 42,
            "precision": [
                0.7169811320754716,
                0.7307692307692307,
                0.7450980392156863,
                0.76,
                0.7551020408163265,
                0.7708333333333334,
                0.7659574468085106,
                0.782608695652174,
                0.7777777777777778,
                0.7727272727272727,
                0.7906976744186046,
                0.7857142857142857,
                0.7804878048780488,
                0.775,
                0.7692307692307693,
                0.7631578947368421,
                0.7567567567567568,
                0.75,
                0.7714285714285715,
                0.7647058823529411,
                0.7575757575757576,
                0.75,
                0.7419354838709677,
                0.7666666666666667,
                0.7586206896551724,
                0.75,
                0.7407407407407407,
                0.7307692307692307,
                0.7916666666666666,
                0.782608695652174,
                0.7727272727272727,
                0.7619047619047619,
                0.75,
                0.7368421052631579,
                0.7222222222222222,
                0.7647058823529411,
                0.75,
                0.8,
                0.7857142857142857,
                0.8461538461538461,
                0.8333333333333334,
                0.8181818181818182,
                0.8,
                0.7777777777777778,
                0.75,
                0.7142857142857143,
                0.8333333333333334,
                1.0,
                1.0,
                1.0,
                1.0,
                1.0,
                1.0
            ],
            "recall": [
                1.0,
                1.0,
                1.0,
                1.0,
                0.9736842105263158,
                0.9736842105263158,
                0.9473684210526315,
                0.9473684210526315,
                0.9210526315789473,
                0.8947368421052632,
                0.8947368421052632,
                0.868421052631579,
                0.8421052631578947,
                0.8157894736842105,
                0.7894736842105263,
                0.7631578947368421,
                0.7368421052631579,
                0.7105263157894737,
                0.7105263157894737,
                0.6842105263157895,
                0.6578947368421053,
                0.631578947368421,
                0.6052631578947368,
                0.6052631578947368,
                0.5789473684210527,
                0.5526315789473685,
                0.5263157894736842,
                0.5,
                0.5,
                0.47368421052631576,
                0.4473684210526316,
                0.42105263157894735,
                0.39473684210526316,
                0.3684210526315789,
                0.34210526315789475,
                0.34210526315789475,
                0.3157894736842105,
                0.3157894736842105,
                0.2894736842105263,
                0.2894736842105263,
                0.2631578947368421,
                0.23684210526315788,
                0.21052631578947367,
                0.18421052631578946,
                0.15789473684210525,
                0.13157894736842105,
                0.13157894736842105,
                0.13157894736842105,
                0.10526315789473684,
                0.07894736842105263,
                0.05263157894736842,
                0.02631578947368421,
                0.0
            ],