weight,total_gain,total_cover,gain,cover,feature
11.0,46.56854248046875,1664.498779296875,4.233503818511963,151.3180694580078,index
2.0,8.524785995483398,159.77011108398438,4.262392997741699,79.88505554199219,MeanCorpuscularHemoglobinConcentration_Max_acute
1.0,4.140717506408691,46.706050872802734,4.140717506408691,46.706050872802734,EosinophilsPercentage_Min_chronic
9.0,37.49840545654297,567.7716064453125,4.166489601135254,63.08573532104492,BasophilsPercentage_Min_chronic
3.0,12.653800964355469,282.05096435546875,4.217933654785156,94.0169906616211,AbsoluteNeutrophilCount_Max_acute
11.0,54.949100494384766,509.7081604003906,4.995372772216797,46.33710479736328,MeanPlateletVolume_Max_acute
9.0,38.6719856262207,1016.649658203125,4.296887397766113,112.96107482910156,MeanPlateletVolume_Min_acute
1.0,4.1312642097473145,43.188331604003906,4.1312642097473145,43.188331604003906,Plateletcrit_Max_acute
