weight,total_gain,total_cover,gain,cover,feature
13.0,79.11011505126953,7686.5859375,6.08539342880249,591.2758178710938,PlateletCount_Max_acute
1.0,5.511838912963867,566.4879150390625,5.511838912963867,566.4879150390625,PlateletCount_Avg_acute
13.0,92.38438415527344,11118.81640625,7.1064910888671875,855.2935791015625,MeanCorpuscularHemoglobin_Max_acute
3.0,20.851348876953125,2567.372802734375,6.950449466705322,855.7909545898438,MeanCorpuscularHemoglobin_Min_acute
1.0,6.655544281005859,556.744140625,6.655544281005859,556.744140625,AbsoluteNeutrophilCount_Max_acute
1.0,4.494840621948242,882.7221069335938,4.494840621948242,882.7221069335938,EosinophilCountAbsolute_Max_preclinical
1.0,4.831267356872559,873.8182983398438,4.831267356872559,873.8182983398438,EosinophilCountAbsolute_Min_preclinical
