weight,total_gain,total_cover,gain,cover,feature
30.0,238.75523376464844,50458.53515625,7.958508014678955,1681.951171875,index
10.0,84.52759552001953,16343.7548828125,8.452759742736816,1634.37548828125,MeanCorpuscularHemoglobinConcentration_Avg_acute
4.0,18.706714630126953,6851.6884765625,4.676678657531738,1712.922119140625,MeanCorpuscularHemoglobinConcentration_Max_acute
7.0,47.278236389160156,6654.37109375,6.75403356552124,950.6244506835938,BasophilsPercentage_Min_chronic
6.0,28.883014678955078,1541.3670654296875,4.813835620880127,256.8945007324219,AbsoluteNeutrophilCount_Avg_acute
10.0,85.92140197753906,14909.771484375,8.592140197753906,1490.9771728515625,AbsoluteNeutrophilCount_Max_acute
12.0,68.96037292480469,15348.6337890625,5.746697902679443,1279.0528564453125,AbsoluteNeutrophilCount_Min_acute
6.0,32.32545471191406,10414.599609375,5.387575626373291,1735.7666015625,AbsoluteMonocyteCount_Avg_acute
1.0,5.623281478881836,1457.51123046875,5.623281478881836,1457.51123046875,AbsoluteEosinophilCount_Avg_acute
1.0,4.0591535568237305,1517.40869140625,4.0591535568237305,1517.40869140625,AbsoluteEosinophilCount_Min_acute
1.0,10.948963165283203,1240.918212890625,10.948963165283203,1240.918212890625,AbsoluteEosinophilCount_Min_chronic
12.0,210.42678833007812,17055.775390625,17.535566329956055,1421.3145751953125,MeanPlateletVolume_Max_acute
11.0,97.03314208984375,18793.40234375,8.821194648742676,1708.4910888671875,MeanPlateletVolume_Min_acute
1.0,6.071434020996094,369.7705383300781,6.071434020996094,369.7705383300781,MeanPlateletVolume_Max_chronic
2.0,11.112184524536133,3338.1142578125,5.556092262268066,1669.05712890625,Plateletcrit_Max_acute
2.0,9.851579666137695,2973.69677734375,4.925789833068848,1486.848388671875,RedCellDistributionWidthCV_Min_acute
4.0,25.34596824645996,5750.5400390625,6.33649206161499,1437.635009765625,EosinophilCountAbsolute_Min_acute
5.0,70.081787109375,6034.1669921875,14.016357421875,1206.8333740234375,Ro52_Avg_chronic
2.0,23.473400115966797,2471.45849609375,11.736700057983398,1235.729248046875,Ro52_Max_chronic
