weight,total_gain,total_cover,gain,cover,feature
1.0,7.870709419250488,759.0770263671875,7.870709419250488,759.0770263671875,MonocytesPercentage_Min_acute
1.0,7.91352653503418,754.6268920898438,7.91352653503418,754.6268920898438,WhiteBloodCellCount_Min_acute
1.0,8.367546081542969,765.4043579101562,8.367546081542969,765.4043579101562,EosinophilsPercentage_Min_acute
3.0,28.464763641357422,2258.21337890625,9.48825454711914,752.73779296875,EosinophilsPercentage_Avg_acute
7.0,69.2446517944336,5300.6943359375,9.89209270477295,757.2420654296875,AbsoluteEosinophilCount_Min_acute
1.0,7.716092586517334,207.90704345703125,7.716092586517334,207.90704345703125,Plateletcrit_Max_acute
