weight,total_gain,total_cover,gain,cover,feature
18.0,151.8979034423828,29872.453125,8.438772201538086,1659.5806884765625,index
14.0,108.93708038330078,21731.09375,7.781219959259033,1552.220947265625,MeanCorpuscularHemoglobinConcentration_Avg_acute
1.0,13.060617446899414,1525.68994140625,13.060617446899414,1525.68994140625,MeanCorpuscularHemoglobinConcentration_Max_acute
2.0,21.26641845703125,2418.439697265625,10.633209228515625,1209.2198486328125,WhiteBloodCellCount_Max_acute
3.0,18.892425537109375,1115.992431640625,6.297475337982178,371.9974670410156,BasophilsPercentage_Min_chronic
5.0,39.62312316894531,3309.93994140625,7.924624443054199,661.9879760742188,AbsoluteNeutrophilCount_Avg_acute
2.0,13.362428665161133,1409.2275390625,6.681214332580566,704.61376953125,AbsoluteNeutrophilCount_Max_acute
12.0,93.28485107421875,12835.9990234375,7.77373743057251,1069.6666259765625,AbsoluteNeutrophilCount_Min_acute
8.0,64.30320739746094,4443.4130859375,8.037900924682617,555.4266357421875,AbsoluteMonocyteCount_Avg_acute
2.0,14.9329195022583,1517.009033203125,7.46645975112915,758.5045166015625,AbsoluteMonocyteCount_Max_acute
1.0,6.834840774536133,1391.7130126953125,6.834840774536133,1391.7130126953125,AbsoluteEosinophilCount_Avg_acute
1.0,9.10391616821289,1266.533203125,9.10391616821289,1266.533203125,AbsoluteEosinophilCount_Min_acute
9.0,174.37611389160156,14314.65625,19.375123977661133,1590.517333984375,MeanPlateletVolume_Max_acute
9.0,89.67695617675781,15099.755859375,9.964106559753418,1677.7506103515625,MeanPlateletVolume_Min_acute
1.0,6.075655460357666,369.7705383300781,6.075655460357666,369.7705383300781,MeanPlateletVolume_Max_chronic
2.0,13.899054527282715,2717.7431640625,6.949527263641357,1358.87158203125,RedCellDistributionWidthCV_Min_acute
7.0,90.95734405517578,8525.4072265625,12.993906021118164,1217.915283203125,Ro52_Avg_chronic
1.0,13.301219940185547,1213.1611328125,13.301219940185547,1213.1611328125,Ro52_Max_chronic
3.0,19.051620483398438,4215.81689453125,6.3505401611328125,1405.2723388671875,ThrombinTime_Max_chronic
