weight,total_gain,total_cover,gain,cover,feature
1.0,0.5087890625,788.908447265625,0.5087890625,788.908447265625,NeutrophilsPercentage_Max
33.0,2983.90478515625,42683.703125,90.42135620117188,1293.445556640625,EosinophilsPercentage_Avg
5.0,445.7509765625,1553.29833984375,89.15019226074219,310.65966796875,EosinophilsPercentage_Max
3.0,199.09619140625,5571.00927734375,66.36539459228516,1857.0030517578125,EosinophilsPercentage_Min
6.0,79.8587646484375,1424.61572265625,13.309794425964355,237.4359588623047,AbsoluteNeutrophilCount_Avg
21.0,315.8602294921875,9686.7900390625,15.040963172912598,461.2757263183594,AbsoluteNeutrophilCount_Max
2.0,21.1209716796875,985.5286865234375,10.56048583984375,492.76434326171875,AbsoluteNeutrophilCount_Min
1.0,1.125244140625,362.2466125488281,1.125244140625,362.2466125488281,AbsoluteMonocyteCount_Avg
