weight,total_gain,total_cover,gain,cover,feature
1.0,9.750466346740723,1007.4093627929688,9.750466346740723,1007.4093627929688,NeutrophilsPercentage_Max_acute
1.0,9.265398025512695,865.6724243164062,9.265398025512695,865.6724243164062,MeanCorpuscularHemoglobinConcentration_Max_preclinical
1.0,9.247298240661621,867.8256225585938,9.247298240661621,867.8256225585938,MeanCorpuscularHemoglobinConcentration_Avg_preclinical
1.0,8.521486282348633,1026.566650390625,8.521486282348633,1026.566650390625,WhiteBloodCellCount_Min_acute
1.0,9.163949966430664,1021.9596557617188,9.163949966430664,1021.9596557617188,WhiteBloodCellCount_Avg_acute
5.0,49.268470764160156,5087.39306640625,9.853693962097168,1017.4786376953125,EosinophilsPercentage_Min_acute
3.0,28.789751052856445,3039.521484375,9.596583366394043,1013.173828125,AbsoluteNeutrophilCount_Max_acute
