weight,total_gain,total_cover,gain,cover,feature
94.0,1634.7752685546875,159636.703125,17.391225814819336,1698.2628173828125,PlateletCount_Max_acute
14.0,80.9923324584961,9668.099609375,5.7851667404174805,690.5785522460938,WhiteBloodCellCount_Min_preclinical
94.0,2232.685791015625,230765.21875,23.751976013183594,2454.94921875,MeanCorpuscularHemoglobin_Max_acute
6.0,140.21734619140625,14791.7626953125,23.369558334350586,2465.293701171875,MeanCorpuscularHemoglobin_Min_acute
60.0,391.110107421875,46574.24609375,6.5185017585754395,776.2374267578125,MeanCorpuscularVolume_Min_acute
6.0,88.8997802734375,10198.73046875,14.816630363464355,1699.7884521484375,AbsoluteNeutrophilCount_Max_acute
26.0,161.66273498535156,19479.224609375,6.21779727935791,749.200927734375,AbsoluteEosinophilCount_Avg_preclinical
