{
    "roc_auc": [
        {
            "binary_threshold": 42,
            "fpr": [
                0.0,
                0.0,
                0.0,
                0.05263157894736842,
                0.05263157894736842,
                0.10526315789473684,
                0.10526315789473684,
                0.21052631578947367,
                0.21052631578947367,
                0.2631578947368421,
                0.2631578947368421,
                0.3684210526315789,
                0.3684210526315789,
                0.5789473684210527,
                0.5789473684210527,
                0.631578947368421,
                0.631578947368421,
                0.8421052631578947,
                0.8421052631578947,
                0.8947368421052632,
                0.8947368421052632,
                1.0
            ],
            "tpr": [
                0.0,
                0.05,
                0.35,
                0.35,
                0.4,
                0.4,
                0.55,
                0.55,
                0.6,
                0.6,
                0.65,
                0.65,
                0.7,
                0.7,
                0.85,
                0.85,
                0.9,
                0.9,
                0.95,
                0.95,
                1.0,
                1.0
            ],
            "thresholds": [
                Infinity,
                689.9452514648438,
                383.2181701660156,
                376.7987060546875,
                355.307861328125,
                328.947509765625,
                142.48214721679688,
                117.74974060058594,
                117.22689056396484,
                110.38728332519531,
                103.88361358642578,
                85.99177551269531,
                76.55386352539062,
                58.714542388916016,
                49.01763153076172,
                46.544498443603516,
                39.72134780883789,
                23.88063621520996,
                21.785003662109375,
                20.86281967163086,
                18.721914291381836,
                12.58639907836914
            ],
            "roc_auc": 0.7342105263157895
        }
    ],
    "prerec_auc": [
        {
            "binary_threshold": 42,
            "precision": [
                0.5128205128205128,
                0.5263157894736842,
                0.5405405405405406,
                0.5277777777777778,
                0.5428571428571428,
                0.5294117647058824,
                0.5454545454545454,
                0.5625,
                0.5806451612903226,
                0.6,
                0.5862068965517241,
                0.6071428571428571,
                0.5925925925925926,
                0.5769230769230769,
                0.56,
                0.5833333333333334,
                0.6086956521739131,
                0.6363636363636364,
                0.6666666666666666,
                0.65,
                0.6842105263157895,
                0.7222222222222222,
                0.7058823529411765,
                0.75,
                0.7333333333333333,
                0.7857142857142857,
                0.8461538461538461,
                0.8333333333333334,
                0.8181818181818182,
                0.8,
                0.8888888888888888,
                0.875,
                1.0,
                1.0,
                1.0,
                1.0,
                1.0,
                1.0,
                1.0,
                1.0
            ],
            "recall": [
                1.0,
                1.0,
                1.0,
                0.95,
                0.95,
                0.9,
                0.9,
                0.9,
                0.9,
                0.9,
                0.85,
                0.85,
                0.8,
                0.75,
                0.7,
                0.7,
                0.7,
                0.7,
                0.7,
                0.65,
                0.65,
                0.65,
                0.6,
                0.6,
                0.55,
                0.55,
                0.55,
                0.5,
                0.45,
                0.4,
                0.4,
                0.35,
                0.35,
                0.3,
                0.25,
                0.2,
                0.15,
                0.1,
                0.05,
                0.0
            ],
            "thresholds": [
                12.58639907836914,
                15.619823455810547,
                18.721914291381836,
                20.86281967163086,
                21.785003662109375,
                23.88063621520996,
                26.36540412902832,
                26.737096786499023,
                29.038942337036133,
                39.72134780883789,
                46.544498443603516,
                49.01763153076172,
                49.616371154785156,
                51.73101043701172,
                58.714542388916016,
                62.789764404296875,
                62.82946014404297,
                63.87261199951172,
                76.55386352539062,
                85.99177551269531,
                98.19727325439453,
                103.88361358642578,
                110.38728332519531,
                117.22689056396484,
                117.74974060058594,
                125.57240295410156,
                142.48214721679688,
                245.7182159423828,
                324.48297119140625,
                328.947509765625,
                355.307861328125,
                376.7987060546875,
                383.2181701660156,
                399.22900390625,
                404.5441589355469,
                413.0649108886719,
                455.4878845214844,
                526.7357177734375,
                689.9452514648438
            ],
            "prerec_auc": 0.7943536482960927
        }
    ]
}