weight,total_gain,total_cover,gain,cover,feature
2.0,15.27934455871582,2036.800537109375,7.63967227935791,1018.4002685546875,PlateletCount_Max_preclinical
1.0,7.448410987854004,1166.128662109375,7.448410987854004,1166.128662109375,PlateletCount_Avg_preclinical
3.0,26.13205337524414,3497.328125,8.710684776306152,1165.7760009765625,WhiteBloodCellCount_Max_acute
3.0,25.721923828125,3497.353515625,8.573974609375,1165.7845458984375,WhiteBloodCellCount_Avg_acute
