weight,total_gain,total_cover,gain,cover,feature
2.0,23.16558837890625,177.36172485351562,11.582794189453125,88.68086242675781,MeanCorpuscularVolume_Avg_acute
1.0,15.16436767578125,143.7030792236328,15.16436767578125,143.7030792236328,MeanCorpuscularVolume_Max_acute
1.0,14.55413818359375,52.07345962524414,14.55413818359375,52.07345962524414,MeanCorpuscularVolume_Min_acute
2.0,19.1153564453125,863.5660400390625,9.55767822265625,431.78302001953125,RedBloodCellCount_Min_acute
3.0,98.64111328125,110.74539184570312,32.88037109375,36.915130615234375,EosinophilsPercentage_Avg_chronic
1.0,11.4420166015625,196.1677703857422,11.4420166015625,196.1677703857422,EosinophilsPercentage_Min_chronic
3.0,44.202880859375,1047.5399169921875,14.734293937683105,349.1799621582031,AbsoluteEosinophilCount_Avg_chronic
2.0,64.5911865234375,196.7003936767578,32.29559326171875,98.3501968383789,AbsoluteEosinophilCount_Min_chronic
1.0,12.477615356445312,33.35356521606445,12.477615356445312,33.35356521606445,PlateletDistributionWidth_Avg_acute
1.0,8.35546875,711.2822265625,8.35546875,711.2822265625,RedCellDistributionWidthCV_Avg_chronic
2.0,42.943115234375,481.57281494140625,21.4715576171875,240.78640747070312,RedCellDistributionWidthCV_Max_chronic
1.0,19.420166015625,63.20566177368164,19.420166015625,63.20566177368164,EosinophilCountAbsolute_Max_chronic
1.0,8.7161865234375,268.2439270019531,8.7161865234375,268.2439270019531,EosinophilCountAbsolute_Min_chronic
