weight,total_gain,total_cover,gain,cover,feature
8.0,40.80348205566406,1008.8081665039062,5.100435256958008,126.10102081298828,index
1.0,5.023736953735352,24.9951229095459,5.023736953735352,24.9951229095459,MeanCorpuscularVolume_Min_acute
1.0,4.91361141204834,46.23334503173828,4.91361141204834,46.23334503173828,EosinophilsPercentage_Min_chronic
7.0,34.55169677734375,407.86834716796875,4.9359564781188965,58.26690673828125,BasophilsPercentage_Min_chronic
1.0,5.142555236816406,79.6862564086914,5.142555236816406,79.6862564086914,AbsoluteNeutrophilCount_Max_acute
7.0,43.20234298706055,333.9554138183594,6.1717634201049805,47.707916259765625,MeanPlateletVolume_Max_acute
7.0,35.29262161254883,683.4165649414062,5.041802883148193,97.63093566894531,MeanPlateletVolume_Min_acute
