weight,total_gain,total_cover,gain,cover,feature
2.0,9.212898254394531,131.49893188476562,4.606449127197266,65.74946594238281,MeanCorpuscularHemoglobin_Max_acute
2.0,8.937664031982422,109.79862213134766,4.468832015991211,54.89931106567383,MeanCorpuscularHemoglobin_Min_acute
1.0,4.4589457511901855,74.47129821777344,4.4589457511901855,74.47129821777344,MeanCorpuscularHemoglobin_Avg_acute
