weight,total_gain,total_cover,gain,cover,feature
3.0,19.20029067993164,3660.489990234375,6.400096893310547,1220.163330078125,WhiteBloodCellCount_Max_acute
2.0,12.006253242492676,2318.994384765625,6.003126621246338,1159.4971923828125,MeanCorpuscularVolume_Min_acute
1.0,6.300749778747559,444.62921142578125,6.300749778747559,444.62921142578125,PlateletDistributionWidth_Max_acute
1.0,5.720798492431641,1072.8599853515625,5.720798492431641,1072.8599853515625,CReactiveProtein_Min_acute
