weight,total_gain,total_cover,gain,cover,feature
16.0,54.832794189453125,3091.131591796875,3.4270496368408203,193.1957244873047,index
2.0,6.426319122314453,272.85894775390625,3.2131595611572266,136.42947387695312,MeanCorpuscularHemoglobinConcentration_Avg_acute
5.0,16.627498626708984,494.3992919921875,3.3254997730255127,98.8798599243164,MeanCorpuscularHemoglobinConcentration_Max_acute
1.0,2.9442081451416016,45.9895133972168,2.9442081451416016,45.9895133972168,MeanCorpuscularHemoglobin_Min_chronic
1.0,2.9656929969787598,52.2378044128418,2.9656929969787598,52.2378044128418,MeanCorpuscularVolume_Min_acute
1.0,2.9530093669891357,50.31936264038086,2.9530093669891357,50.31936264038086,EosinophilsPercentage_Min_chronic
12.0,37.07435607910156,989.9090576171875,3.0895297527313232,82.49242401123047,BasophilsPercentage_Min_chronic
5.0,16.696456909179688,550.5687866210938,3.3392913341522217,110.11375427246094,AbsoluteNeutrophilCount_Max_acute
2.0,6.416126251220703,287.74896240234375,3.2080631256103516,143.87448120117188,AbsoluteNeutrophilCount_Min_acute
1.0,3.789454460144043,31.813282012939453,3.789454460144043,31.813282012939453,AbsoluteMonocyteCount_Avg_acute
1.0,3.3327505588531494,27.705421447753906,3.3327505588531494,27.705421447753906,AbsoluteMonocyteCount_Max_acute
13.0,46.965415954589844,680.0813598632812,3.6127243041992188,52.31394958496094,MeanPlateletVolume_Max_acute
12.0,41.41986083984375,1497.2691650390625,3.451655149459839,124.77243041992188,MeanPlateletVolume_Min_acute
2.0,6.219436168670654,50.591766357421875,3.109718084335327,25.295883178710938,MeanPlateletVolume_Min_chronic
2.0,5.908102035522461,106.37826538085938,2.9540510177612305,53.18913269042969,Plateletcrit_Max_acute
