weight,total_gain,total_cover,gain,cover,feature
48.0,219.89649963378906,6489.95751953125,4.581177234649658,135.2074432373047,index
1.0,4.613115310668945,67.93211364746094,4.613115310668945,67.93211364746094,MeanCorpuscularHemoglobinConcentration_Avg_acute
4.0,19.368488311767578,276.0854797363281,4.8421220779418945,69.02136993408203,MeanCorpuscularHemoglobinConcentration_Max_acute
2.0,9.126665115356445,86.72993469238281,4.563332557678223,43.364967346191406,MeanCorpuscularVolume_Min_acute
2.0,9.13016128540039,96.58193969726562,4.565080642700195,48.29096984863281,EosinophilsPercentage_Min_chronic
36.0,164.47764587402344,2143.605712890625,4.568823337554932,59.54460144042969,BasophilsPercentage_Min_chronic
10.0,47.211585998535156,815.8192749023438,4.721158504486084,81.58192443847656,AbsoluteNeutrophilCount_Max_acute
39.0,222.45901489257812,1781.8218994140625,5.704077243804932,45.687740325927734,MeanPlateletVolume_Max_acute
37.0,169.75843811035156,4046.962158203125,4.588066101074219,109.37735748291016,MeanPlateletVolume_Min_acute
2.0,11.490209579467773,41.681007385253906,5.745104789733887,20.840503692626953,MeanPlateletVolume_Min_chronic
