weight,total_gain,total_cover,gain,cover,feature
12.0,138.08262634277344,19640.078125,11.506885528564453,1636.6732177734375,index
8.0,90.14736938476562,12508.2490234375,11.268421173095703,1563.5311279296875,MeanCorpuscularHemoglobinConcentration_Avg_acute
2.0,24.383644104003906,3320.23779296875,12.191822052001953,1660.118896484375,BasophilsPercentage_Min_chronic
4.0,55.897090911865234,4938.47021484375,13.974272727966309,1234.6175537109375,AbsoluteNeutrophilCount_Avg_acute
4.0,50.028873443603516,5006.39990234375,12.507218360900879,1251.5999755859375,AbsoluteNeutrophilCount_Min_acute
3.0,27.60956573486328,1412.85546875,9.2031888961792,470.9518127441406,AbsoluteMonocyteCount_Avg_acute
1.0,9.338207244873047,1265.56640625,9.338207244873047,1265.56640625,AbsoluteEosinophilCount_Avg_acute
10.0,191.65176391601562,14513.1162109375,19.165176391601562,1451.3116455078125,MeanPlateletVolume_Max_acute
3.0,36.834712982177734,4971.0703125,12.278237342834473,1657.0234375,MeanPlateletVolume_Min_acute
1.0,9.744392395019531,1294.0167236328125,9.744392395019531,1294.0167236328125,EosinophilCountAbsolute_Avg_acute
6.0,80.85733795166016,7275.3447265625,13.47622299194336,1212.5574951171875,Ro52_Avg_chronic
1.0,13.294229507446289,1213.153564453125,13.294229507446289,1213.153564453125,Ro52_Max_chronic
