weight,total_gain,total_cover,gain,cover,feature
7.0,78.12018585205078,11326.95703125,11.160026550292969,1618.13671875,index
5.0,53.063323974609375,7562.04052734375,10.612665176391602,1512.4080810546875,MeanCorpuscularHemoglobinConcentration_Avg_acute
1.0,11.742523193359375,1420.5999755859375,11.742523193359375,1420.5999755859375,MeanCorpuscularHemoglobinConcentration_Max_acute
1.0,8.221536636352539,1708.6787109375,8.221536636352539,1708.6787109375,BasophilsPercentage_Min_chronic
1.0,13.559192657470703,1233.5462646484375,13.559192657470703,1233.5462646484375,AbsoluteNeutrophilCount_Avg_acute
1.0,8.878593444824219,1582.798095703125,8.878593444824219,1582.798095703125,AbsoluteNeutrophilCount_Max_acute
3.0,37.333229064941406,3748.81689453125,12.444409370422363,1249.6055908203125,AbsoluteNeutrophilCount_Min_acute
2.0,18.405715942382812,941.9395751953125,9.202857971191406,470.96978759765625,AbsoluteMonocyteCount_Avg_acute
1.0,8.37466049194336,1117.6387939453125,8.37466049194336,1117.6387939453125,AbsoluteMonocyteCount_Max_acute
5.0,93.80304718017578,7243.923828125,18.760608673095703,1448.7847900390625,MeanPlateletVolume_Max_acute
2.0,24.408897399902344,3319.1708984375,12.204448699951172,1659.58544921875,MeanPlateletVolume_Min_acute
3.0,43.134727478027344,3610.314208984375,14.378242492675781,1203.4381103515625,Ro52_Avg_chronic
1.0,10.67025375366211,1242.092529296875,10.67025375366211,1242.092529296875,Ro52_Max_chronic
