weight,total_gain,total_cover,gain,cover,feature
12.0,48.5686149597168,1891.218017578125,4.047384738922119,157.60150146484375,index
2.0,8.402034759521484,186.74700927734375,4.201017379760742,93.37350463867188,MeanCorpuscularHemoglobinConcentration_Avg_acute
1.0,4.039785385131836,78.21427917480469,4.039785385131836,78.21427917480469,MeanCorpuscularHemoglobinConcentration_Max_acute
2.0,7.697206497192383,95.79338073730469,3.8486032485961914,47.896690368652344,MeanCorpuscularVolume_Min_acute
1.0,3.847259998321533,56.37794876098633,3.847259998321533,56.37794876098633,EosinophilsPercentage_Min_chronic
9.0,35.02922058105469,622.5647583007812,3.8921356201171875,69.17385864257812,BasophilsPercentage_Min_chronic
1.0,4.199134826660156,86.62938690185547,4.199134826660156,86.62938690185547,AbsoluteNeutrophilCount_Max_acute
2.0,8.228691101074219,196.91812133789062,4.114345550537109,98.45906066894531,AbsoluteNeutrophilCount_Min_acute
1.0,3.840502977371216,46.250579833984375,3.840502977371216,46.250579833984375,MeanPlateletVolume_Avg_acute
8.0,38.247344970703125,440.70391845703125,4.780918121337891,55.087989807128906,MeanPlateletVolume_Max_acute
11.0,44.927330017089844,1194.01953125,4.08430290222168,108.54723358154297,MeanPlateletVolume_Min_acute
1.0,4.529803276062012,21.87173843383789,4.529803276062012,21.87173843383789,MeanPlateletVolume_Min_chronic
1.0,3.840780019760132,46.641151428222656,3.840780019760132,46.641151428222656,Plateletcrit_Max_acute
