weight,total_gain,total_cover,gain,cover,feature
1.0,9.173018455505371,334.9786376953125,9.173018455505371,334.9786376953125,MeanCorpuscularHemoglobinConcentration_Min_preclinical
11.0,99.12068939208984,5555.6435546875,9.010972023010254,505.0585021972656,MeanCorpuscularVolume_Max_preclinical
1.0,10.283921241760254,494.4127502441406,10.283921241760254,494.4127502441406,AbsoluteLymphocyteCount_Max_preclinical
1.0,9.05384349822998,499.8034973144531,9.05384349822998,499.8034973144531,AbsoluteLymphocyteCount_Min_preclinical
20.0,220.46121215820312,9949.06640625,11.02306079864502,497.45330810546875,PlateletDistributionWidth_Max_preclinical
21.0,199.8915252685547,10567.853515625,9.518644332885742,503.2311096191406,PlateletDistributionWidth_Min_preclinical
