weight,total_gain,total_cover,gain,cover,feature
2.0,8.516036987304688,21.713844299316406,4.258018493652344,10.856922149658203,MeanCorpuscularHemoglobin_Min_chronic
5.0,21.516490936279297,63.44832229614258,4.303297996520996,12.689664840698242,MeanCorpuscularVolume_Min_acute
10.0,43.36325454711914,154.19358825683594,4.336325645446777,15.41935920715332,BasophilsPercentage_Min_chronic
4.0,18.91156005859375,124.55780029296875,4.7278900146484375,31.139450073242188,MeanPlateletVolume_Avg_acute
7.0,32.87627410888672,158.55233764648438,4.696610450744629,22.650333404541016,MeanPlateletVolume_Max_acute
11.0,53.28376007080078,432.1021728515625,4.843978404998779,39.28201675415039,MeanPlateletVolume_Min_acute
1.0,4.325235366821289,14.118204116821289,4.325235366821289,14.118204116821289,Plateletcrit_Max_acute
