weight,total_gain,total_cover,gain,cover,feature
60.0,1086.4024658203125,102498.7109375,18.106708526611328,1708.3118896484375,PlateletCount_Max_acute
8.0,102.4312973022461,13697.97265625,12.803912162780762,1712.24658203125,PlateletCount_Min_acute
6.0,76.90106964111328,10172.3564453125,12.816844940185547,1695.3927001953125,PlateletCount_Avg_acute
5.0,28.711069107055664,3523.623046875,5.742213726043701,704.724609375,WhiteBloodCellCount_Min_preclinical
59.0,1396.149169921875,144631.359375,23.663545608520508,2451.37890625,MeanCorpuscularHemoglobin_Max_acute
27.0,624.65576171875,66461.5,23.135398864746094,2461.537109375,MeanCorpuscularHemoglobin_Min_acute
10.0,234.34730529785156,24668.4140625,23.434730529785156,2466.84130859375,MeanCorpuscularHemoglobin_Avg_acute
1.0,6.505527496337891,324.2915344238281,6.505527496337891,324.2915344238281,MeanCorpuscularHemoglobin_Max_preclinical
61.0,426.0310363769531,49000.0390625,6.984115123748779,803.2793579101562,MeanCorpuscularVolume_Min_acute
6.0,44.02112579345703,6496.1259765625,7.336854457855225,1082.6876220703125,MeanCorpuscularVolume_Avg_acute
2.0,21.396364212036133,3356.65283203125,10.698182106018066,1678.326416015625,RedBloodCellCount_Max_preclinical
24.0,362.9382629394531,40998.58984375,15.122427940368652,1708.2745361328125,AbsoluteNeutrophilCount_Max_acute
3.0,17.117433547973633,2079.35791015625,5.705811023712158,693.1193237304688,AbsoluteMonocyteCount_Avg_acute
1.0,5.287158966064453,795.242431640625,5.287158966064453,795.242431640625,AbsoluteMonocyteCount_Min_preclinical
1.0,11.586109161376953,928.8746337890625,11.586109161376953,928.8746337890625,AbsoluteEosinophilCount_Min_preclinical
25.0,171.27395629882812,19061.455078125,6.850958347320557,762.4581909179688,AbsoluteEosinophilCount_Avg_preclinical
1.0,13.525823593139648,2427.0419921875,13.525823593139648,2427.0419921875,EosinophilCountAbsolute_Avg_preclinical
