weight,total_gain,total_cover,gain,cover,feature
18.0,153.29603576660156,30542.73046875,8.516446113586426,1696.818359375,index
15.0,123.30984497070312,23560.392578125,8.220656394958496,1570.69287109375,MeanCorpuscularHemoglobinConcentration_Avg_acute
1.0,6.246648788452148,1046.1529541015625,6.246648788452148,1046.1529541015625,WhiteBloodCellCount_Avg_acute
4.0,24.197525024414062,2868.316650390625,6.049381256103516,717.0791625976562,BasophilsPercentage_Min_chronic
3.0,28.31532096862793,3851.72021484375,9.438440322875977,1283.90673828125,AbsoluteNeutrophilCount_Avg_acute
1.0,5.970980644226074,259.7373046875,5.970980644226074,259.7373046875,AbsoluteNeutrophilCount_Max_acute
15.0,122.88472747802734,14598.1572265625,8.192315101623535,973.2105102539062,AbsoluteNeutrophilCount_Min_acute
8.0,63.03956604003906,4953.02783203125,7.879945755004883,619.1284790039062,AbsoluteMonocyteCount_Avg_acute
2.0,14.870405197143555,949.2418212890625,7.435202598571777,474.62091064453125,AbsoluteMonocyteCount_Max_acute
2.0,17.212087631225586,2628.44775390625,8.606043815612793,1314.223876953125,AbsoluteEosinophilCount_Avg_acute
11.0,196.26756286621094,16861.181640625,17.842506408691406,1532.834716796875,MeanPlateletVolume_Max_acute
7.0,65.62957763671875,11798.90625,9.375654220581055,1685.5579833984375,MeanPlateletVolume_Min_acute
1.0,6.075655460357666,369.7705383300781,6.075655460357666,369.7705383300781,MeanPlateletVolume_Max_chronic
1.0,9.117902755737305,1110.936767578125,9.117902755737305,1110.936767578125,PlateletDistributionWidth_Max_acute
1.0,5.707331657409668,1546.8724365234375,5.707331657409668,1546.8724365234375,Plateletcrit_Max_acute
1.0,7.5269927978515625,1339.353271484375,7.5269927978515625,1339.353271484375,RedCellDistributionWidthCV_Min_acute
1.0,5.5457763671875,349.2137756347656,5.5457763671875,349.2137756347656,RedCellDistributionWidthCV_Min_chronic
8.0,100.01029205322266,9792.478515625,12.501286506652832,1224.059814453125,Ro52_Avg_chronic
1.0,13.303438186645508,1213.175537109375,13.303438186645508,1213.175537109375,Ro52_Max_chronic
3.0,19.447933197021484,4215.15625,6.482644557952881,1405.0521240234375,ThrombinTime_Max_chronic
