weight,total_gain,total_cover,gain,cover,feature
43.0,89.79727172851562,1249.58984375,2.088308572769165,29.06022834777832,LymphocytesPercentage_Min_acute
16.0,34.209381103515625,446.7892150878906,2.1380863189697266,27.924325942993164,NeutrophilsPercentage_Max_acute
11.0,17.178001403808594,333.3883056640625,1.5616364479064941,30.308027267456055,NeutrophilsPercentage_Avg_acute
5.0,6.524444580078125,227.3939208984375,1.3048889636993408,45.478782653808594,MeanCorpuscularHemoglobin_Min_acute
5.0,6.789278030395508,126.64056396484375,1.3578555583953857,25.328113555908203,MeanCorpuscularVolume_Max_preclinical
1.0,1.263570785522461,24.40753936767578,1.263570785522461,24.40753936767578,MeanCorpuscularVolume_Min_preclinical
3.0,4.175313949584961,62.71318054199219,1.3917713165283203,20.904394149780273,AbsoluteNeutrophilCount_Max_acute
4.0,6.108705520629883,75.25971984863281,1.5271763801574707,18.814929962158203,AbsoluteNeutrophilCount_Avg_acute
