weight,total_gain,total_cover,gain,cover,feature
3.0,25.708282470703125,2191.296875,8.569427490234375,730.4323120117188,NeutrophilsPercentage_Max_acute
1.0,9.368706703186035,720.1441040039062,9.368706703186035,720.1441040039062,EosinophilsPercentage_Min_acute
2.0,17.02230453491211,1459.0081787109375,8.511152267456055,729.5040893554688,EosinophilsPercentage_Avg_acute
1.0,8.285157203674316,639.1607666015625,8.285157203674316,639.1607666015625,BasophilsPercentage_Max_acute
1.0,8.25572395324707,715.5372314453125,8.25572395324707,715.5372314453125,RedCellDistributionWidthCV_Max_acute
