weight,total_gain,total_cover,gain,cover,feature
7.0,26.184661865234375,795.5731201171875,3.740665912628174,113.65330505371094,index
5.0,17.909528732299805,54.36577606201172,3.5819058418273926,10.87315559387207,MeanCorpuscularHemoglobin_Min_chronic
7.0,26.397632598876953,78.4037094116211,3.771090269088745,11.200530052185059,MeanCorpuscularVolume_Min_acute
13.0,52.48737716674805,198.26983642578125,4.037490367889404,15.25152587890625,BasophilsPercentage_Min_chronic
2.0,6.5479888916015625,167.61761474609375,3.2739944458007812,83.80880737304688,AbsoluteBasophilCount_Avg_chronic
6.0,25.32679557800293,118.77269744873047,4.221132755279541,19.79545021057129,MeanPlateletVolume_Max_acute
27.0,115.2797622680664,999.9338989257812,4.269620895385742,37.03458786010742,MeanPlateletVolume_Min_acute
10.0,36.607723236083984,114.4111557006836,3.6607723236083984,11.441115379333496,Plateletcrit_Max_acute
