weight,total_gain,total_cover,gain,cover,feature
7.0,50.01082229614258,11744.7939453125,7.144402980804443,1677.8277587890625,index
3.0,26.263593673706055,4787.28173828125,8.754530906677246,1595.7606201171875,MeanCorpuscularHemoglobinConcentration_Avg_acute
1.0,6.074275016784668,1506.94775390625,6.074275016784668,1506.94775390625,MeanCorpuscularHemoglobinConcentration_Max_acute
1.0,4.484059810638428,357.20556640625,4.484059810638428,357.20556640625,BasophilsPercentage_Avg_acute
1.0,6.693226337432861,376.2454833984375,6.693226337432861,376.2454833984375,BasophilsPercentage_Min_chronic
1.0,4.6460700035095215,251.06040954589844,4.6460700035095215,251.06040954589844,AbsoluteNeutrophilCount_Avg_acute
2.0,11.80180549621582,2986.9873046875,5.90090274810791,1493.49365234375,AbsoluteNeutrophilCount_Max_acute
3.0,28.071897506713867,2881.455810546875,9.357298851013184,960.4852905273438,AbsoluteNeutrophilCount_Min_acute
4.0,28.149906158447266,3110.712890625,7.037476539611816,777.67822265625,AbsoluteMonocyteCount_Avg_acute
1.0,5.29661750793457,359.7399597167969,5.29661750793457,359.7399597167969,AbsoluteBasophilCount_Min_chronic
3.0,58.23310089111328,4774.98828125,19.411033630371094,1591.6627197265625,MeanPlateletVolume_Max_acute
2.0,13.835108757019043,3441.54150390625,6.9175543785095215,1720.770751953125,MeanPlateletVolume_Min_acute
1.0,4.356804847717285,1596.89208984375,4.356804847717285,1596.89208984375,Plateletcrit_Max_acute
1.0,4.847602844238281,1404.201171875,4.847602844238281,1404.201171875,RedCellDistributionWidthCV_Min_acute
1.0,5.5457763671875,349.2137756347656,5.5457763671875,349.2137756347656,RedCellDistributionWidthCV_Min_chronic
3.0,37.87516784667969,3671.43896484375,12.625056266784668,1223.81298828125,Ro52_Avg_chronic
