weight,total_gain,total_cover,gain,cover,feature
3.0,32.15281677246094,2210.260009765625,10.717605590820312,736.7533569335938,WhiteBloodCellCount_Max_acute
