weight,total_gain,total_cover,gain,cover,feature
19.0,51.707664489746094,516.8137817382812,2.7214560508728027,27.200725555419922,MeanCorpuscularHemoglobinConcentration_Max_preclinical
22.0,62.8293571472168,502.88330078125,2.855879783630371,22.85833168029785,MeanCorpuscularHemoglobinConcentration_Min_preclinical
8.0,23.3076114654541,195.92005920410156,2.9134514331817627,24.490007400512695,MeanCorpuscularHemoglobinConcentration_Avg_preclinical
14.0,29.154273986816406,1468.832763671875,2.0824482440948486,104.9166259765625,PlateletCount_Max_acute
20.0,97.40819549560547,2294.219970703125,4.870409965515137,114.71099853515625,MeanCorpuscularHemoglobin_Max_acute
35.0,189.73878479003906,4022.61865234375,5.421108245849609,114.93196105957031,MeanCorpuscularHemoglobin_Min_acute
12.0,60.7614631652832,1264.740966796875,5.063455104827881,105.39508056640625,MeanCorpuscularHemoglobin_Avg_acute
1.0,2.338642120361328,68.12775421142578,2.338642120361328,68.12775421142578,MeanCorpuscularHemoglobin_Max_preclinical
1.0,1.6024322509765625,126.47051239013672,1.6024322509765625,126.47051239013672,MeanCorpuscularHemoglobin_Min_preclinical
26.0,35.65770721435547,2085.6943359375,1.3714503049850464,80.21900939941406,RedBloodCellCount_Max_preclinical
6.0,4.074680328369141,422.7760009765625,0.6791133880615234,70.4626693725586,RedBloodCellCount_Min_preclinical
2.0,1.0676651000976562,116.24113464355469,0.5338325500488281,58.120567321777344,RedBloodCellCount_Avg_preclinical
3.0,7.617953300476074,55.1174430847168,2.5393178462982178,18.372480392456055,Hemoglobin_Min_acute
1.0,2.3079638481140137,18.228710174560547,2.3079638481140137,18.228710174560547,BasophilsPercentage_Avg_acute
6.0,14.318470001220703,487.3199768066406,2.386411666870117,81.2199935913086,AbsoluteNeutrophilCount_Max_acute
14.0,38.7421989440918,447.5799560546875,2.7672998905181885,31.96999740600586,AbsoluteMonocyteCount_Min_preclinical
7.0,9.042190551757812,863.7565307617188,1.2917414903640747,123.39379119873047,AbsoluteBasophilCount_Max_preclinical
1.0,2.5161590576171875,95.41373443603516,2.5161590576171875,95.41373443603516,AbsoluteBasophilCount_Avg_preclinical
3.0,11.235939025878906,380.5633544921875,3.7453129291534424,126.85445404052734,EosinophilCountAbsolute_Max_preclinical
4.0,16.82978057861328,440.9280700683594,4.20744514465332,110.23201751708984,EosinophilCountAbsolute_Min_preclinical
