weight,total_gain,total_cover,gain,cover,feature
2.0,9.6300048828125,591.3975219726562,4.81500244140625,295.6987609863281,AbsoluteEosinophilCount_Min_chronic
