weight,total_gain,total_cover,gain,cover,feature
1.0,10.149453163146973,652.8700561523438,10.149453163146973,652.8700561523438,PlateletCount_Max_acute
3.0,25.550857543945312,2340.42333984375,8.516952514648438,780.14111328125,Plateletcrit_Min_preclinical
