weight,total_gain,total_cover,gain,cover,feature
2.0,11.3056640625,361.3682861328125,5.65283203125,180.68414306640625,LymphocytesPercentage_Min
4.0,34.8876953125,2316.560302734375,8.721923828125,579.1400756835938,NeutrophilsPercentage_Max
1.0,0.5235214233398438,13.084071159362793,0.5235214233398438,13.084071159362793,MeanCorpuscularHemoglobinConcentration_Avg
1.0,1.6123046875,2367.960205078125,1.6123046875,2367.960205078125,MeanCorpuscularVolume_Min
23.0,5119.9599609375,19884.337890625,222.60694885253906,864.5364379882812,EosinophilsPercentage_Avg
1.0,248.6895751953125,16.448570251464844,248.6895751953125,16.448570251464844,EosinophilsPercentage_Max
2.0,33.1875,3775.609130859375,16.59375,1887.8045654296875,EosinophilsPercentage_Min
4.0,125.998291015625,797.6722412109375,31.49957275390625,199.41806030273438,AbsoluteNeutrophilCount_Avg
14.0,526.0505981445312,4941.986328125,37.575042724609375,352.9990234375,AbsoluteNeutrophilCount_Max
1.0,32.8572998046875,87.1920166015625,32.8572998046875,87.1920166015625,AbsoluteNeutrophilCount_Min
1.0,132.28277587890625,14.555598258972168,132.28277587890625,14.555598258972168,AbsoluteEosinophilCount_Avg
2.0,7.44384765625,5205.6005859375,3.721923828125,2602.80029296875,RedCellDistributionWidth_Avg
2.0,10.00341796875,6012.48291015625,5.001708984375,3006.241455078125,RedCellDistributionWidth_Min
1.0,55.53059387207031,18.792083740234375,55.53059387207031,18.792083740234375,CReactiveProtein_Min
1.0,19.697128295898438,14.752068519592285,19.697128295898438,14.752068519592285,ThrombinTime_Avg
