weight,total_gain,total_cover,gain,cover,feature
10.0,87.89649200439453,16615.232421875,8.78964900970459,1661.523193359375,index
8.0,68.55179595947266,12525.65625,8.568974494934082,1565.70703125,MeanCorpuscularHemoglobinConcentration_Avg_acute
1.0,6.834009170532227,1030.2467041015625,6.834009170532227,1030.2467041015625,WhiteBloodCellCount_Avg_acute
2.0,12.641988754272461,743.9193725585938,6.3209943771362305,371.9596862792969,BasophilsPercentage_Min_chronic
3.0,22.641582489013672,2865.896484375,7.547194004058838,955.298828125,AbsoluteNeutrophilCount_Avg_acute
7.0,60.219825744628906,7128.845703125,8.602831840515137,1018.4065551757812,AbsoluteNeutrophilCount_Min_acute
5.0,40.404075622558594,3025.50927734375,8.080815315246582,605.1018676757812,AbsoluteMonocyteCount_Avg_acute
1.0,9.663681030273438,1259.887451171875,9.663681030273438,1259.887451171875,AbsoluteEosinophilCount_Avg_acute
5.0,97.2405776977539,7951.75146484375,19.448116302490234,1590.350341796875,MeanPlateletVolume_Max_acute
3.0,28.602161407470703,5056.64453125,9.534053802490234,1685.5482177734375,MeanPlateletVolume_Min_acute
3.0,43.15282440185547,3610.326904296875,14.38427448272705,1203.4422607421875,Ro52_Avg_chronic
1.0,10.682638168334961,1242.162109375,10.682638168334961,1242.162109375,Ro52_Max_chronic
