weight,total_gain,total_cover,gain,cover,feature
58.0,410.1474609375,400441.59375,7.071507930755615,6904.16552734375,PlateletCount_Max_acute
7.0,32.96722412109375,48760.3125,4.709603309631348,6965.7587890625,PlateletCount_Min_acute
6.0,30.4332275390625,39786.10546875,5.07220458984375,6631.017578125,PlateletCount_Avg_acute
19.0,41.373443603515625,57410.2734375,2.1775496006011963,3021.59326171875,WhiteBloodCellCount_Max_preclinical
10.0,20.32293701171875,32728.201171875,2.0322937965393066,3272.820068359375,WhiteBloodCellCount_Min_preclinical
5.0,10.80328369140625,15352.1953125,2.160656690597534,3070.43896484375,WhiteBloodCellCount_Avg_preclinical
59.0,491.95751953125,593277.0625,8.338263511657715,10055.54296875,MeanCorpuscularHemoglobin_Max_acute
27.0,216.8428955078125,275453.78125,8.031218528747559,10201.9921875,MeanCorpuscularHemoglobin_Min_acute
10.0,79.97186279296875,102785.328125,7.997186183929443,10278.533203125,MeanCorpuscularHemoglobin_Avg_acute
1.0,5.95538330078125,6930.76025390625,5.95538330078125,6930.76025390625,MeanCorpuscularVolume_Max_acute
52.0,118.82656860351562,185364.640625,2.285126209259033,3564.70458984375,MeanCorpuscularVolume_Min_acute
1.0,5.075927734375,10131.244140625,5.075927734375,10131.244140625,MeanCorpuscularVolume_Avg_acute
1.0,4.25518798828125,6172.07861328125,4.25518798828125,6172.07861328125,RedBloodCellCount_Max_preclinical
2.0,9.31890869140625,13800.822265625,4.659454345703125,6900.4111328125,BasophilsPercentage_Max_preclinical
26.0,149.45114135742188,179540.484375,5.7481207847595215,6905.4033203125,AbsoluteNeutrophilCount_Max_acute
2.0,7.158294677734375,6779.859375,3.5791473388671875,3389.9296875,AbsoluteEosinophilCount_Min_preclinical
14.0,32.715667724609375,48588.9453125,2.3368334770202637,3470.638916015625,AbsoluteEosinophilCount_Avg_preclinical
