weight,total_gain,total_cover,gain,cover,feature
4.0,430.511962890625,144.26280212402344,107.62799072265625,36.06570053100586,LymphocytesPercentage_Avg
5.0,29.309677124023438,3580.804443359375,5.861935615539551,716.160888671875,MonocytesPercentage_Avg
1.0,0.3740234375,5288.32470703125,0.3740234375,5288.32470703125,TotalThyroxine_Avg
1.0,0.2533073425292969,21.06157875061035,0.2533073425292969,21.06157875061035,MeanCorpuscularHemoglobin_Avg
2.0,2.91015625,10219.560546875,1.455078125,5109.7802734375,ThyroidStimulatingHormone_Avg
10.0,645.05078125,17465.517578125,64.50508117675781,1746.5517578125,LymphocytesPercentage_Max
2.0,12.088943481445312,32.754356384277344,6.044471740722656,16.377178192138672,MonocytesPercentage_Max
6.0,42.812347412109375,963.4437866210938,7.1353912353515625,160.57395935058594,MeanPlateletVolume_Min
6.0,470.162109375,7425.240234375,78.3603515625,1237.5400390625,LymphocytesPercentage_Min
