{
    "roc_auc": [
        {
            "binary_threshold": 42,
            "fpr": [
                0.0,
                0.0,
                0.0,
                0.05263157894736842,
                0.05263157894736842,
                0.10526315789473684,
                0.10526315789473684,
                0.21052631578947367,
                0.21052631578947367,
                0.3684210526315789,
                0.3684210526315789,
                0.47368421052631576,
                0.47368421052631576,
                0.5263157894736842,
                0.5263157894736842,
                0.631578947368421,
                0.631578947368421,
                0.9473684210526315,
                0.9473684210526315,
                1.0
            ],
            "tpr": [
                0.0,
                0.05,
                0.25,
                0.25,
                0.5,
                0.5,
                0.55,
                0.55,
                0.6,
                0.6,
                0.65,
                0.65,
                0.7,
                0.7,
                0.75,
                0.75,
                0.95,
                0.95,
                1.0,
                1.0
            ],
            "thresholds": [
                Infinity,
                737.4890747070312,
                303.3753356933594,
                298.1628723144531,
                159.19525146484375,
                154.48289489746094,
                139.00762939453125,
                95.97701263427734,
                92.61908721923828,
                64.4305419921875,
                63.828125,
                60.46135330200195,
                48.60871887207031,
                45.99987030029297,
                45.26906204223633,
                38.28287124633789,
                23.224050521850586,
                12.394495010375977,
                10.833423614501953,
                9.642805099487305
            ],
            "roc_auc": 0.7289473684210527
        }
    ],
    "prerec_auc": [
        {
            "binary_threshold": 42,
            "precision": [
                0.5128205128205128,
                0.5263157894736842,
                0.5135135135135135,
                0.5277777777777778,
                0.5428571428571428,
                0.5588235294117647,
                0.5757575757575758,
                0.59375,
                0.6129032258064516,
                0.6,
                0.5862068965517241,
                0.5714285714285714,
                0.5555555555555556,
                0.5769230769230769,
                0.6,
                0.5833333333333334,
                0.6086956521739131,
                0.5909090909090909,
                0.6190476190476191,
                0.65,
                0.631578947368421,
                0.6666666666666666,
                0.7058823529411765,
                0.75,
                0.7333333333333333,
                0.7857142857142857,
                0.8461538461538461,
                0.8333333333333334,
                0.9090909090909091,
                0.9,
                0.8888888888888888,
                0.875,
                0.8571428571428571,
                0.8333333333333334,
                1.0,
                1.0,
                1.0,
                1.0,
                1.0,
                1.0
            ],
            "recall": [
                1.0,
                1.0,
                0.95,
                0.95,
                0.95,
                0.95,
                0.95,
                0.95,
                0.95,
                0.9,
                0.85,
                0.8,
                0.75,
                0.75,
                0.75,
                0.7,
                0.7,
                0.65,
                0.65,
                0.65,
                0.6,
                0.6,
                0.6,
                0.6,
                0.55,
                0.55,
                0.55,
                0.5,
                0.5,
                0.45,
                0.4,
                0.35,
                0.3,
                0.25,
                0.25,
                0.2,
                0.15,
                0.1,
                0.05,
                0.0
            ],
            "thresholds": [
                9.642805099487305,
                10.833423614501953,
                12.394495010375977,
                13.706262588500977,
                14.669797897338867,
                15.19709587097168,
                20.1324462890625,
                20.979692459106445,
                23.224050521850586,
                23.427770614624023,
                26.370149612426758,
                37.42900848388672,
                38.28287124633789,
                45.109439849853516,
                45.26906204223633,
                45.99987030029297,
                48.60871887207031,
                60.46135330200195,
                61.15520477294922,
                63.828125,
                64.4305419921875,
                65.76025390625,
                87.65293884277344,
                92.61908721923828,
                95.97701263427734,
                98.48248291015625,
                139.00762939453125,
                154.48289489746094,
                159.19525146484375,
                167.15792846679688,
                217.44908142089844,
                230.73802185058594,
                268.0628967285156,
                298.1628723144531,
                303.3753356933594,
                473.9338073730469,
                549.7821044921875,
                577.9308471679688,
                737.4890747070312
            ],
            "prerec_auc": 0.7833846072850703
        }
    ]
}