weight,total_gain,total_cover,gain,cover,feature
2.0,3.595703125,4329.10791015625,1.7978515625,2164.553955078125,Hematocrit_Avg
8.0,1143.85400390625,6304.1806640625,142.98175048828125,788.0225830078125,LymphocytesPercentage_Avg
8.0,78.32289123535156,3628.82421875,9.790361404418945,453.60302734375,MonocytesPercentage_Avg
1.0,17.373092651367188,8.325754165649414,17.373092651367188,8.325754165649414,MeanPlateletVolume_Avg
1.0,0.9345703125,7340.26025390625,0.9345703125,7340.26025390625,MeanCorpuscularHemoglobin_Avg
15.0,1944.00048828125,18671.54296875,129.60003662109375,1244.76953125,LymphocytesPercentage_Max
1.0,1.158203125,1968.369873046875,1.158203125,1968.369873046875,Hematocrit_Min
9.0,112.76529693603516,596.3043823242188,12.5294771194458,66.25604248046875,MeanPlateletVolume_Min
5.0,1289.7646484375,141.03085327148438,257.95294189453125,28.2061710357666,LymphocytesPercentage_Min
