weight,total_gain,total_cover,gain,cover,feature
6.0,21.884170532226562,703.9295043945312,3.6473617553710938,117.32158660888672,index
5.0,18.7081298828125,53.54481887817383,3.741626024246216,10.708963394165039,MeanCorpuscularHemoglobin_Min_chronic
6.0,23.54620361328125,67.26990509033203,3.9243671894073486,11.211650848388672,MeanCorpuscularVolume_Min_acute
12.0,49.70708084106445,183.11245727539062,4.142256736755371,15.259371757507324,BasophilsPercentage_Min_chronic
6.0,25.728572845458984,113.41731262207031,4.288095474243164,18.90288543701172,MeanPlateletVolume_Max_acute
26.0,114.4092025756836,935.2037963867188,4.400353908538818,35.96937561035156,MeanPlateletVolume_Min_acute
10.0,37.627685546875,113.99878692626953,3.762768507003784,11.39987850189209,Plateletcrit_Max_acute
