weight,total_gain,total_cover,gain,cover,feature
1.0,8.914510726928711,763.44775390625,8.914510726928711,763.44775390625,LymphocytesPercentage_Max_preclinical
2.0,19.15106964111328,1540.312255859375,9.57553482055664,770.1561279296875,LymphocytesPercentage_Avg_preclinical
2.0,18.667884826660156,1550.50390625,9.333942413330078,775.251953125,AbsoluteLymphocyteCount_Avg_preclinical
1.0,9.273458480834961,528.2260131835938,9.273458480834961,528.2260131835938,RedCellDistributionWidth_Min_preclinical
1.0,9.632391929626465,528.5328369140625,9.632391929626465,528.5328369140625,RedCellDistributionWidth_Avg_preclinical
