weight,total_gain,total_cover,gain,cover,feature
11.0,47.434486389160156,1615.16259765625,4.312225818634033,146.8329620361328,index
1.0,4.317577362060547,81.36296081542969,4.317577362060547,81.36296081542969,MeanCorpuscularHemoglobinConcentration_Max_acute
1.0,4.240156173706055,45.891902923583984,4.240156173706055,45.891902923583984,MeanCorpuscularVolume_Min_acute
1.0,4.262546539306641,51.15724182128906,4.262546539306641,51.15724182128906,EosinophilsPercentage_Min_chronic
8.0,34.14704132080078,515.7059936523438,4.268380165100098,64.46324920654297,BasophilsPercentage_Min_chronic
2.0,9.235345840454102,168.9710235595703,4.617672920227051,84.48551177978516,AbsoluteNeutrophilCount_Max_acute
9.0,46.96198272705078,457.03662109375,5.217998027801514,50.78184509277344,MeanPlateletVolume_Max_acute
8.0,34.866249084472656,938.9149780273438,4.358281135559082,117.36437225341797,MeanPlateletVolume_Min_acute
1.0,5.149470806121826,22.26197624206543,5.149470806121826,22.26197624206543,MeanPlateletVolume_Min_chronic
