weight,total_gain,total_cover,gain,cover,feature
5.0,53.66188049316406,5378.611328125,10.732376098632812,1075.7222900390625,WhiteBloodCellCount_Max_acute
1.0,9.189250946044922,966.1697998046875,9.189250946044922,966.1697998046875,WhiteBloodCellCount_Avg_acute
1.0,9.846097946166992,937.9457397460938,9.846097946166992,937.9457397460938,AntiScl70_Max_acute
3.0,30.359683990478516,3075.632568359375,10.119894981384277,1025.2108154296875,AntiScl70_Min_acute
