weight,total_gain,total_cover,gain,cover,feature
6.0,50.2373046875,2376.883544921875,8.372883796691895,396.1472473144531,RedCellDistributionWidthCV_Avg_chronic
2.0,9.6866455078125,1207.3717041015625,4.84332275390625,603.6858520507812,RedCellDistributionWidthCV_Max_chronic
3.0,31.857177734375,497.4591369628906,10.619059562683105,165.81971740722656,RedCellDistributionWidthCV_Min_chronic
1.0,4.1356201171875,117.80799865722656,4.1356201171875,117.80799865722656,CReactiveProtein_Max_acute
1.0,3.52294921875,897.10888671875,3.52294921875,897.10888671875,CReactiveProtein_Min_acute
