weight,total_gain,total_cover,gain,cover,feature
5.0,49.516326904296875,860.0968017578125,9.903264999389648,172.0193634033203,WhiteBloodCellCount_Max_acute
1.0,7.325164794921875,142.69406127929688,7.325164794921875,142.69406127929688,WhiteBloodCellCount_Min_acute
1.0,6.452423095703125,192.2721405029297,6.452423095703125,192.2721405029297,WhiteBloodCellCount_Avg_acute
