weight,total_gain,total_cover,gain,cover,feature
4.0,8.765625,1038.7200927734375,2.19140625,259.6800231933594,index
1.0,2.780303955078125,18.592252731323242,2.780303955078125,18.592252731323242,MeanCorpuscularVolume_Min_acute
3.0,7.359508514404297,75.3557357788086,2.453169584274292,25.11857795715332,BasophilsPercentage_Min_chronic
2.0,1.677825927734375,363.4184875488281,0.8389129638671875,181.70924377441406,AbsoluteNeutrophilCount_Min_acute
2.0,7.404930114746094,77.14207458496094,3.702465057373047,38.57103729248047,MeanPlateletVolume_Max_acute
5.0,14.747177124023438,427.76318359375,2.9494354724884033,85.5526351928711,MeanPlateletVolume_Min_acute
