weight,total_gain,total_cover,gain,cover,feature
2.0,16.163578033447266,833.2335205078125,8.081789016723633,416.61676025390625,EosinophilsPercentage_Min_acute
1.0,8.489011764526367,760.300537109375,8.489011764526367,760.300537109375,AbsoluteMonocyteCount_Max_preclinical
3.0,26.709257125854492,2275.579345703125,8.903085708618164,758.5264282226562,AbsoluteMonocyteCount_Avg_preclinical
4.0,49.0942497253418,2134.7197265625,12.27356243133545,533.679931640625,RedCellDistributionWidth_Min_acute
