weight,total_gain,total_cover,gain,cover,feature
1.0,7.703042030334473,858.6814575195312,7.703042030334473,858.6814575195312,index
1.0,7.657289028167725,513.6079711914062,7.657289028167725,513.6079711914062,Hemoglobin_Avg_preclinical
3.0,28.66463279724121,2895.241943359375,9.554877281188965,965.0806274414062,EosinophilsPercentage_Max_acute
3.0,28.264551162719727,2956.928955078125,9.421517372131348,985.6430053710938,EosinophilsPercentage_Min_acute
7.0,70.9410629272461,6832.84228515625,10.134437561035156,976.1203002929688,EosinophilsPercentage_Avg_acute
1.0,7.495771408081055,828.5615234375,7.495771408081055,828.5615234375,CReactiveProtein_Min_acute
1.0,7.620427131652832,968.7139282226562,7.620427131652832,968.7139282226562,AntiScl70_Max_acute
1.0,7.634531021118164,795.0076293945312,7.634531021118164,795.0076293945312,AntiScl70_Min_acute
