weight,total_gain,total_cover,gain,cover,feature
1.0,34.392822265625,56343.10546875,34.392822265625,56343.10546875,WhiteBloodCellCount_Avg
16.0,611.1572875976562,899802.625,38.197330474853516,56237.6640625,WhiteBloodCellCount_Max
51.0,10153.3544921875,4335039.5,199.08538818359375,85000.7734375,EosinophilsPercentage_Avg
4.0,694.071533203125,332402.21875,173.51788330078125,83100.5546875,EosinophilsPercentage_Max
36.0,1355.65087890625,2118570.75,37.65696716308594,58849.1875,BasophilsPercentage_Avg
2.0,73.480712890625,120261.65625,36.7403564453125,60130.828125,BasophilsPercentage_Min
42.0,2680.723876953125,1131483.25,63.826759338378906,26940.078125,AbsoluteNeutrophilCount_Max
1.0,68.7354736328125,29596.11328125,68.7354736328125,29596.11328125,CReactiveProtein_Avg
12.0,717.3704833984375,311384.65625,59.7808723449707,25948.720703125,SMRNP_Max
