weight,total_gain,total_cover,gain,cover,feature
6.0,59.934410095214844,9798.4541015625,9.989068031311035,1633.07568359375,index
1.0,14.38413143157959,884.8092651367188,14.38413143157959,884.8092651367188,Hematocrit_Min_chronic
3.0,30.548601150512695,4464.501953125,10.182867050170898,1488.1673583984375,MeanCorpuscularHemoglobinConcentration_Avg_acute
1.0,12.399803161621094,1245.0255126953125,12.399803161621094,1245.0255126953125,WhiteBloodCellCount_Max_acute
2.0,29.896970748901367,3267.814453125,14.948485374450684,1633.9072265625,BasophilsPercentage_Min_chronic
1.0,11.384952545166016,1271.450927734375,11.384952545166016,1271.450927734375,AbsoluteNeutrophilCount_Avg_acute
1.0,9.415324211120605,1580.9302978515625,9.415324211120605,1580.9302978515625,AbsoluteNeutrophilCount_Min_acute
1.0,8.999166488647461,474.1106872558594,8.999166488647461,474.1106872558594,AbsoluteMonocyteCount_Avg_acute
2.0,16.406951904296875,1593.5926513671875,8.203475952148438,796.7963256835938,AbsoluteMonocyteCount_Max_acute
1.0,8.158384323120117,1289.45751953125,8.158384323120117,1289.45751953125,AbsoluteEosinophilCount_Avg_acute
6.0,94.12478637695312,9021.62890625,15.687464714050293,1503.6048583984375,MeanPlateletVolume_Max_acute
2.0,30.112884521484375,3252.59912109375,15.056442260742188,1626.299560546875,MeanPlateletVolume_Min_acute
1.0,17.725143432617188,707.87939453125,17.725143432617188,707.87939453125,MeanPlateletVolume_Avg_chronic
1.0,8.14583969116211,1321.894775390625,8.14583969116211,1321.894775390625,RedCellDistributionWidthCV_Min_acute
1.0,14.980289459228516,1201.072998046875,14.980289459228516,1201.072998046875,Ro52_Avg_chronic
1.0,12.928855895996094,1220.8348388671875,12.928855895996094,1220.8348388671875,Ro52_Max_chronic
1.0,11.202476501464844,1239.6513671875,11.202476501464844,1239.6513671875,Ro52_Min_chronic
1.0,8.911470413208008,1350.8515625,8.911470413208008,1350.8515625,ThrombinTime_Max_chronic
