weight,total_gain,total_cover,gain,cover,feature
32.0,245.93649291992188,54251.83984375,7.685515403747559,1695.3699951171875,index
11.0,89.1643295288086,18040.59375,8.10584831237793,1640.053955078125,MeanCorpuscularHemoglobinConcentration_Avg_acute
5.0,22.74582862854004,8563.4423828125,4.549165725708008,1712.6884765625,MeanCorpuscularHemoglobinConcentration_Max_acute
7.0,45.98563766479492,6681.14794921875,6.5693769454956055,954.44970703125,BasophilsPercentage_Min_chronic
7.0,32.482791900634766,1790.91455078125,4.640398979187012,255.84494018554688,AbsoluteNeutrophilCount_Avg_acute
11.0,91.5503921508789,16608.84765625,8.322762489318848,1509.895263671875,AbsoluteNeutrophilCount_Max_acute
14.0,75.62808227539062,18899.693359375,5.402005672454834,1349.9781494140625,AbsoluteNeutrophilCount_Min_acute
6.0,33.44020080566406,10256.98046875,5.573366641998291,1709.4967041015625,AbsoluteMonocyteCount_Avg_acute
1.0,5.623281478881836,1457.51123046875,5.623281478881836,1457.51123046875,AbsoluteEosinophilCount_Avg_acute
1.0,4.256939888000488,1510.4029541015625,4.256939888000488,1510.4029541015625,AbsoluteEosinophilCount_Min_acute
1.0,10.948963165283203,1240.918212890625,10.948963165283203,1240.918212890625,AbsoluteEosinophilCount_Min_chronic
12.0,208.6140899658203,17059.609375,17.38450813293457,1421.6341552734375,MeanPlateletVolume_Max_acute
11.0,97.37710571289062,18786.17578125,8.852463722229004,1707.8341064453125,MeanPlateletVolume_Min_acute
1.0,6.071434020996094,369.7705383300781,6.071434020996094,369.7705383300781,MeanPlateletVolume_Max_chronic
1.0,4.9160871505737305,1688.3526611328125,4.9160871505737305,1688.3526611328125,Plateletcrit_Max_acute
2.0,10.190624237060547,2958.201904296875,5.095312118530273,1479.1009521484375,RedCellDistributionWidthCV_Min_acute
4.0,25.34596824645996,5750.5400390625,6.33649206161499,1437.635009765625,EosinophilCountAbsolute_Min_acute
5.0,70.081787109375,6034.1669921875,14.016357421875,1206.8333740234375,Ro52_Avg_chronic
2.0,23.473400115966797,2471.45849609375,11.736700057983398,1235.729248046875,Ro52_Max_chronic
