weight,total_gain,total_cover,gain,cover,feature
41.0,4439.3994140625,49814.19140625,108.27803802490234,1214.980224609375,EosinophilsPercentage_Avg
3.0,23.27783203125,1501.7730712890625,7.75927734375,500.5910339355469,AbsoluteNeutrophilCount_Avg
28.0,531.144287109375,10888.40234375,18.969438552856445,388.87152099609375,AbsoluteNeutrophilCount_Max
