weight,total_gain,total_cover,gain,cover,feature
1.0,0.5237274169921875,123.67412567138672,0.5237274169921875,123.67412567138672,PlateletCount_Min_acute
29.0,17.037322998046875,3505.603759765625,0.587493896484375,120.88288879394531,BasophilsPercentage_Min_preclinical
1.0,0.4350433349609375,102.64461517333984,0.4350433349609375,102.64461517333984,BasophilsPercentage_Avg_preclinical
