weight,total_gain,total_cover,gain,cover,feature
2.0,19.169824600219727,1914.023193359375,9.584912300109863,957.0115966796875,WhiteBloodCellCount_Max_acute
2.0,19.140323638916016,1943.56103515625,9.570161819458008,971.780517578125,MeanCorpuscularVolume_Max_preclinical
1.0,9.986318588256836,964.5470581054688,9.986318588256836,964.5470581054688,MeanCorpuscularVolume_Avg_preclinical
1.0,8.90492057800293,823.6503295898438,8.90492057800293,823.6503295898438,RedCellDistributionWidth_Min_preclinical
