weight,total_gain,total_cover,gain,cover,feature
1.0,1.71875,703.5982666015625,1.71875,703.5982666015625,index
1.0,1.4295578002929688,29.415956497192383,1.4295578002929688,29.415956497192383,Hematocrit_Avg_chronic
1.0,0.786529541015625,30.419986724853516,0.786529541015625,30.419986724853516,MeanCorpuscularHemoglobinConcentration_Avg_chronic
1.0,1.6492958068847656,25.793197631835938,1.6492958068847656,25.793197631835938,WhiteBloodCellCount_Max_acute
1.0,2.1063232421875,365.5550842285156,2.1063232421875,365.5550842285156,RedBloodCellCount_Avg_acute
3.0,9.411865234375,1647.533447265625,3.1372883319854736,549.1777954101562,RedBloodCellCount_Min_acute
2.0,20.8751220703125,185.69834899902344,10.43756103515625,92.84917449951172,EosinophilsPercentage_Min_chronic
1.0,9.724960327148438,33.19216537475586,9.724960327148438,33.19216537475586,AbsoluteNeutrophilCount_Max_chronic
2.0,5.3780517578125,1290.107421875,2.68902587890625,645.0537109375,AbsoluteMonocyteCount_Avg_acute
1.0,1.146484375,506.4224853515625,1.146484375,506.4224853515625,AbsoluteMonocyteCount_Max_acute
5.0,39.2166748046875,2425.17919921875,7.843335151672363,485.03582763671875,AbsoluteEosinophilCount_Avg_chronic
1.0,4.664794921875,165.19822692871094,4.664794921875,165.19822692871094,AbsoluteEosinophilCount_Max_chronic
4.0,33.7340087890625,2031.2869873046875,8.433502197265625,507.8217468261719,AbsoluteEosinophilCount_Min_chronic
2.0,5.9969482421875,258.3338928222656,2.99847412109375,129.1669464111328,PlateletDistributionWidth_Avg_acute
1.0,2.1563720703125,230.79550170898438,2.1563720703125,230.79550170898438,PlateletDistributionWidth_Min_acute
1.0,1.1566162109375,591.6260986328125,1.1566162109375,591.6260986328125,ThrombinTime_Avg_chronic
1.0,1.3671875,517.0069580078125,1.3671875,517.0069580078125,ThrombinTime_Max_chronic
1.0,9.153823852539062,20.319488525390625,9.153823852539062,20.319488525390625,ProthrombinTime_Max_chronic
1.0,2.0296630859375,866.6888427734375,2.0296630859375,866.6888427734375,ProthrombinTimeINR_Min_chronic
