weight,total_gain,total_cover,gain,cover,feature
15.0,152.48321533203125,24138.43359375,10.165547370910645,1609.2288818359375,index
11.0,109.97831726074219,16798.37890625,9.998028755187988,1527.1253662109375,MeanCorpuscularHemoglobinConcentration_Avg_acute
2.0,22.487030029296875,3335.864990234375,11.243515014648438,1667.9324951171875,BasophilsPercentage_Min_chronic
4.0,42.18009948730469,4348.46044921875,10.545024871826172,1087.1151123046875,AbsoluteNeutrophilCount_Avg_acute
6.0,69.85955810546875,7548.8251953125,11.64326000213623,1258.1375732421875,AbsoluteNeutrophilCount_Min_acute
5.0,44.01893615722656,2357.891845703125,8.803787231445312,471.578369140625,AbsoluteMonocyteCount_Avg_acute
2.0,16.26437759399414,2227.47607421875,8.13218879699707,1113.738037109375,AbsoluteMonocyteCount_Max_acute
9.0,174.48263549804688,12887.0400390625,19.386959075927734,1431.893310546875,MeanPlateletVolume_Max_acute
5.0,65.99176788330078,8219.3544921875,13.19835376739502,1643.870849609375,MeanPlateletVolume_Min_acute
1.0,8.346668243408203,1321.7130126953125,8.346668243408203,1321.7130126953125,RedCellDistributionWidthCV_Min_acute
6.0,80.91520690917969,7275.49755859375,13.485867500305176,1212.5828857421875,Ro52_Avg_chronic
1.0,13.301219940185547,1213.1611328125,13.301219940185547,1213.1611328125,Ro52_Max_chronic
