weight,total_gain,total_cover,gain,cover,feature
2.0,20.196792602539062,1069.2828369140625,10.098396301269531,534.6414184570312,NeutrophilsPercentage_Max_acute
1.0,7.169713973999023,547.1290283203125,7.169713973999023,547.1290283203125,MeanCorpuscularHemoglobinConcentration_Avg_preclinical
1.0,8.167108535766602,707.043701171875,8.167108535766602,707.043701171875,MeanCorpuscularVolume_Max_acute
1.0,7.408341884613037,720.2611083984375,7.408341884613037,720.2611083984375,MeanCorpuscularVolume_Max_preclinical
2.0,15.973030090332031,1425.8115234375,7.986515045166016,712.90576171875,RedBloodCellCount_Max_preclinical
1.0,7.805614471435547,714.898681640625,7.805614471435547,714.898681640625,RedBloodCellCount_Avg_preclinical
1.0,9.883419036865234,444.9566955566406,9.883419036865234,444.9566955566406,BasophilsPercentage_Min_acute
3.0,24.012996673583984,1901.753662109375,8.004332542419434,633.9179077148438,AbsoluteLymphocyteCount_Max_acute
4.0,35.58381271362305,2831.80126953125,8.895953178405762,707.9503173828125,PlateletDistributionWidth_Min_preclinical
