weight,total_gain,total_cover,gain,cover,feature
9.0,76.30494689941406,14964.8916015625,8.478327751159668,1662.7657470703125,index
6.0,49.70284652709961,9065.0361328125,8.283807754516602,1510.83935546875,MeanCorpuscularHemoglobinConcentration_Avg_acute
1.0,8.557449340820312,1584.1248779296875,8.557449340820312,1584.1248779296875,MeanCorpuscularHemoglobinConcentration_Max_acute
1.0,10.062969207763672,1340.08251953125,10.062969207763672,1340.08251953125,WhiteBloodCellCount_Max_acute
3.0,18.496360778808594,2484.933837890625,6.1654534339904785,828.311279296875,BasophilsPercentage_Min_chronic
4.0,30.073326110839844,3102.92822265625,7.518331527709961,775.7320556640625,AbsoluteNeutrophilCount_Avg_acute
4.0,31.184093475341797,3294.591552734375,7.796023368835449,823.6478881835938,AbsoluteNeutrophilCount_Min_acute
6.0,45.72545623779297,4736.3232421875,7.620909214019775,789.38720703125,AbsoluteMonocyteCount_Avg_acute
1.0,7.29665994644165,474.0931701660156,7.29665994644165,474.0931701660156,AbsoluteMonocyteCount_Max_acute
1.0,9.654176712036133,1259.8521728515625,9.654176712036133,1259.8521728515625,AbsoluteEosinophilCount_Avg_acute
6.0,106.3067626953125,8864.994140625,17.71779441833496,1477.4990234375,MeanPlateletVolume_Max_acute
4.0,39.6047477722168,6721.2919921875,9.9011869430542,1680.322998046875,MeanPlateletVolume_Min_acute
3.0,43.112098693847656,3610.298828125,14.370699882507324,1203.4329833984375,Ro52_Avg_chronic
1.0,10.672386169433594,1242.134765625,10.672386169433594,1242.134765625,Ro52_Max_chronic
1.0,7.270597457885742,1386.4827880859375,7.270597457885742,1386.4827880859375,ThrombinTime_Avg_chronic
