weight,total_gain,total_cover,gain,cover,feature
2.0,2.7581787109375,40.558956146240234,1.37908935546875,20.279478073120117,Hematocrit_Avg
19.0,2882.892333984375,21794.66796875,151.73117065429688,1147.0877685546875,EosinophilsPercentage_Avg
2.0,149.6796875,3836.653076171875,74.83984375,1918.3265380859375,EosinophilsPercentage_Min
3.0,78.1885986328125,361.6416320800781,26.0628662109375,120.54721069335938,AbsoluteNeutrophilCount_Avg
10.0,215.02581787109375,5454.83740234375,21.502582550048828,545.4837646484375,AbsoluteNeutrophilCount_Max
2.0,29.86572265625,562.759521484375,14.932861328125,281.3797607421875,AbsoluteNeutrophilCount_Min
2.0,2.150390625,5867.8349609375,1.0751953125,2933.91748046875,RedCellDistributionWidth_Avg
1.0,0.9853515625,5371.9296875,0.9853515625,5371.9296875,RedCellDistributionWidth_Min
