weight,total_gain,total_cover,gain,cover,feature
2.0,13.827482223510742,1588.761474609375,6.913741111755371,794.3807373046875,NeutrophilsPercentage_Max_acute
1.0,7.7555718421936035,146.93319702148438,7.7555718421936035,146.93319702148438,MeanCorpuscularHemoglobinConcentration_Min_acute
1.0,8.268800735473633,551.183349609375,8.268800735473633,551.183349609375,MeanCorpuscularHemoglobinConcentration_Avg_preclinical
1.0,7.781144618988037,772.6557006835938,7.781144618988037,772.6557006835938,WhiteBloodCellCount_Max_acute
1.0,6.972808361053467,322.5167236328125,6.972808361053467,322.5167236328125,RedBloodCellCount_Min_preclinical
3.0,22.46617889404297,1656.36669921875,7.4887261390686035,552.1222534179688,AbsoluteMonocyteCount_Min_acute
2.0,14.289872169494629,1083.4168701171875,7.1449360847473145,541.7084350585938,RedCellDistributionWidth_Avg_acute
5.0,40.1716194152832,3925.07958984375,8.034323692321777,785.0159301757812,RedCellDistributionWidthCV_Min_preclinical
4.0,30.88005256652832,3125.78759765625,7.72001314163208,781.4468994140625,CReactiveProtein_Min_acute
