weight,total_gain,total_cover,gain,cover,feature
7.0,75.99040222167969,5445.056640625,10.855772018432617,777.865234375,MonocytesPercentage_Min_acute
1.0,9.690211296081543,753.7634887695312,9.690211296081543,753.7634887695312,WhiteBloodCellCount_Min_acute
2.0,20.425724029541016,1537.7652587890625,10.212862014770508,768.8826293945312,WhiteBloodCellCount_Avg_acute
2.0,19.75525665283203,1450.5716552734375,9.877628326416016,725.2858276367188,MeanCorpuscularHemoglobin_Max_preclinical
1.0,9.777748107910156,679.5059814453125,9.777748107910156,679.5059814453125,MeanCorpuscularHemoglobin_Avg_preclinical
1.0,9.569465637207031,683.6153564453125,9.569465637207031,683.6153564453125,Nucleosome_Avg_acute
