weight,total_gain,total_cover,gain,cover,feature
1.0,9.510987281799316,10.910494804382324,9.510987281799316,10.910494804382324,PlateletCount_Max_acute
1.0,9.52485466003418,12.35328483581543,9.52485466003418,12.35328483581543,MeanCorpuscularHemoglobin_Max_acute
