weight,total_gain,total_cover,gain,cover,feature
5.0,39.8604736328125,8712.22265625,7.972094535827637,1742.444580078125,index
1.0,14.38413143157959,884.8092651367188,14.38413143157959,884.8092651367188,Hematocrit_Min_chronic
3.0,25.88268280029297,4875.1904296875,8.62756061553955,1625.0634765625,MeanCorpuscularHemoglobinConcentration_Avg_acute
1.0,8.50609016418457,1369.4571533203125,8.50609016418457,1369.4571533203125,WhiteBloodCellCount_Max_acute
1.0,21.379056930541992,1559.2921142578125,21.379056930541992,1559.2921142578125,BasophilsPercentage_Min_chronic
2.0,14.25707721710205,3423.3779296875,7.128538608551025,1711.68896484375,AbsoluteNeutrophilCount_Avg_acute
1.0,6.889580726623535,279.1603088378906,6.889580726623535,279.1603088378906,AbsoluteNeutrophilCount_Max_acute
2.0,13.964348793029785,2042.8690185546875,6.982174396514893,1021.4345092773438,AbsoluteNeutrophilCount_Min_acute
1.0,7.966030597686768,1645.684814453125,7.966030597686768,1645.684814453125,AbsoluteMonocyteCount_Avg_acute
1.0,12.89098072052002,1648.617431640625,12.89098072052002,1648.617431640625,MeanPlateletVolume_Avg_acute
2.0,38.84526443481445,3214.28662109375,19.422632217407227,1607.143310546875,MeanPlateletVolume_Max_acute
1.0,10.876996994018555,1672.4239501953125,10.876996994018555,1672.4239501953125,MeanPlateletVolume_Min_acute
1.0,14.254619598388672,1215.1202392578125,14.254619598388672,1215.1202392578125,Ro52_Avg_chronic
1.0,10.246076583862305,1253.6630859375,10.246076583862305,1253.6630859375,ThrombinTime_Avg_chronic
1.0,7.615989685058594,1414.4638671875,7.615989685058594,1414.4638671875,ThrombinTime_Max_chronic
