weight,total_gain,total_cover,gain,cover,feature
16.0,141.34664916992188,26784.32421875,8.834165573120117,1674.020263671875,index
13.0,110.84201049804688,20305.66015625,8.526308059692383,1561.973876953125,MeanCorpuscularHemoglobinConcentration_Avg_acute
2.0,13.106908798217773,750.2764892578125,6.553454399108887,375.13824462890625,BasophilsPercentage_Min_chronic
4.0,35.238243103027344,3046.58056640625,8.809560775756836,761.6451416015625,AbsoluteNeutrophilCount_Avg_acute
2.0,14.24111557006836,1393.2401123046875,7.12055778503418,696.6200561523438,AbsoluteNeutrophilCount_Max_acute
11.0,95.97106170654297,12253.6826171875,8.724641799926758,1113.97119140625,AbsoluteNeutrophilCount_Min_acute
7.0,57.589412689208984,3307.614501953125,8.227059364318848,472.516357421875,AbsoluteMonocyteCount_Avg_acute
3.0,21.664518356323242,2083.6396484375,7.221506118774414,694.5465698242188,AbsoluteMonocyteCount_Max_acute
2.0,16.272634506225586,2727.64208984375,8.136317253112793,1363.821044921875,AbsoluteEosinophilCount_Avg_acute
9.0,174.25523376464844,14314.5947265625,19.361692428588867,1590.510498046875,MeanPlateletVolume_Max_acute
8.0,88.49411010742188,13329.337890625,11.061763763427734,1666.167236328125,MeanPlateletVolume_Min_acute
1.0,6.075655460357666,369.7705383300781,6.075655460357666,369.7705383300781,MeanPlateletVolume_Max_chronic
1.0,8.909276962280273,1108.843994140625,8.909276962280273,1108.843994140625,PlateletDistributionWidth_Max_acute
1.0,7.762359619140625,1338.9002685546875,7.762359619140625,1338.9002685546875,RedCellDistributionWidthCV_Min_acute
8.0,99.99421691894531,9792.412109375,12.499277114868164,1224.051513671875,Ro52_Avg_chronic
1.0,13.301219940185547,1213.1611328125,13.301219940185547,1213.1611328125,Ro52_Max_chronic
2.0,13.579766273498535,2795.44140625,6.789883136749268,1397.720703125,ThrombinTime_Max_chronic
