weight,total_gain,total_cover,gain,cover,feature
1.0,9.352211952209473,754.824462890625,9.352211952209473,754.824462890625,MeanCorpuscularVolume_Max_acute
1.0,9.602989196777344,760.1616821289062,9.602989196777344,760.1616821289062,MeanCorpuscularVolume_Max_preclinical
1.0,9.403616905212402,752.0358276367188,9.403616905212402,752.0358276367188,MeanCorpuscularVolume_Min_preclinical
1.0,9.695626258850098,757.5103149414062,9.695626258850098,757.5103149414062,MeanCorpuscularVolume_Avg_preclinical
2.0,18.97042465209961,1116.390625,9.485212326049805,558.1953125,AbsoluteNeutrophilCount_Max_acute
