weight,total_gain,total_cover,gain,cover,feature
5.0,20.847867965698242,129.52845764160156,4.169573783874512,25.905691146850586,index
18.0,67.41864013671875,1025.0538330078125,3.7454800605773926,56.94743347167969,NeutrophilsPercentage_Max_acute
1.0,3.7719390392303467,23.159473419189453,3.7719390392303467,23.159473419189453,PlateletCount_Avg_acute
17.0,63.68442916870117,1051.8485107421875,3.746142864227295,61.873443603515625,MeanCorpuscularVolume_Max_preclinical
1.0,3.7401161193847656,65.78992462158203,3.7401161193847656,65.78992462158203,MeanCorpuscularVolume_Avg_preclinical
