weight,total_gain,total_cover,gain,cover,feature
1.0,10.838306427001953,693.766845703125,10.838306427001953,693.766845703125,LymphocytesPercentage_Min_preclinical
1.0,7.455419540405273,839.0771484375,7.455419540405273,839.0771484375,MeanCorpuscularHemoglobinConcentration_Max_preclinical
4.0,33.45779037475586,3757.0703125,8.364447593688965,939.267578125,WhiteBloodCellCount_Min_acute
1.0,7.780712604522705,831.6985473632812,7.780712604522705,831.6985473632812,Plateletcrit_Max_preclinical
