weight,total_gain,total_cover,gain,cover,feature
9.0,42.66755676269531,1214.615234375,4.74083948135376,134.95724487304688,index
1.0,4.5222554206848145,42.94623947143555,4.5222554206848145,42.94623947143555,MeanCorpuscularVolume_Min_acute
1.0,4.525671005249023,52.33623504638672,4.525671005249023,52.33623504638672,EosinophilsPercentage_Min_chronic
8.0,36.506229400634766,489.345458984375,4.563278675079346,61.168182373046875,BasophilsPercentage_Min_chronic
1.0,4.620054721832275,16.86703872680664,4.620054721832275,16.86703872680664,AbsoluteNeutrophilCount_Avg_acute
1.0,5.019279479980469,79.63513946533203,5.019279479980469,79.63513946533203,AbsoluteNeutrophilCount_Max_acute
10.0,55.56137466430664,498.2731628417969,5.556137561798096,49.82731628417969,MeanPlateletVolume_Max_acute
7.0,32.36054992675781,809.4898681640625,4.622935771942139,115.64141082763672,MeanPlateletVolume_Min_acute
1.0,5.592609405517578,20.754446029663086,5.592609405517578,20.754446029663086,MeanPlateletVolume_Min_chronic
