weight,total_gain,total_cover,gain,cover,feature
1.0,2.3172607421875,591.6390380859375,2.3172607421875,591.6390380859375,index
1.0,1.4295578002929688,29.415956497192383,1.4295578002929688,29.415956497192383,Hematocrit_Avg_chronic
1.0,0.786529541015625,30.419986724853516,0.786529541015625,30.419986724853516,MeanCorpuscularHemoglobinConcentration_Avg_chronic
1.0,1.6492958068847656,25.793197631835938,1.6492958068847656,25.793197631835938,WhiteBloodCellCount_Max_acute
1.0,0.8621826171875,409.0240173339844,0.8621826171875,409.0240173339844,MeanCorpuscularVolume_Max_acute
2.0,5.4384765625,597.1904907226562,2.71923828125,298.5952453613281,RedBloodCellCount_Avg_acute
3.0,9.899169921875,1638.565185546875,3.2997233867645264,546.1884155273438,RedBloodCellCount_Min_acute
2.0,18.68896484375,125.74819946289062,9.344482421875,62.87409973144531,EosinophilsPercentage_Avg_chronic
2.0,9.6397705078125,259.04052734375,4.81988525390625,129.520263671875,EosinophilsPercentage_Max_chronic
4.0,69.8330078125,293.8597412109375,17.458251953125,73.46493530273438,EosinophilsPercentage_Min_chronic
1.0,10.194076538085938,33.65964889526367,10.194076538085938,33.65964889526367,AbsoluteNeutrophilCount_Max_chronic
3.0,10.3580322265625,1551.349365234375,3.4526774883270264,517.116455078125,AbsoluteMonocyteCount_Avg_acute
1.0,1.14599609375,506.4229431152344,1.14599609375,506.4229431152344,AbsoluteMonocyteCount_Max_acute
5.0,38.9703369140625,2426.20263671875,7.7940673828125,485.24053955078125,AbsoluteEosinophilCount_Avg_chronic
1.0,4.4390869140625,165.6591033935547,4.4390869140625,165.6591033935547,AbsoluteEosinophilCount_Max_chronic
4.0,33.6334228515625,2031.918701171875,8.408355712890625,507.97967529296875,AbsoluteEosinophilCount_Min_chronic
1.0,2.8100128173828125,20.155916213989258,2.8100128173828125,20.155916213989258,AbsoluteBasophilCount_Min_acute
1.0,13.38507080078125,35.176353454589844,13.38507080078125,35.176353454589844,PlateletDistributionWidth_Max_acute
1.0,4.078369140625,221.57321166992188,4.078369140625,221.57321166992188,PlateletDistributionWidth_Min_acute
1.0,3.923583984375,30.394268035888672,3.923583984375,30.394268035888672,EosinophilCountAbsolute_Avg_acute
2.0,3.65185546875,935.3544921875,1.825927734375,467.67724609375,ThrombinTime_Max_chronic
1.0,2.6661376953125,726.5359497070312,2.6661376953125,726.5359497070312,ProthrombinTimeINR_Avg_chronic
1.0,2.0296630859375,866.6888427734375,2.0296630859375,866.6888427734375,ProthrombinTimeINR_Min_chronic
