weight,total_gain,total_cover,gain,cover,feature
1.0,9.246123313903809,765.3283081054688,9.246123313903809,765.3283081054688,NeutrophilsPercentage_Max_acute
1.0,8.818007469177246,626.4375,8.818007469177246,626.4375,NeutrophilsPercentage_Avg_acute
1.0,8.625442504882812,772.8358764648438,8.625442504882812,772.8358764648438,WhiteBloodCellCount_Avg_acute
2.0,18.696334838867188,1538.296875,9.348167419433594,769.1484375,MeanCorpuscularHemoglobin_Max_preclinical
1.0,8.984025001525879,757.21435546875,8.984025001525879,757.21435546875,EosinophilsPercentage_Max_acute
5.0,49.852882385253906,3866.28515625,9.970576286315918,773.2570190429688,EosinophilsPercentage_Min_acute
1.0,10.770431518554688,626.07177734375,10.770431518554688,626.07177734375,EosinophilsPercentage_Avg_acute
1.0,9.276761054992676,415.07562255859375,9.276761054992676,415.07562255859375,AbsoluteNeutrophilCount_Min_preclinical
