weight,total_gain,total_cover,gain,cover,feature
1.0,1.2052688598632812,28.298704147338867,1.2052688598632812,28.298704147338867,Hematocrit_Avg_chronic
1.0,2.2156524658203125,17.98077392578125,2.2156524658203125,17.98077392578125,MeanCorpuscularHemoglobinConcentration_Max_acute
3.0,8.0731201171875,791.699462890625,2.6910400390625,263.8998107910156,RedBloodCellCount_Avg_acute
2.0,6.209228515625,946.74658203125,3.1046142578125,473.373291015625,RedBloodCellCount_Min_acute
1.0,1.685546875,432.0848083496094,1.685546875,432.0848083496094,EosinophilsPercentage_Avg_chronic
2.0,13.06103515625,185.1102752685547,6.530517578125,92.55513763427734,EosinophilsPercentage_Min_chronic
1.0,8.60260009765625,27.09455108642578,8.60260009765625,27.09455108642578,AbsoluteNeutrophilCount_Min_chronic
2.0,5.130615234375,684.264404296875,2.5653076171875,342.1322021484375,AbsoluteMonocyteCount_Avg_acute
1.0,1.36474609375,157.23289489746094,1.36474609375,157.23289489746094,AbsoluteMonocyteCount_Max_acute
2.0,9.3631591796875,1137.3466796875,4.68157958984375,568.67333984375,AbsoluteEosinophilCount_Avg_chronic
3.0,28.7091064453125,760.3135986328125,9.5697021484375,253.4378662109375,AbsoluteEosinophilCount_Min_chronic
2.0,4.1502685546875,1137.7646484375,2.07513427734375,568.88232421875,MeanPlateletVolume_Avg_acute
1.0,1.2786865234375,186.51890563964844,1.2786865234375,186.51890563964844,PlateletDistributionWidth_Min_acute
1.0,2.869873046875,897.10888671875,2.869873046875,897.10888671875,RedCellDistributionWidthCV_Avg_chronic
1.0,4.6007080078125,536.5680541992188,4.6007080078125,536.5680541992188,RedCellDistributionWidthCV_Max_chronic
1.0,2.65380859375,452.52716064453125,2.65380859375,452.52716064453125,RedCellDistributionWidthCV_Min_chronic
1.0,1.468994140625,220.92221069335938,1.468994140625,220.92221069335938,EosinophilCountAbsolute_Max_chronic
1.0,2.05224609375,727.0404052734375,2.05224609375,727.0404052734375,ProthrombinTimeINR_Avg_chronic
