weight,total_gain,total_cover,gain,cover,feature
19.0,62.82572937011719,3426.8515625,3.306617259979248,180.36061096191406,index
1.0,2.2063324451446533,49.90717697143555,2.2063324451446533,49.90717697143555,LymphocytesPercentage_Min_acute
8.0,22.28593635559082,1066.7545166015625,2.7857420444488525,133.3443145751953,MeanCorpuscularHemoglobinConcentration_Avg_acute
5.0,14.389312744140625,564.6773681640625,2.8778624534606934,112.93547058105469,MeanCorpuscularHemoglobinConcentration_Max_acute
4.0,8.852204322814941,235.89369201660156,2.2130510807037354,58.97342300415039,MeanCorpuscularHemoglobin_Min_chronic
2.0,4.3977179527282715,109.72669982910156,2.1988589763641357,54.86334991455078,EosinophilsPercentage_Min_chronic
13.0,35.790504455566406,1091.2598876953125,2.753115653991699,83.94306945800781,BasophilsPercentage_Min_chronic
7.0,18.908109664916992,811.6492309570312,2.7011585235595703,115.94989013671875,AbsoluteNeutrophilCount_Max_acute
7.0,17.79932403564453,1198.0965576171875,2.5427606105804443,171.15664672851562,AbsoluteNeutrophilCount_Min_acute
1.0,2.3873562812805176,51.57054138183594,2.3873562812805176,51.57054138183594,MeanPlateletVolume_Avg_acute
12.0,37.515869140625,720.443359375,3.1263225078582764,60.03694534301758,MeanPlateletVolume_Max_acute
13.0,39.575592041015625,1484.5115966796875,3.044276237487793,114.19319915771484,MeanPlateletVolume_Min_acute
3.0,6.983331680297852,102.04856872558594,2.327777147293091,34.01618957519531,MeanPlateletVolume_Min_chronic
4.0,8.854050636291504,224.36614990234375,2.213512659072876,56.09153747558594,Plateletcrit_Max_acute
1.0,2.2299399375915527,32.341495513916016,2.2299399375915527,32.341495513916016,UrinepH_Avg_acute
