weight,total_gain,total_cover,gain,cover,feature
13.0,95.10748291015625,213.14707946777344,7.31596040725708,16.39592933654785,PlateletCount_Max_acute
28.0,160.38525390625,3005.040771484375,5.7280449867248535,107.32288360595703,PlateletCount_Min_acute
2.0,1.918212890625,381.0389709472656,0.9591064453125,190.5194854736328,PlateletCount_Avg_acute
1.0,1.954345703125,64.38369750976562,1.954345703125,64.38369750976562,WhiteBloodCellCount_Avg_acute
2.0,2.27911376953125,366.12005615234375,1.139556884765625,183.06002807617188,BasophilsPercentage_Min_preclinical
1.0,4.409149169921875,12.09062671661377,4.409149169921875,12.09062671661377,MeanPlateletVolume_Max_preclinical
