weight,total_gain,total_cover,gain,cover,feature
2.0,18.74279022216797,33.6867790222168,9.371395111083984,16.8433895111084,MeanCorpuscularHemoglobinConcentration_Max_acute
4.0,91.43011474609375,135.29689025878906,22.857528686523438,33.824222564697266,EosinophilsPercentage_Avg_chronic
6.0,168.52032470703125,387.0386047363281,28.086721420288086,64.50643157958984,EosinophilsPercentage_Min_chronic
2.0,11.009033203125,526.228271484375,5.5045166015625,263.1141357421875,AbsoluteMonocyteCount_Avg_acute
4.0,49.2816162109375,1584.9644775390625,12.320404052734375,396.2411193847656,AbsoluteEosinophilCount_Avg_chronic
1.0,12.067138671875,111.83300018310547,12.067138671875,111.83300018310547,AbsoluteEosinophilCount_Max_chronic
7.0,105.1539306640625,2171.417236328125,15.021989822387695,310.20245361328125,AbsoluteEosinophilCount_Min_chronic
1.0,4.9178466796875,814.1038208007812,4.9178466796875,814.1038208007812,CReactiveProtein_Min_acute
