{
    "roc_auc": [
        {
            "binary_threshold": 42,
            "fpr": [
                0.0,
                0.0,
                0.0,
                0.06666666666666667,
                0.06666666666666667,
                0.13333333333333333,
                0.13333333333333333,
                0.2,
                0.2,
                0.26666666666666666,
                0.26666666666666666,
                0.4,
                0.4,
                0.4666666666666667,
                0.4666666666666667,
                0.6,
                0.6,
                0.6666666666666666,
                0.6666666666666666,
                0.7333333333333333,
                0.7333333333333333,
                0.8,
                0.8,
                1.0
            ],
            "tpr": [
                0.0,
                0.02631578947368421,
                0.15789473684210525,
                0.15789473684210525,
                0.18421052631578946,
                0.18421052631578946,
                0.2894736842105263,
                0.2894736842105263,
                0.3684210526315789,
                0.3684210526315789,
                0.5263157894736842,
                0.5263157894736842,
                0.6052631578947368,
                0.6052631578947368,
                0.6578947368421053,
                0.6578947368421053,
                0.868421052631579,
                0.868421052631579,
                0.9473684210526315,
                0.9473684210526315,
                0.9736842105263158,
                0.9736842105263158,
                1.0,
                1.0
            ],
            "thresholds": [
                Infinity,
                957.1730346679688,
                597.9334106445312,
                590.060302734375,
                578.9407348632812,
                544.6381225585938,
                426.56011962890625,
                392.4337463378906,
                347.1856994628906,
                343.1965026855469,
                285.126953125,
                275.23284912109375,
                257.66998291015625,
                256.18560791015625,
                231.5436553955078,
                203.40679931640625,
                107.0903091430664,
                100.33842468261719,
                69.9476547241211,
                60.766666412353516,
                54.3177375793457,
                52.715606689453125,
                30.315982818603516,
                22.973569869995117
            ],
            "roc_auc": 0.6508771929824562
        }
    ],
    "prerec_auc": [
        {
            "binary_threshold": 42,
            "precision": [
                0.7169811320754716,
                0.7307692307692307,
                0.7450980392156863,
                0.76,
                0.7551020408163265,
                0.7708333333333334,
                0.7659574468085106,
                0.782608695652174,
                0.7777777777777778,
                0.7727272727272727,
                0.7674418604651163,
                0.7857142857142857,
                0.7804878048780488,
                0.775,
                0.7692307692307693,
                0.7631578947368421,
                0.7567567567567568,
                0.75,
                0.7428571428571429,
                0.7352941176470589,
                0.7575757575757576,
                0.78125,
                0.7741935483870968,
                0.7666666666666667,
                0.7931034482758621,
                0.7857142857142857,
                0.7777777777777778,
                0.7692307692307693,
                0.8,
                0.8333333333333334,
                0.8260869565217391,
                0.8181818181818182,
                0.8095238095238095,
                0.8,
                0.7894736842105263,
                0.7777777777777778,
                0.8235294117647058,
                0.8125,
                0.8,
                0.7857142857142857,
                0.8461538461538461,
                0.8333333333333334,
                0.8181818181818182,
                0.8,
                0.7777777777777778,
                0.875,
                0.8571428571428571,
                1.0,
                1.0,
                1.0,
                1.0,
                1.0,
                1.0,
                1.0
            ],
            "recall": [
                1.0,
                1.0,
                1.0,
                1.0,
                0.9736842105263158,
                0.9736842105263158,
                0.9473684210526315,
                0.9473684210526315,
                0.9210526315789473,
                0.8947368421052632,
                0.868421052631579,
                0.868421052631579,
                0.8421052631578947,
                0.8157894736842105,
                0.7894736842105263,
                0.7631578947368421,
                0.7368421052631579,
                0.7105263157894737,
                0.6842105263157895,
                0.6578947368421053,
                0.6578947368421053,
                0.6578947368421053,
                0.631578947368421,
                0.6052631578947368,
                0.6052631578947368,
                0.5789473684210527,
                0.5526315789473685,
                0.5263157894736842,
                0.5263157894736842,
                0.5263157894736842,
                0.5,
                0.47368421052631576,
                0.4473684210526316,
                0.42105263157894735,
                0.39473684210526316,
                0.3684210526315789,
                0.3684210526315789,
                0.34210526315789475,
                0.3157894736842105,
                0.2894736842105263,
                0.2894736842105263,
                0.2631578947368421,
                0.23684210526315788,
                0.21052631578947367,
                0.18421052631578946,
                0.18421052631578946,
                0.15789473684210525,
                0.15789473684210525,
                0.13157894736842105,
                0.10526315789473684,
                0.07894736842105263,
                0.05263157894736842,
                0.02631578947368421,
                0.0
            ],