weight,total_gain,total_cover,gain,cover,feature
5.0,147.66943359375,11523.5478515625,29.533885955810547,2304.70947265625,EosinophilsPercentage_Min
1.0,11.2978515625,314.1451721191406,11.2978515625,314.1451721191406,AbsoluteEosinophilCount_Min
2.0,69.015625,139.81338500976562,34.5078125,69.90669250488281,EosinophilsPercentage_Max
12.0,821.4267578125,18275.236328125,68.45223236083984,1522.9364013671875,EosinophilsPercentage_Avg
2.0,6.72705078125,329.06365966796875,3.363525390625,164.53182983398438,WhiteBloodCellCount_Avg
7.0,202.6650390625,2574.4853515625,28.9521484375,367.78363037109375,AbsoluteNeutrophilCount_Max
1.0,33.6025390625,329.4487609863281,33.6025390625,329.4487609863281,AbsoluteNeutrophilCount_Min
6.0,149.41845703125,5686.52197265625,24.903076171875,947.753662109375,AbsoluteNeutrophilCount_Avg
