weight,total_gain,total_cover,gain,cover,feature
8.0,79.38108825683594,5304.5693359375,9.922636032104492,663.0711669921875,MeanCorpuscularHemoglobin_Max_preclinical
1.0,8.008220672607422,430.9540100097656,8.008220672607422,430.9540100097656,BasophilsPercentage_Min_acute
8.0,69.50890350341797,4386.1650390625,8.688612937927246,548.2706298828125,AbsoluteNeutrophilCount_Max_acute
4.0,36.82881164550781,2707.91796875,9.207202911376953,676.9794921875,AbsoluteLymphocyteCount_Max_acute
4.0,47.61284637451172,2361.129638671875,11.90321159362793,590.2824096679688,RedCellDistributionWidth_Min_preclinical
