weight,total_gain,total_cover,gain,cover,feature
2.0,7.5740966796875,1136.295166015625,3.78704833984375,568.1475830078125,AbsoluteEosinophilCount_Avg_chronic
2.0,14.6239013671875,592.8222045898438,7.31195068359375,296.4111022949219,AbsoluteEosinophilCount_Min_chronic
1.0,2.869873046875,897.10888671875,2.869873046875,897.10888671875,RedCellDistributionWidthCV_Avg_chronic
1.0,4.072021484375,535.85205078125,4.072021484375,535.85205078125,RedCellDistributionWidthCV_Max_chronic
1.0,2.213623046875,451.7220764160156,2.213623046875,451.7220764160156,RedCellDistributionWidthCV_Min_chronic
