weight,total_gain,total_cover,gain,cover,feature
1.0,0.332305908203125,12.013835906982422,0.332305908203125,12.013835906982422,Hematocrit_Min
21.0,3582.3046875,21819.03125,170.5859375,1039.00146484375,EosinophilsPercentage_Avg
3.0,406.10107421875,3852.51513671875,135.3670196533203,1284.1717529296875,EosinophilsPercentage_Min
3.0,68.68408203125,361.266357421875,22.89469337463379,120.422119140625,AbsoluteNeutrophilCount_Avg
12.0,304.5118408203125,5495.0107421875,25.375986099243164,457.9175720214844,AbsoluteNeutrophilCount_Max
1.0,7.906982421875,479.99310302734375,7.906982421875,479.99310302734375,AbsoluteNeutrophilCount_Min
1.0,3.37493896484375,14.696467399597168,3.37493896484375,14.696467399597168,AbsoluteBasophilCount_Max
1.0,1.232421875,2006.6318359375,1.232421875,2006.6318359375,RedCellDistributionWidth_Avg
2.0,2.8408203125,9233.125,1.42041015625,4616.5625,RedCellDistributionWidth_Min
1.0,10.7220458984375,82.77193450927734,10.7220458984375,82.77193450927734,UrineSpecificGravity_Min
