{
    "roc_auc": [
        {
            "binary_threshold": 42,
            "fpr": [
                0.0,
                0.045454545454545456,
                0.045454545454545456,
                0.09090909090909091,
                0.09090909090909091,
                0.13636363636363635,
                0.13636363636363635,
                0.22727272727272727,
                0.22727272727272727,
                0.45454545454545453,
                0.45454545454545453,
                0.5,
                0.5,
                0.5909090909090909,
                0.5909090909090909,
                0.6363636363636364,
                0.6363636363636364,
                0.7272727272727273,
                0.7272727272727273,
                0.7727272727272727,
                0.7727272727272727,
                0.8636363636363636,
                0.8636363636363636,
                1.0
            ],
            "tpr": [
                0.0,
                0.0,
                0.15384615384615385,
                0.15384615384615385,
                0.2692307692307692,
                0.2692307692307692,
                0.5769230769230769,
                0.5769230769230769,
                0.6538461538461539,
                0.6538461538461539,
                0.6923076923076923,
                0.6923076923076923,
                0.7307692307692307,
                0.7307692307692307,
                0.7692307692307693,
                0.7692307692307693,
                0.8461538461538461,
                0.8461538461538461,
                0.8846153846153846,
                0.8846153846153846,
                0.9230769230769231,
                0.9230769230769231,
                1.0,
                1.0
            ],
            "thresholds": [
                Infinity,
                48092.74609375,
                47911.78125,
                47907.91796875,
                47836.3203125,
                47827.28125,
                47656.75,
                47602.62109375,
                47581.66015625,
                47517.48828125,
                47506.60546875,
                47500.375,
                47498.67578125,
                47480.6171875,
                47463.46875,
                47461.84375,
                47449.30078125,
                47445.4296875,
                47443.34765625,
                47428.41015625,
                47423.75,
                47422.0078125,
                47384.7578125,
                47357.61328125
            ],
            "roc_auc": 0.6905594405594405
        }
    ],
    "prerec_auc": [
        {
            "binary_threshold": 42,
            "precision": [
                0.5416666666666666,
                0.5531914893617021,
                0.5652173913043478,
                0.5777777777777777,
                0.5681818181818182,
                0.5581395348837209,
                0.5714285714285714,
                0.5853658536585366,
                0.575,
                0.5897435897435898,
                0.5789473684210527,
                0.5945945945945946,
                0.6111111111111112,
                0.6,
                0.5882352941176471,
                0.6060606060606061,
                0.59375,
                0.6129032258064516,
                0.6333333333333333,
                0.6206896551724138,
                0.6428571428571429,
                0.6296296296296297,
                0.6538461538461539,
                0.68,
                0.7083333333333334,
                0.7391304347826086,
                0.7727272727272727,
                0.7619047619047619,
                0.75,
                0.7894736842105263,
                0.8333333333333334,
                0.8235294117647058,
                0.8125,
                0.8,
                0.7857142857142857,
                0.7692307692307693,
                0.75,
                0.7272727272727273,
                0.7,
                0.7777777777777778,
                0.75,
                0.7142857142857143,
                0.6666666666666666,
                0.8,
                0.75,
                0.6666666666666666,
                0.5,
                0.0,
                1.0
            ],
            "recall": [
                1.0,
                1.0,
                1.0,
                1.0,
                0.9615384615384616,
                0.9230769230769231,
                0.9230769230769231,
                0.9230769230769231,
                0.8846153846153846,
                0.8846153846153846,
                0.8461538461538461,
                0.8461538461538461,
                0.8461538461538461,
                0.8076923076923077,
                0.7692307692307693,
                0.7692307692307693,
                0.7307692307692307,
                0.7307692307692307,
                0.7307692307692307,
                0.6923076923076923,
                0.6923076923076923,
                0.6538461538461539,
                0.6538461538461539,
                0.6538461538461539,
                0.6538461538461539,
                0.6538461538461539,
                0.6538461538461539,
                0.6153846153846154,
                0.5769230769230769,
                0.5769230769230769,
                0.5769230769230769,
                0.5384615384615384,
                0.5,
                0.46153846153846156,
                0.4230769230769231,
                0.38461538461538464,
                0.34615384615384615,
                0.3076923076923077,
                0.2692307692307692,
                0.2692307692307692,
                0.23076923076923078,
                0.19230769230769232,
                0.15384615384615385,
                0.15384615384615385,
                0.11538461538461539,
                0.07692307692307693,
                0.038461538461538464,
                0.0,
                0.0
            ],
            "thresholds": [
                47357.61328125,
                47363.51171875,
                47367.3515625,
                47384.7578125,
                47398.78125,
                47422.0078125,
                47422.796875,
                47423.75,
                47428.41015625,
                47443.34765625,
                47445.4296875,
                47448.19140625,
                47449.30078125,
                47455.36328125,
                47461.84375,
                47463.46875,
                47480.6171875,
                47493.9375,
                47498.67578125,
                47500.375,
                47506.60546875,
                47517.48828125,
                47539.84765625,
                47542.2265625,
                47575.94140625,
                47576.875,
                47581.66015625,
                47598.171875,
                47602.62109375,
                47635.49609375,
                47656.75,
                47696.44140625,
                47700.8125,
                47706.203125,
                47749.78515625,
                47752.0,
                47783.58203125,
                47816.625,
                47827.28125,
                47836.3203125,
                47849.14453125,
                47881.890625,
                47907.91796875,
                47911.78125,
                47948.640625,
                47984.26953125,
                47999.796875,
                48092.74609375
            ],
            "prerec_auc": 0.6778791972560483
        }
    ]
}