weight,total_gain,total_cover,gain,cover,feature
17.0,149.60455322265625,20234.19921875,8.800268173217773,1190.2470703125,index
13.0,110.64485931396484,14367.3125,8.51114273071289,1105.1778564453125,MeanCorpuscularHemoglobinConcentration_Avg_acute
4.0,40.60313415527344,4380.923828125,10.15078353881836,1095.23095703125,MeanCorpuscularHemoglobinConcentration_Max_acute
1.0,18.633811950683594,925.0718994140625,18.633811950683594,925.0718994140625,WhiteBloodCellCount_Max_acute
3.0,20.304168701171875,805.3040161132812,6.768056392669678,268.4346618652344,BasophilsPercentage_Min_chronic
6.0,49.37763977050781,2613.1669921875,8.229606628417969,435.52783203125,AbsoluteNeutrophilCount_Avg_acute
5.0,34.97022247314453,4933.44140625,6.994044303894043,986.6882934570312,AbsoluteNeutrophilCount_Max_acute
5.0,52.74565887451172,4767.1630859375,10.549131393432617,953.4326171875,AbsoluteNeutrophilCount_Min_acute
10.0,83.95380401611328,4792.95556640625,8.395380020141602,479.2955627441406,AbsoluteMonocyteCount_Avg_acute
2.0,16.23088836669922,1196.1292724609375,8.11544418334961,598.0646362304688,AbsoluteMonocyteCount_Max_acute
1.0,6.8042802810668945,342.8393859863281,6.8042802810668945,342.8393859863281,AbsoluteMonocyteCount_Min_acute
2.0,19.166269302368164,1872.291259765625,9.583134651184082,936.1456298828125,AbsoluteEosinophilCount_Avg_acute
3.0,25.206769943237305,2681.477783203125,8.402256965637207,893.825927734375,AbsoluteEosinophilCount_Min_chronic
12.0,245.63523864746094,13939.81640625,20.469602584838867,1161.6513671875,MeanPlateletVolume_Max_acute
7.0,75.76998901367188,8515.7158203125,10.824284553527832,1216.5308837890625,MeanPlateletVolume_Min_acute
3.0,19.88904571533203,786.5513305664062,6.6296820640563965,262.18377685546875,MeanPlateletVolume_Max_chronic
1.0,7.151707649230957,341.9849548339844,7.151707649230957,341.9849548339844,RedCellDistributionWidthCV_Min_chronic
8.0,111.12665557861328,7187.08203125,13.89083194732666,898.38525390625,Ro52_Avg_chronic
2.0,32.79388427734375,1756.9967041015625,16.396942138671875,878.4983520507812,Ro52_Max_chronic
