weight,total_gain,total_cover,gain,cover,feature
12.0,104.77884674072266,20173.916015625,8.73157024383545,1681.15966796875,index
3.0,33.024600982666016,4727.8017578125,11.008200645446777,1575.9339599609375,MeanCorpuscularHemoglobinConcentration_Avg_acute
2.0,11.962380409240723,3388.3974609375,5.981190204620361,1694.19873046875,MeanCorpuscularHemoglobinConcentration_Max_acute
4.0,30.06661033630371,4163.96044921875,7.516652584075928,1040.9901123046875,BasophilsPercentage_Min_chronic
2.0,11.049126625061035,521.2330322265625,5.524563312530518,260.61651611328125,AbsoluteNeutrophilCount_Avg_acute
3.0,24.082481384277344,4961.318359375,8.027493476867676,1653.7728271484375,AbsoluteNeutrophilCount_Max_acute
5.0,34.55360794067383,7172.43310546875,6.910721778869629,1434.486572265625,AbsoluteNeutrophilCount_Min_acute
1.0,9.269237518310547,1604.4739990234375,9.269237518310547,1604.4739990234375,AbsoluteMonocyteCount_Avg_acute
1.0,10.912015914916992,1241.9461669921875,10.912015914916992,1241.9461669921875,AbsoluteEosinophilCount_Min_chronic
7.0,120.11616516113281,9818.9326171875,17.159452438354492,1402.7047119140625,MeanPlateletVolume_Max_acute
4.0,39.460304260253906,6773.6064453125,9.865076065063477,1693.401611328125,MeanPlateletVolume_Min_acute
1.0,5.586490154266357,363.6917724609375,5.586490154266357,363.6917724609375,MeanPlateletVolume_Max_chronic
2.0,11.234817504882812,2926.9677734375,5.617408752441406,1463.48388671875,EosinophilCountAbsolute_Min_acute
4.0,51.541290283203125,4911.62890625,12.885322570800781,1227.9072265625,Ro52_Avg_chronic
1.0,5.897748947143555,1455.489990234375,5.897748947143555,1455.489990234375,ThrombinTime_Max_chronic
