weight,total_gain,total_cover,gain,cover,feature
1.0,3.2826194763183594,9.852888107299805,3.2826194763183594,9.852888107299805,LymphocytesPercentage_Min_acute
7.0,23.86333656311035,111.63135528564453,3.409048080444336,15.947336196899414,MeanCorpuscularHemoglobin_Max_acute
4.0,13.986217498779297,80.15870666503906,3.496554374694824,20.039676666259766,MeanCorpuscularHemoglobin_Min_acute
1.0,3.5382862091064453,21.066852569580078,3.5382862091064453,21.066852569580078,MeanCorpuscularHemoglobin_Avg_acute
1.0,3.2840094566345215,9.067659378051758,3.2840094566345215,9.067659378051758,AbsoluteMonocyteCount_Max_preclinical
