weight,total_gain,total_cover,gain,cover,feature
1.0,34.48876953125,56494.69140625,34.48876953125,56494.69140625,WhiteBloodCellCount_Avg
16.0,588.6235961914062,908645.0,36.78897476196289,56790.3125,WhiteBloodCellCount_Max
53.0,10525.279296875,4501126.0,198.59017944335938,84926.90625,EosinophilsPercentage_Avg
2.0,347.759033203125,166315.71875,173.8795166015625,83157.859375,EosinophilsPercentage_Max
36.0,1355.7138671875,2118984.5,37.65871810913086,58860.6796875,BasophilsPercentage_Avg
2.0,73.480712890625,120261.65625,36.7403564453125,60130.828125,BasophilsPercentage_Min
42.0,2617.84765625,1122097.625,62.32970428466797,26716.609375,AbsoluteNeutrophilCount_Max
1.0,68.6732177734375,29603.400390625,68.6732177734375,29603.400390625,CReactiveProtein_Avg
12.0,717.6539306640625,311355.15625,59.80449295043945,25946.263671875,SMRNP_Max
