weight,total_gain,total_cover,gain,cover,feature
12.0,105.45814514160156,14811.7451171875,8.788178443908691,1234.3121337890625,index
4.0,36.78605651855469,4762.861328125,9.196514129638672,1190.71533203125,MeanCorpuscularHemoglobinConcentration_Avg_acute
2.0,15.089665412902832,2440.8916015625,7.544832706451416,1220.44580078125,MeanCorpuscularHemoglobinConcentration_Max_acute
4.0,31.82866096496582,1999.40673828125,7.957165241241455,499.8516845703125,BasophilsPercentage_Min_chronic
1.0,5.684927940368652,176.6264190673828,5.684927940368652,176.6264190673828,AbsoluteNeutrophilCount_Avg_acute
4.0,41.66987228393555,3738.37158203125,10.417468070983887,934.5928955078125,AbsoluteNeutrophilCount_Max_acute
6.0,40.448734283447266,6512.58349609375,6.741455554962158,1085.4305419921875,AbsoluteNeutrophilCount_Min_acute
2.0,12.502176284790039,2560.301025390625,6.2510881423950195,1280.1505126953125,AbsoluteMonocyteCount_Avg_acute
1.0,10.677562713623047,931.4341430664062,10.677562713623047,931.4341430664062,AbsoluteEosinophilCount_Avg_acute
2.0,21.856027603149414,1862.206787109375,10.928013801574707,931.1033935546875,AbsoluteEosinophilCount_Min_chronic
8.0,160.17315673828125,8789.6484375,20.021644592285156,1098.7060546875,MeanPlateletVolume_Max_acute
3.0,27.094512939453125,3731.48291015625,9.03150463104248,1243.82763671875,MeanPlateletVolume_Min_acute
1.0,6.816030502319336,268.33770751953125,6.816030502319336,268.33770751953125,MeanPlateletVolume_Max_chronic
2.0,12.647075653076172,2140.027099609375,6.323537826538086,1070.0135498046875,RedCellDistributionWidthCV_Min_acute
1.0,6.28044319152832,1074.255126953125,6.28044319152832,1074.255126953125,EosinophilCountAbsolute_Min_acute
3.0,51.23150634765625,2624.12744140625,17.07716941833496,874.7091674804688,Ro52_Avg_chronic
1.0,12.62527847290039,904.6806030273438,12.62527847290039,904.6806030273438,Ro52_Max_chronic
