weight,total_gain,total_cover,gain,cover,feature
1.0,9.792997360229492,67.82945251464844,9.792997360229492,67.82945251464844,AbsoluteNeutrophilCount_Max_acute
