weight,total_gain,total_cover,gain,cover,feature
12.0,107.86272430419922,12938.63671875,8.988560676574707,1078.2197265625,index
4.0,40.89070510864258,4077.662109375,10.222676277160645,1019.41552734375,MeanCorpuscularHemoglobinConcentration_Avg_acute
2.0,12.263357162475586,2117.130859375,6.131678581237793,1058.5654296875,MeanCorpuscularHemoglobinConcentration_Max_acute
1.0,5.855989933013916,1038.867919921875,5.855989933013916,1038.867919921875,MeanCorpuscularHemoglobin_Min_chronic
1.0,6.648656845092773,216.8059844970703,6.648656845092773,216.8059844970703,BasophilsPercentage_Min_chronic
1.0,6.978288650512695,151.9404754638672,6.978288650512695,151.9404754638672,AbsoluteNeutrophilCount_Avg_acute
3.0,26.74823760986328,3123.72998046875,8.9160795211792,1041.2432861328125,AbsoluteNeutrophilCount_Max_acute
6.0,48.85349655151367,6357.236328125,8.14224910736084,1059.5394287109375,AbsoluteNeutrophilCount_Min_acute
1.0,7.706075191497803,1045.033447265625,7.706075191497803,1045.033447265625,AbsoluteMonocyteCount_Avg_acute
1.0,13.219256401062012,795.4716186523438,13.219256401062012,795.4716186523438,AbsoluteEosinophilCount_Avg_acute
1.0,6.444043159484863,1090.507080078125,6.444043159484863,1090.507080078125,AbsoluteBasophilCount_Avg_chronic
3.0,72.94367218017578,2995.76806640625,24.314558029174805,998.58935546875,MeanPlateletVolume_Max_acute
2.0,19.806556701660156,2134.246826171875,9.903278350830078,1067.1234130859375,MeanPlateletVolume_Min_acute
2.0,14.377429962158203,464.15521240234375,7.188714981079102,232.07760620117188,MeanPlateletVolume_Max_chronic
2.0,8.946037292480469,2061.49658203125,4.473018646240234,1030.748291015625,RedCellDistributionWidthCV_Min_acute
2.0,37.839622497558594,1519.3353271484375,18.919811248779297,759.6676635742188,Ro52_Avg_chronic
1.0,9.52309799194336,882.5152587890625,9.52309799194336,882.5152587890625,ThrombinTime_Avg_chronic
