weight,total_gain,total_cover,gain,cover,feature
3.0,9.814697265625,831.5638427734375,3.2715656757354736,277.1879577636719,NeutrophilsPercentage_Max_acute
3.0,43.8818359375,1303.7508544921875,14.627278327941895,434.5836181640625,NeutrophilsPercentage_Min_acute
10.0,122.2724609375,12353.2294921875,12.227246284484863,1235.322998046875,NeutrophilsPercentage_Avg_acute
1.0,1.23095703125,852.7883911132812,1.23095703125,852.7883911132812,MeanCorpuscularHemoglobinConcentration_Min_acute
1.0,2.2939453125,4279.9892578125,2.2939453125,4279.9892578125,BasophilsPercentage_Min_acute
5.0,23.4892578125,13140.5419921875,4.697851657867432,2628.1083984375,BasophilsPercentage_Avg_acute
1.0,0.205078125,365.3289794921875,0.205078125,365.3289794921875,AbsoluteNeutrophilCount_Max_acute
1.0,2.2919921875,4077.117919921875,2.2919921875,4077.117919921875,AbsoluteNeutrophilCount_Min_acute
1.0,6.73095703125,268.9018859863281,6.73095703125,268.9018859863281,CReactiveProtein_Min_acute
2.0,11.06005859375,1362.56884765625,5.530029296875,681.284423828125,CReactiveProtein_Avg_acute
10.0,72.98974609375,13454.056640625,7.298974514007568,1345.4056396484375,TotalThyroxine_Max_acute
8.0,107.37548828125,5172.34423828125,13.42193603515625,646.5430297851562,TotalThyroxine_Min_acute
5.0,58.17822265625,3064.453369140625,11.635644912719727,612.8906860351562,TotalThyroxine_Avg_acute
1.0,3.09765625,1171.1746826171875,3.09765625,1171.1746826171875,UrineGlucose_Max_acute
1.0,7.59716796875,237.01321411132812,7.59716796875,237.01321411132812,UrineGlucose_Min_acute
1.0,15.921875,109.814453125,15.921875,109.814453125,UrineProtein_Max_acute
1.0,3.533203125,898.0198974609375,3.533203125,898.0198974609375,Cockroach_Max_acute
1.0,6.53125,390.1864929199219,6.53125,390.1864929199219,Cockroach_Min_acute
