weight,total_gain,total_cover,gain,cover,feature
10.0,104.692138671875,11450.3994140625,10.469213485717773,1145.0399169921875,MonocytesPercentage_Min_acute
1.0,8.314046859741211,750.676513671875,8.314046859741211,750.676513671875,PlateletCount_Max_preclinical
1.0,8.015130996704102,1009.7640991210938,8.015130996704102,1009.7640991210938,PlateletCount_Avg_preclinical
3.0,26.914958953857422,3391.661865234375,8.97165298461914,1130.553955078125,WhiteBloodCellCount_Max_acute
3.0,29.30522918701172,3055.7041015625,9.768409729003906,1018.5680541992188,MeanCorpuscularHemoglobin_Max_preclinical
2.0,16.021503448486328,2064.371337890625,8.010751724243164,1032.1856689453125,MeanCorpuscularHemoglobin_Avg_preclinical
