weight,total_gain,total_cover,gain,cover,feature
9.0,66.3476791381836,15173.6552734375,7.371964454650879,1685.961669921875,index
2.0,18.17618751525879,3237.5322265625,9.088093757629395,1618.76611328125,MeanCorpuscularHemoglobinConcentration_Avg_acute
3.0,14.858367919921875,5201.80859375,4.952789306640625,1733.9361572265625,MeanCorpuscularHemoglobinConcentration_Max_acute
2.0,17.835338592529297,2048.87744140625,8.917669296264648,1024.438720703125,BasophilsPercentage_Min_chronic
1.0,4.216139793395996,253.49522399902344,4.216139793395996,253.49522399902344,AbsoluteNeutrophilCount_Avg_acute
5.0,33.506370544433594,7050.666015625,6.7012739181518555,1410.1331787109375,AbsoluteNeutrophilCount_Max_acute
3.0,15.19318675994873,3953.19384765625,5.064395427703857,1317.7313232421875,AbsoluteNeutrophilCount_Min_acute
2.0,10.77589225769043,3414.9375,5.387946128845215,1707.46875,AbsoluteMonocyteCount_Avg_acute
1.0,3.37473201751709,1552.2552490234375,3.37473201751709,1552.2552490234375,AbsoluteEosinophilCount_Min_acute
1.0,3.3756749629974365,1574.466552734375,3.3756749629974365,1574.466552734375,AbsoluteBasophilCount_Avg_chronic
3.0,59.456485748291016,4060.6474609375,19.818828582763672,1353.5491943359375,MeanPlateletVolume_Max_acute
3.0,26.04561996459961,5155.33251953125,8.681873321533203,1718.4442138671875,MeanPlateletVolume_Min_acute
1.0,5.718066215515137,1459.712158203125,5.718066215515137,1459.712158203125,EosinophilCountAbsolute_Max_acute
2.0,28.703062057495117,2407.98681640625,14.351531028747559,1203.993408203125,Ro52_Avg_chronic
