{
    "roc_auc": [
        {
            "binary_threshold": 42,
            "fpr": [
                0.0,
                0.0,
                0.0,
                0.05263157894736842,
                0.05263157894736842,
                0.10526315789473684,
                0.10526315789473684,
                0.3684210526315789,
                0.3684210526315789,
                0.47368421052631576,
                0.47368421052631576,
                0.631578947368421,
                0.631578947368421,
                0.6842105263157895,
                0.6842105263157895,
                0.9473684210526315,
                0.9473684210526315,
                1.0
            ],
            "tpr": [
                0.0,
                0.05,
                0.2,
                0.2,
                0.5,
                0.5,
                0.6,
                0.6,
                0.65,
                0.65,
                0.75,
                0.75,
                0.9,
                0.9,
                0.95,
                0.95,
                1.0,
                1.0
            ],
            "thresholds": [
                Infinity,
                768.077392578125,
                492.773681640625,
                336.1993713378906,
                179.1210174560547,
                142.57180786132812,
                110.43878173828125,
                68.39886474609375,
                67.25605010986328,
                56.37232971191406,
                46.953121185302734,
                36.12100601196289,
                23.371829986572266,
                20.093812942504883,
                19.089336395263672,
                12.398743629455566,
                12.101583480834961,
                9.683037757873535
            ],
            "roc_auc": 0.7315789473684211
        }
    ],
    "prerec_auc": [
        {
            "binary_threshold": 42,
            "precision": [
                0.5128205128205128,
                0.5263157894736842,
                0.5135135135135135,
                0.5277777777777778,
                0.5428571428571428,
                0.5588235294117647,
                0.5757575757575758,
                0.59375,
                0.5806451612903226,
                0.6,
                0.5862068965517241,
                0.5714285714285714,
                0.5555555555555556,
                0.5769230769230769,
                0.6,
                0.625,
                0.6086956521739131,
                0.5909090909090909,
                0.6190476190476191,
                0.65,
                0.631578947368421,
                0.6666666666666666,
                0.7058823529411765,
                0.75,
                0.8,
                0.8571428571428571,
                0.8461538461538461,
                0.8333333333333334,
                0.9090909090909091,
                0.9,
                0.8888888888888888,
                0.875,
                0.8571428571428571,
                0.8333333333333334,
                0.8,
                1.0,
                1.0,
                1.0,
                1.0,
                1.0
            ],
            "recall": [
                1.0,
                1.0,
                0.95,
                0.95,
                0.95,
                0.95,
                0.95,
                0.95,
                0.9,
                0.9,
                0.85,
                0.8,
                0.75,
                0.75,
                0.75,
                0.75,
                0.7,
                0.65,
                0.65,
                0.65,
                0.6,
                0.6,
                0.6,
                0.6,
                0.6,
                0.6,
                0.55,
                0.5,
                0.5,
                0.45,
                0.4,
                0.35,
                0.3,
                0.25,
                0.2,
                0.2,
                0.15,
                0.1,
                0.05,
                0.0
            ],
            "thresholds": [
                9.683037757873535,
                12.101583480834961,
                12.398743629455566,
                13.534104347229004,
                14.098188400268555,
                16.705904006958008,
                18.998693466186523,
                19.089336395263672,
                20.093812942504883,
                23.371829986572266,
                28.316261291503906,
                34.79518508911133,
                36.12100601196289,
                42.29220199584961,
                45.7696533203125,
                46.953121185302734,
                54.353187561035156,
                56.37232971191406,
                63.79230499267578,
                67.25605010986328,
                68.39886474609375,
                72.71517944335938,
                80.10897064208984,
                98.36309051513672,
                98.88427734375,
                110.43878173828125,
                140.4676971435547,
                142.57180786132812,
                179.1210174560547,
                224.35897827148438,
                236.62179565429688,
                250.41366577148438,
                254.34698486328125,
                326.2889404296875,
                336.1993713378906,
                492.773681640625,
                551.1896362304688,
                559.1090087890625,
                768.077392578125
            ],
            "prerec_auc": 0.7800133812255989
        }
    ]
}