{
    "roc_auc": [
        {
            "binary_threshold": 42,
            "fpr": [
                0.0,
                0.125,
                0.125,
                0.125,
                0.125,
                0.25,
                0.25,
                0.5,
                0.5,
                0.625,
                0.625,
                0.75,
                0.75,
                1.0
            ],
            "tpr": [
                0.0,
                0.0,
                0.037037037037037035,
                0.1111111111111111,
                0.14814814814814814,
                0.14814814814814814,
                0.7777777777777778,
                0.7777777777777778,
                0.8888888888888888,
                0.8888888888888888,
                0.9259259259259259,
                0.9259259259259259,
                1.0,
                1.0
            ],
            "thresholds": [
                Infinity,
                1106.166748046875,
                723.1555786132812,
                694.5086059570312,
                682.484375,
                681.759033203125,
                252.94898986816406,
                217.56668090820312,
                136.21163940429688,
                131.67706298828125,
                101.68531799316406,
                96.17279815673828,
                59.5522575378418,
                26.115093231201172
            ],
            "roc_auc": 0.6898148148148149
        }
    ],
    "prerec_auc": [
        {
            "binary_threshold": 42,
            "precision": [
                0.7714285714285715,
                0.7941176470588235,
                0.8181818181818182,
                0.8125,
                0.8064516129032258,
                0.8333333333333334,
                0.8275862068965517,
                0.8571428571428571,
                0.8518518518518519,
                0.8461538461538461,
                0.84,
                0.875,
                0.9130434782608695,
                0.9090909090909091,
                0.9047619047619048,
                0.9,
                0.8947368421052632,
                0.8888888888888888,
                0.8823529411764706,
                0.875,
                0.8666666666666667,
                0.8571428571428571,
                0.8461538461538461,
                0.8333333333333334,
                0.8181818181818182,
                0.8,
                0.7777777777777778,
                0.75,
                0.7142857142857143,
                0.6666666666666666,
                0.8,
                0.75,
                0.5,
                0.0,
                1.0
            ],
            "recall": [
                1.0,
                1.0,
                1.0,
                0.9629629629629629,
                0.9259259259259259,
                0.9259259259259259,
                0.8888888888888888,
                0.8888888888888888,
                0.8518518518518519,
                0.8148148148148148,
                0.7777777777777778,
                0.7777777777777778,
                0.7777777777777778,
                0.7407407407407407,
                0.7037037037037037,
                0.6666666666666666,
                0.6296296296296297,
                0.5925925925925926,
                0.5555555555555556,
                0.5185185185185185,
                0.48148148148148145,
                0.4444444444444444,
                0.4074074074074074,
                0.37037037037037035,
                0.3333333333333333,
                0.2962962962962963,
                0.25925925925925924,
                0.2222222222222222,
                0.18518518518518517,
                0.14814814814814814,
                0.14814814814814814,
                0.1111111111111111,
                0.037037037037037035,
                0.0,
                0.0
            ],
            "thresholds": [
                26.115093231201172,
                56.409423828125,
                59.5522575378418,
                70.18367767333984,
                96.17279815673828,
                101.68531799316406,
                131.67706298828125,
                136.21163940429688,
                140.84173583984375,
                182.05929565429688,
                217.56668090820312,
                238.46502685546875,
                252.94898986816406,
                264.9876708984375,
                296.960205078125,
                393.26019287109375,
                432.4316101074219,
                495.140869140625,
                510.80615234375,
                561.2447509765625,
                583.7686157226562,
                584.7595825195312,
                588.1983642578125,
                601.3365478515625,
                620.4254760742188,
                624.1200561523438,
                625.0868530273438,
                632.0419311523438,
                640.3221435546875,
                681.759033203125,
                682.484375,
                694.5086059570312,
                723.1555786132812,
                1106.166748046875
            ],
            "prerec_auc": 0.799447488306067
        }
    ]
}