{
    "roc_auc": [
        {
            "binary_threshold": 42,
            "fpr": [
                0.0,
                0.16666666666666666,
                0.16666666666666666,
                0.3333333333333333,
                0.3333333333333333,
                0.5,
                0.5,
                0.8333333333333334,
                0.8333333333333334,
                1.0
            ],
            "tpr": [
                0.0,
                0.0,
                0.2413793103448276,
                0.2413793103448276,
                0.9310344827586207,
                0.9310344827586207,
                0.9655172413793104,
                0.9655172413793104,
                1.0,
                1.0
            ],
            "thresholds": [
                Infinity,
                307554.78125,
                307477.0625,
                307465.625,
                307341.03125,
                307336.65625,
                307331.9375,
                307315.53125,
                307314.34375,
                307309.09375
            ],
            "roc_auc": 0.6839080459770115
        }
    ],
    "prerec_auc": [
        {
            "binary_threshold": 42,
            "precision": [
                0.8285714285714286,
                0.8529411764705882,
                0.8484848484848485,
                0.875,
                0.9032258064516129,
                0.9,
                0.9310344827586207,
                0.9285714285714286,
                0.9259259259259259,
                0.9230769230769231,
                0.92,
                0.9166666666666666,
                0.9130434782608695,
                0.9090909090909091,
                0.9047619047619048,
                0.9,
                0.8947368421052632,
                0.8888888888888888,
                0.8823529411764706,
                0.875,
                0.8666666666666667,
                0.8571428571428571,
                0.8461538461538461,
                0.8333333333333334,
                0.8181818181818182,
                0.8,
                0.7777777777777778,
                0.875,
                0.8571428571428571,
                0.8333333333333334,
                0.8,
                0.75,
                0.6666666666666666,
                0.5,
                0.0,
                1.0
            ],
            "recall": [
                1.0,
                1.0,
                0.9655172413793104,
                0.9655172413793104,
                0.9655172413793104,
                0.9310344827586207,
                0.9310344827586207,
                0.896551724137931,
                0.8620689655172413,
                0.8275862068965517,
                0.7931034482758621,
                0.7586206896551724,
                0.7241379310344828,
                0.6896551724137931,
                0.6551724137931034,
                0.6206896551724138,
                0.5862068965517241,
                0.5517241379310345,
                0.5172413793103449,
                0.4827586206896552,
                0.4482758620689655,
                0.41379310344827586,
                0.3793103448275862,
                0.3448275862068966,
                0.3103448275862069,
                0.27586206896551724,
                0.2413793103448276,
                0.2413793103448276,
                0.20689655172413793,
                0.1724137931034483,
                0.13793103448275862,
                0.10344827586206896,
                0.06896551724137931,
                0.034482758620689655,
                0.0,
                0.0
            ],
            "thresholds": [
                307309.09375,
                307314.34375,
                307315.53125,
                307321.375,
                307331.9375,
                307336.65625,
                307341.03125,
                307345.4375,
                307346.28125,
                307346.59375,
                307360.09375,
                307361.25,
                307363.59375,
                307372.96875,
                307373.28125,
                307376.5,
                307377.375,
                307385.59375,
                307406.40625,
                307412.25,
                307413.125,
                307414.625,
                307416.65625,
                307428.6875,
                307447.75,
                307462.6875,
                307465.625,
                307477.0625,
                307484.375,
                307520.46875,
                307529.5625,
                307532.1875,
                307539.53125,
                307550.09375,
                307554.78125
            ],
            "prerec_auc": 0.83637825286615
        }
    ]
}