weight,total_gain,total_cover,gain,cover,feature
2.0,20.585439682006836,1380.23095703125,10.292719841003418,690.115478515625,WhiteBloodCellCount_Max_acute
2.0,20.082487106323242,1382.45166015625,10.041243553161621,691.225830078125,WhiteBloodCellCount_Min_acute
1.0,7.511350631713867,706.9962768554688,7.511350631713867,706.9962768554688,WhiteBloodCellCount_Avg_acute
7.0,66.23198699951172,4878.48876953125,9.461712837219238,696.9269409179688,EosinophilsPercentage_Avg_acute
6.0,49.91643524169922,4156.52978515625,8.319405555725098,692.7549438476562,AbsoluteMonocyteCount_Max_acute
1.0,7.391068458557129,518.5435180664062,7.391068458557129,518.5435180664062,PlateletDistributionWidth_Min_acute
1.0,7.989163398742676,512.8463745117188,7.989163398742676,512.8463745117188,PlateletDistributionWidth_Avg_acute
