weight,total_gain,total_cover,gain,cover,feature
4.0,40.644351959228516,3044.729248046875,10.161087989807129,761.1823120117188,WhiteBloodCellCount_Max_acute
1.0,9.867094039916992,760.0743408203125,9.867094039916992,760.0743408203125,Hemoglobin_Min_acute
