weight,total_gain,total_cover,gain,cover,feature
1.0,12.256319046020508,571.516357421875,12.256319046020508,571.516357421875,MeanCorpuscularHemoglobinConcentration_Max_preclinical
1.0,11.027254104614258,579.561767578125,11.027254104614258,579.561767578125,MeanCorpuscularHemoglobinConcentration_Min_preclinical
1.0,11.477691650390625,583.5303344726562,11.477691650390625,583.5303344726562,MeanCorpuscularHemoglobinConcentration_Avg_preclinical
1.0,7.721646308898926,640.1161499023438,7.721646308898926,640.1161499023438,PlateletCount_Max_preclinical
1.0,7.2633137702941895,643.787353515625,7.2633137702941895,643.787353515625,PlateletCount_Avg_preclinical
1.0,8.449799537658691,490.0032958984375,8.449799537658691,490.0032958984375,WhiteBloodCellCount_Max_acute
1.0,7.591235160827637,503.22991943359375,7.591235160827637,503.22991943359375,WhiteBloodCellCount_Min_acute
1.0,7.256882190704346,773.640869140625,7.256882190704346,773.640869140625,MeanCorpuscularVolume_Max_preclinical
1.0,10.88603401184082,744.1965942382812,10.88603401184082,744.1965942382812,MeanCorpuscularVolume_Min_preclinical
1.0,8.421493530273438,763.4733276367188,8.421493530273438,763.4733276367188,MeanCorpuscularVolume_Avg_preclinical
1.0,8.192413330078125,767.698974609375,8.192413330078125,767.698974609375,EosinophilsPercentage_Min_acute
8.0,79.19725799560547,6112.71875,9.899657249450684,764.08984375,PlateletDistributionWidth_Min_preclinical
1.0,8.805862426757812,759.03125,8.805862426757812,759.03125,AntiScl70_Max_acute
2.0,17.1881103515625,1523.60595703125,8.59405517578125,761.802978515625,AntiScl70_Min_acute
1.0,10.175890922546387,749.3939819335938,10.175890922546387,749.3939819335938,AntiScl70_Avg_acute
