weight,total_gain,total_cover,gain,cover,feature
1.0,9.153448104858398,1037.268798828125,9.153448104858398,1037.268798828125,MeanCorpuscularVolume_Max_acute
2.0,22.269006729125977,2049.77392578125,11.134503364562988,1024.886962890625,MeanCorpuscularVolume_Min_acute
1.0,8.768308639526367,1067.677490234375,8.768308639526367,1067.677490234375,MeanCorpuscularVolume_Max_preclinical
4.0,39.56441116333008,4195.51513671875,9.89110279083252,1048.8787841796875,MeanCorpuscularVolume_Min_preclinical
8.0,84.80624389648438,8361.833984375,10.600780487060547,1045.229248046875,EosinophilsPercentage_Avg_acute
1.0,8.197647094726562,280.1893615722656,8.197647094726562,280.1893615722656,AbsoluteMonocyteCount_Min_acute
