weight,total_gain,total_cover,gain,cover,feature
10.0,43.616615295410156,1499.7625732421875,4.361661434173584,149.97625732421875,index
1.0,4.4379730224609375,78.72953796386719,4.4379730224609375,78.72953796386719,MeanCorpuscularHemoglobinConcentration_Max_acute
1.0,4.276172637939453,48.207942962646484,4.276172637939453,48.207942962646484,MeanCorpuscularVolume_Min_acute
1.0,4.286293983459473,52.513526916503906,4.286293983459473,52.513526916503906,EosinophilsPercentage_Min_chronic
8.0,34.66217803955078,505.0949401855469,4.332772254943848,63.13686752319336,BasophilsPercentage_Min_chronic
2.0,8.854808807373047,185.29238891601562,4.427404403686523,92.64619445800781,AbsoluteNeutrophilCount_Max_acute
8.0,43.96792984008789,387.8003845214844,5.495991230010986,48.47504806518555,MeanPlateletVolume_Max_acute
10.0,44.2187385559082,1025.6259765625,4.421874046325684,102.5625991821289,MeanPlateletVolume_Min_acute
