weight,total_gain,total_cover,gain,cover,feature
8.0,39.09855270385742,1076.6708984375,4.887319087982178,134.5838623046875,index
1.0,4.80742883682251,47.67532730102539,4.80742883682251,47.67532730102539,EosinophilsPercentage_Min_chronic
7.0,33.915706634521484,413.912109375,4.8451008796691895,59.13030242919922,BasophilsPercentage_Min_chronic
1.0,4.882720947265625,84.42816162109375,4.882720947265625,84.42816162109375,AbsoluteNeutrophilCount_Max_acute
8.0,48.78086853027344,366.3985595703125,6.09760856628418,45.79981994628906,MeanPlateletVolume_Max_acute
7.0,34.03791427612305,739.4150390625,4.8625593185424805,105.63072204589844,MeanPlateletVolume_Min_acute
