weight,total_gain,total_cover,gain,cover,feature
1.0,5.535480976104736,9.924623489379883,5.535480976104736,9.924623489379883,MeanCorpuscularHemoglobin_Min_chronic
2.0,11.450493812561035,15.20186996459961,5.725246906280518,7.600934982299805,MeanCorpuscularVolume_Min_acute
1.0,5.912933349609375,15.565211296081543,5.912933349609375,15.565211296081543,EosinophilsPercentage_Min_chronic
6.0,34.42237854003906,67.01992797851562,5.737062931060791,11.169987678527832,BasophilsPercentage_Min_chronic
3.0,19.738662719726562,47.751495361328125,6.579554080963135,15.91716480255127,MeanPlateletVolume_Max_acute
9.0,54.51673126220703,213.05941772460938,6.057414531707764,23.673269271850586,MeanPlateletVolume_Min_acute
3.0,16.754295349121094,28.310028076171875,5.5847649574279785,9.436676025390625,Plateletcrit_Max_acute
