weight,total_gain,total_cover,gain,cover,feature
20.0,162.54808044433594,33735.34765625,8.12740421295166,1686.767333984375,index
15.0,115.58522033691406,23653.560546875,7.705681324005127,1576.904052734375,MeanCorpuscularHemoglobinConcentration_Avg_acute
2.0,12.007892608642578,2107.648681640625,6.003946304321289,1053.8243408203125,WhiteBloodCellCount_Avg_acute
1.0,5.236477375030518,351.174560546875,5.236477375030518,351.174560546875,BasophilsPercentage_Avg_acute
4.0,24.09687042236328,1474.988037109375,6.02421760559082,368.74700927734375,BasophilsPercentage_Min_chronic
4.0,32.397178649902344,3032.7412109375,8.099294662475586,758.185302734375,AbsoluteNeutrophilCount_Avg_acute
16.0,123.36624145507812,16039.1650390625,7.710390090942383,1002.4478149414062,AbsoluteNeutrophilCount_Min_acute
8.0,62.952735900878906,4952.634765625,7.869091987609863,619.079345703125,AbsoluteMonocyteCount_Avg_acute
2.0,14.845157623291016,948.2008056640625,7.422578811645508,474.10040283203125,AbsoluteMonocyteCount_Max_acute
3.0,24.70322608947754,3846.83349609375,8.234408378601074,1282.27783203125,AbsoluteEosinophilCount_Avg_acute
1.0,5.975152969360352,1053.9322509765625,5.975152969360352,1053.9322509765625,AbsoluteLymphocyteCount_Max_acute
12.0,213.90077209472656,19228.07421875,17.825063705444336,1602.3394775390625,MeanPlateletVolume_Max_acute
6.0,52.413970947265625,10180.2109375,8.735661506652832,1696.7017822265625,MeanPlateletVolume_Min_acute
1.0,6.071434020996094,369.7705383300781,6.071434020996094,369.7705383300781,MeanPlateletVolume_Max_chronic
1.0,5.5581817626953125,1546.795654296875,5.5581817626953125,1546.795654296875,Plateletcrit_Max_acute
1.0,8.648002624511719,1307.104248046875,8.648002624511719,1307.104248046875,RedCellDistributionWidthCV_Min_acute
1.0,5.540101528167725,349.2137756347656,5.540101528167725,349.2137756347656,RedCellDistributionWidthCV_Min_chronic
8.0,99.8214340209961,9791.6591796875,12.477679252624512,1223.9573974609375,Ro52_Avg_chronic
1.0,13.299568176269531,1213.188232421875,13.299568176269531,1213.188232421875,Ro52_Max_chronic
2.0,12.3552885055542,2830.494140625,6.1776442527771,1415.2470703125,ThrombinTime_Max_chronic
