weight,total_gain,total_cover,gain,cover,feature
2.0,2.686767578125,1005.8106689453125,1.3433837890625,502.90533447265625,Hematocrit_Min
2.0,2.30413818359375,3322.655517578125,1.152069091796875,1661.3277587890625,NeutrophilsPercentage_Max
5.0,11.033447265625,2961.375732421875,2.2066893577575684,592.275146484375,MonocytesPercentage_Min
1.0,1.8726654052734375,13.846948623657227,1.8726654052734375,13.846948623657227,MeanCorpuscularHemoglobinConcentration_Avg
2.0,4.5519561767578125,121.22110748291016,2.2759780883789062,60.61055374145508,PlateletCount_Max
2.0,5.32177734375,1832.262451171875,2.660888671875,916.1312255859375,RedBloodCellCount_Avg
1.0,1.101806640625,1824.19580078125,1.101806640625,1824.19580078125,RedBloodCellCount_Max
17.0,1462.5126953125,23619.5,86.03015899658203,1389.38232421875,EosinophilsPercentage_Avg
3.0,216.36669921875,4205.90234375,72.12223052978516,1401.9674072265625,EosinophilsPercentage_Max
4.0,7.977081298828125,966.117431640625,1.9942703247070312,241.52935791015625,BasophilsPercentage_Avg
1.0,1.0191650390625,359.33258056640625,1.0191650390625,359.33258056640625,BasophilsPercentage_Max
7.0,60.511474609375,3988.76416015625,8.644495964050293,569.8234252929688,AbsoluteNeutrophilCount_Avg
5.0,50.9166259765625,2104.724853515625,10.183324813842773,420.9449768066406,AbsoluteNeutrophilCount_Max
1.0,4.819091796875,526.3609008789062,4.819091796875,526.3609008789062,AbsoluteNeutrophilCount_Min
1.0,0.83721923828125,63.0998420715332,0.83721923828125,63.0998420715332,AbsoluteBasophilCount_Avg
2.0,5.318603515625,965.0523681640625,2.6593017578125,482.52618408203125,Plateletcrit_Avg
5.0,12.6689453125,4595.58154296875,2.5337891578674316,919.1163330078125,Plateletcrit_Max
