weight,total_gain,total_cover,gain,cover,feature
1.0,5.319833755493164,37.9836540222168,5.319833755493164,37.9836540222168,index
1.0,6.828681945800781,346.064453125,6.828681945800781,346.064453125,NeutrophilsPercentage_Max_acute
1.0,7.463722229003906,665.9453735351562,7.463722229003906,665.9453735351562,NeutrophilsPercentage_Avg_acute
1.0,5.324044227600098,482.0794982910156,5.324044227600098,482.0794982910156,MeanCorpuscularHemoglobinConcentration_Avg_acute
3.0,23.50177574157715,1541.8165283203125,7.833925247192383,513.9388427734375,EosinophilsPercentage_Min_acute
4.0,28.40966796875,5142.30810546875,7.1024169921875,1285.5770263671875,BasophilsPercentage_Avg_acute
4.0,24.94347381591797,4873.67041015625,6.235868453979492,1218.4176025390625,AbsoluteNeutrophilCount_Max_acute
2.0,14.689652442932129,1180.1593017578125,7.3448262214660645,590.0796508789062,AbsoluteNeutrophilCount_Avg_acute
5.0,36.25607681274414,2215.3798828125,7.25121545791626,443.07598876953125,AbsoluteMonocyteCount_Avg_acute
1.0,7.133642673492432,136.01504516601562,7.133642673492432,136.01504516601562,AbsoluteBasophilCount_Avg_acute
1.0,5.2380547523498535,401.72467041015625,5.2380547523498535,401.72467041015625,MeanPlateletVolume_Max_acute
1.0,6.988624572753906,344.5139465332031,6.988624572753906,344.5139465332031,MeanPlateletVolume_Avg_acute
1.0,5.670387268066406,363.7409973144531,5.670387268066406,363.7409973144531,Plateletcrit_Avg_acute
1.0,5.799534797668457,174.21766662597656,5.799534797668457,174.21766662597656,CReactiveProtein_Max_acute
1.0,5.2552947998046875,749.2672729492188,5.2552947998046875,749.2672729492188,CReactiveProtein_Min_acute
2.0,15.712488174438477,1191.7408447265625,7.856244087219238,595.8704223632812,CReactiveProtein_Avg_acute
1.0,5.510101318359375,790.5890502929688,5.510101318359375,790.5890502929688,TotalThyroxine_Max_acute
1.0,7.254350185394287,281.1219177246094,7.254350185394287,281.1219177246094,Nucleosome_Min_acute
1.0,6.8553466796875,435.8202209472656,6.8553466796875,435.8202209472656,UrineGlucose_Max_acute
