weight,total_gain,total_cover,gain,cover,feature
1.0,7.8888397216796875,324.1372985839844,7.8888397216796875,324.1372985839844,NeutrophilsPercentage_Max_acute
1.0,7.922847270965576,325.5580749511719,7.922847270965576,325.5580749511719,NeutrophilsPercentage_Min_acute
5.0,39.87636184692383,4100.8125,7.975272178649902,820.1624755859375,WhiteBloodCellCount_Min_acute
2.0,17.85926055908203,1622.019287109375,8.929630279541016,811.0096435546875,WhiteBloodCellCount_Avg_acute
1.0,8.391193389892578,325.5770568847656,8.391193389892578,325.5770568847656,AbsoluteNeutrophilCount_Max_acute
2.0,15.980648040771484,1019.4434814453125,7.990324020385742,509.72174072265625,AbsoluteNeutrophilCount_Avg_acute
5.0,42.53948211669922,4005.622802734375,8.507896423339844,801.1245727539062,AbsoluteMonocyteCount_Max_preclinical
1.0,7.695038795471191,812.6921997070312,7.695038795471191,812.6921997070312,AbsoluteMonocyteCount_Min_preclinical
1.0,7.797874450683594,731.302978515625,7.797874450683594,731.302978515625,AbsoluteMonocyteCount_Avg_preclinical
4.0,34.490814208984375,2018.0758056640625,8.622703552246094,504.5189514160156,AbsoluteLymphocyteCount_Min_preclinical
1.0,10.225227355957031,516.501953125,10.225227355957031,516.501953125,PlateletDistributionWidth_Max_preclinical
