weight,total_gain,total_cover,gain,cover,feature
2.0,16.340621948242188,2076.28564453125,8.170310974121094,1038.142822265625,WhiteBloodCellCount_Min_acute
6.0,50.51545715332031,6238.47265625,8.419242858886719,1039.7454833984375,WhiteBloodCellCount_Avg_acute
2.0,15.061966896057129,2095.53466796875,7.5309834480285645,1047.767333984375,EosinophilsPercentage_Avg_acute
1.0,7.600515365600586,904.1396484375,7.600515365600586,904.1396484375,AbsoluteEosinophilCount_Max_acute
1.0,7.898321151733398,891.37060546875,7.898321151733398,891.37060546875,CReactiveProtein_Min_acute
