weight,total_gain,total_cover,gain,cover,feature
2.0,10.227375030517578,167.87989807128906,5.113687515258789,83.93994903564453,WhiteBloodCellCount_Max_acute
4.0,20.281925201416016,289.33807373046875,5.070481300354004,72.33451843261719,MeanCorpuscularVolume_Avg_preclinical
1.0,5.06621789932251,70.11841583251953,5.06621789932251,70.11841583251953,AbsoluteMonocyteCount_Min_acute
