weight,total_gain,total_cover,gain,cover,feature
2.0,16.668777465820312,139.28823852539062,8.334388732910156,69.64411926269531,WhiteBloodCellCount_Max_acute
