weight,total_gain,total_cover,gain,cover,feature
2.0,1.2238311767578125,226.31874084472656,0.6119155883789062,113.15937042236328,PlateletCount_Min_acute
29.0,17.028244018554688,3505.588623046875,0.5871808528900146,120.88236999511719,BasophilsPercentage_Min_preclinical
