weight,total_gain,total_cover,gain,cover,feature
3.0,12.816118240356445,402.3037109375,4.272039413452148,134.1012420654297,WhiteBloodCellCount_Max_acute
2.0,8.011159896850586,151.14410400390625,4.005579948425293,75.57205200195312,EosinophilsPercentage_Avg_acute
