weight,total_gain,total_cover,gain,cover,feature
2.0,16.518863677978516,1458.33349609375,8.259431838989258,729.166748046875,WhiteBloodCellCount_Max_acute
1.0,8.104063034057617,574.7150268554688,8.104063034057617,574.7150268554688,WhiteBloodCellCount_Min_acute
2.0,17.422182083129883,1371.9876708984375,8.711091041564941,685.9938354492188,MeanCorpuscularHemoglobin_Max_preclinical
1.0,8.242115020751953,731.6486206054688,8.242115020751953,731.6486206054688,MeanCorpuscularHemoglobin_Avg_preclinical
1.0,8.13410472869873,512.46923828125,8.13410472869873,512.46923828125,Hemoglobin_Min_acute
1.0,9.234416961669922,182.42515563964844,9.234416961669922,182.42515563964844,AbsoluteMonocyteCount_Avg_preclinical
1.0,8.314701080322266,726.8858642578125,8.314701080322266,726.8858642578125,AbsoluteLymphocyteCount_Avg_preclinical
1.0,8.32023811340332,632.262939453125,8.32023811340332,632.262939453125,Nucleosome_Avg_acute
