weight,total_gain,total_cover,gain,cover,feature
1.0,18.052490234375,10.61758804321289,18.052490234375,10.61758804321289,LymphocytesPercentage_Max
3.0,207.31640625,1618.9110107421875,69.10546875,539.6370239257812,EosinophilsPercentage_Max
33.0,3314.27685546875,52451.63671875,100.43263244628906,1589.4434814453125,EosinophilsPercentage_Avg
39.0,4464.873046875,13357.3212890625,114.48392486572266,342.49542236328125,AbsoluteNeutrophilCount_Max
11.0,473.961669921875,2266.74951171875,43.087425231933594,206.06813049316406,AbsoluteNeutrophilCount_Avg
