weight,total_gain,total_cover,gain,cover,feature
26.0,217.63845825195312,43913.80078125,8.370710372924805,1688.9923095703125,index
10.0,79.09357452392578,16420.013671875,7.90935754776001,1642.0013427734375,MeanCorpuscularHemoglobinConcentration_Avg_acute
3.0,23.03599739074707,4914.32666015625,7.678665637969971,1638.10888671875,MeanCorpuscularHemoglobinConcentration_Max_acute
6.0,44.86405563354492,4832.3525390625,7.47734260559082,805.39208984375,BasophilsPercentage_Min_chronic
3.0,15.011293411254883,771.5077514648438,5.003764629364014,257.16925048828125,AbsoluteNeutrophilCount_Avg_acute
8.0,74.80595397949219,11504.6669921875,9.350744247436523,1438.0833740234375,AbsoluteNeutrophilCount_Max_acute
12.0,71.4193115234375,15240.125,5.951609134674072,1270.0103759765625,AbsoluteNeutrophilCount_Min_acute
4.0,24.544618606567383,6761.4619140625,6.136154651641846,1690.365478515625,AbsoluteMonocyteCount_Avg_acute
1.0,5.046219825744629,1481.9354248046875,5.046219825744629,1481.9354248046875,AbsoluteEosinophilCount_Min_acute
2.0,20.069303512573242,2520.797119140625,10.034651756286621,1260.3985595703125,AbsoluteEosinophilCount_Min_chronic
1.0,5.282317638397217,360.05792236328125,5.282317638397217,360.05792236328125,AbsoluteBasophilCount_Min_chronic
12.0,219.03500366210938,17767.21484375,18.25291633605957,1480.6011962890625,MeanPlateletVolume_Max_acute
8.0,72.75064086914062,13612.30078125,9.093830108642578,1701.53759765625,MeanPlateletVolume_Min_acute
1.0,6.071434020996094,369.7705383300781,6.071434020996094,369.7705383300781,MeanPlateletVolume_Max_chronic
2.0,9.908926963806152,2967.515380859375,4.954463481903076,1483.7576904296875,RedCellDistributionWidthCV_Min_acute
3.0,18.86956214904785,4323.76171875,6.289854049682617,1441.25390625,EosinophilCountAbsolute_Min_acute
6.0,79.96039581298828,7299.0830078125,13.326732635498047,1216.5137939453125,Ro52_Avg_chronic
1.0,13.283931732177734,1213.0867919921875,13.283931732177734,1213.0867919921875,Ro52_Max_chronic
1.0,7.304277420043945,1407.5831298828125,7.304277420043945,1407.5831298828125,ThrombinTime_Max_chronic
