weight,total_gain,total_cover,gain,cover,feature
3.0,6.183990478515625,84.66636657714844,2.0613300800323486,28.222122192382812,NeutrophilsPercentage_Max_acute
1.0,4.514739990234375,47.292240142822266,4.514739990234375,47.292240142822266,NeutrophilsPercentage_Avg_acute
3.0,35.3472900390625,255.59664916992188,11.782429695129395,85.19888305664062,WhiteBloodCellCount_Max_acute
1.0,7.42559814453125,147.87115478515625,7.42559814453125,147.87115478515625,WhiteBloodCellCount_Min_acute
3.0,13.79931640625,838.296875,4.599771976470947,279.4322814941406,WhiteBloodCellCount_Avg_acute
2.0,3.7862548828125,233.21176147460938,1.89312744140625,116.60588073730469,CReactiveProtein_Max_preclinical
