weight,total_gain,total_cover,gain,cover,feature
1.0,8.415181159973145,277.4300842285156,8.415181159973145,277.4300842285156,MonocytesPercentage_Min_acute
8.0,94.67768096923828,5626.986328125,11.834710121154785,703.373291015625,MeanCorpuscularHemoglobinConcentration_Max_preclinical
2.0,20.77078628540039,1400.188720703125,10.385393142700195,700.0943603515625,MeanCorpuscularHemoglobinConcentration_Min_preclinical
3.0,32.461021423339844,2117.79443359375,10.820340156555176,705.9314575195312,MeanCorpuscularHemoglobinConcentration_Avg_preclinical
1.0,8.454026222229004,397.65179443359375,8.454026222229004,397.65179443359375,MeanCorpuscularHemoglobin_Min_preclinical
2.0,18.037899017333984,823.2459106445312,9.018949508666992,411.6229553222656,MeanCorpuscularHemoglobin_Avg_preclinical
1.0,8.234415054321289,706.1292724609375,8.234415054321289,706.1292724609375,RedCellDistributionWidth_Max_preclinical
1.0,9.837133407592773,697.5508422851562,9.837133407592773,697.5508422851562,RedCellDistributionWidth_Min_preclinical
