weight,total_gain,total_cover,gain,cover,feature
1.0,10.194543838500977,736.1193237304688,10.194543838500977,736.1193237304688,MeanCorpuscularVolume_Min_acute
