weight,total_gain,total_cover,gain,cover,feature
2.0,16.6910400390625,192.18101501464844,8.34552001953125,96.09050750732422,WhiteBloodCellCount_Max_acute
1.0,5.7723388671875,147.8522186279297,5.7723388671875,147.8522186279297,WhiteBloodCellCount_Min_acute
3.0,10.70880126953125,838.8265991210938,3.5696003437042236,279.6088562011719,WhiteBloodCellCount_Avg_acute
