weight,total_gain,total_cover,gain,cover,feature
1.0,1.4326171875,63.13712692260742,1.4326171875,63.13712692260742,Hematocrit_Min_acute
2.0,55.14251708984375,206.0050048828125,27.571258544921875,103.00250244140625,NeutrophilsPercentage_Max_acute
6.0,246.017822265625,4219.89892578125,41.00297164916992,703.3164672851562,NeutrophilsPercentage_Avg_acute
2.0,5.040771484375,154.1741485595703,2.5203857421875,77.08707427978516,WhiteBloodCellCount_Min_acute
3.0,53.05561065673828,84.81365966796875,17.685203552246094,28.27121925354004,WhiteBloodCellCount_Avg_acute
1.0,22.65594482421875,13.838788986206055,22.65594482421875,13.838788986206055,MeanCorpuscularVolume_Max_acute
4.0,237.3817138671875,252.16476440429688,59.345428466796875,63.04119110107422,BasophilsPercentage_Max_acute
1.0,8.42333984375,2916.416259765625,8.42333984375,2916.416259765625,BasophilsPercentage_Min_acute
8.0,435.619140625,7622.8203125,54.452392578125,952.8525390625,BasophilsPercentage_Avg_acute
6.0,266.788818359375,166.7100372314453,44.46480178833008,27.785005569458008,AbsoluteNeutrophilCount_Max_acute
1.0,6.66845703125,2787.632568359375,6.66845703125,2787.632568359375,AbsoluteNeutrophilCount_Min_acute
1.0,33.015533447265625,22.00629425048828,33.015533447265625,22.00629425048828,AbsoluteMonocyteCount_Min_acute
1.0,50.78399658203125,18.482149124145508,50.78399658203125,18.482149124145508,AbsoluteEosinophilCount_Min_acute
2.0,14.1241455078125,1404.0712890625,7.06207275390625,702.03564453125,CReactiveProtein_Avg_acute
7.0,213.10400390625,6639.57470703125,30.443429946899414,948.5106811523438,TotalThyroxine_Max_acute
3.0,85.85986328125,2152.307373046875,28.61995506286621,717.435791015625,TotalThyroxine_Min_acute
1.0,18.21923828125,814.8326416015625,18.21923828125,814.8326416015625,TotalThyroxine_Avg_acute
1.0,26.408203125,16.68885612487793,26.408203125,16.68885612487793,Nucleosome_Min_acute
1.0,13.13177490234375,109.53799438476562,13.13177490234375,109.53799438476562,ThrombinTime_Max_acute
1.0,26.09375,350.4823913574219,26.09375,350.4823913574219,UrineGlucose_Max_acute
