weight,total_gain,total_cover,gain,cover,feature
1.0,0.576019287109375,109.64592742919922,0.576019287109375,109.64592742919922,EosinophilCountAbsolute_Max_preclinical
1.0,0.6995697021484375,96.27440643310547,0.6995697021484375,96.27440643310547,EosinophilCountAbsolute_Avg_preclinical
