weight,total_gain,total_cover,gain,cover,feature
2.0,17.207477569580078,1506.572509765625,8.603738784790039,753.2862548828125,MonocytesPercentage_Min_acute
6.0,57.247032165527344,4557.89404296875,9.54117202758789,759.6489868164062,WhiteBloodCellCount_Max_acute
1.0,8.001958847045898,756.9148559570312,8.001958847045898,756.9148559570312,Hemoglobin_Max_preclinical
2.0,17.35486602783203,1517.4896240234375,8.677433013916016,758.7448120117188,EosinophilsPercentage_Min_acute
1.0,9.047420501708984,350.43414306640625,9.047420501708984,350.43414306640625,EosinophilCountAbsolute_Max_acute
1.0,8.154672622680664,651.1650390625,8.154672622680664,651.1650390625,Nucleosome_Avg_acute
