weight,total_gain,total_cover,gain,cover,feature
1.0,9.074935913085938,812.7396240234375,9.074935913085938,812.7396240234375,PlateletCount_Max_preclinical
1.0,8.123859405517578,998.8195190429688,8.123859405517578,998.8195190429688,WhiteBloodCellCount_Max_acute
1.0,8.14944076538086,821.48388671875,8.14944076538086,821.48388671875,MeanCorpuscularHemoglobin_Max_acute
1.0,9.038209915161133,1121.4268798828125,9.038209915161133,1121.4268798828125,MeanCorpuscularHemoglobin_Max_preclinical
1.0,8.979886054992676,1115.5897216796875,8.979886054992676,1115.5897216796875,MeanCorpuscularHemoglobin_Min_preclinical
1.0,8.079584121704102,1017.1588134765625,8.079584121704102,1017.1588134765625,MeanCorpuscularHemoglobin_Avg_preclinical
3.0,27.43115997314453,3380.1162109375,9.143719673156738,1126.7054443359375,Plateletcrit_Max_preclinical
1.0,8.561690330505371,1138.12353515625,8.561690330505371,1138.12353515625,Plateletcrit_Avg_preclinical
1.0,8.126240730285645,1132.7039794921875,8.126240730285645,1132.7039794921875,CReactiveProtein_Min_acute
