weight,total_gain,total_cover,gain,cover,feature
1.0,6.436588287353516,9.739558219909668,6.436588287353516,9.739558219909668,NeutrophilsPercentage_Max_acute
1.0,6.600217819213867,11.23898696899414,6.600217819213867,11.23898696899414,MeanCorpuscularHemoglobin_Max_preclinical
