weight,total_gain,total_cover,gain,cover,feature
18.0,159.39889526367188,29125.255859375,8.855494499206543,1618.06982421875,index
13.0,114.38931274414062,19938.32421875,8.799178123474121,1533.71728515625,MeanCorpuscularHemoglobinConcentration_Avg_acute
3.0,19.889156341552734,2473.255859375,6.629718780517578,824.4186401367188,BasophilsPercentage_Min_chronic
6.0,46.886634826660156,3637.396728515625,7.814439296722412,606.2327880859375,AbsoluteNeutrophilCount_Avg_acute
1.0,9.983448028564453,1100.7059326171875,9.983448028564453,1100.7059326171875,AbsoluteNeutrophilCount_Max_acute
8.0,81.72315979003906,10208.06640625,10.215394973754883,1276.00830078125,AbsoluteNeutrophilCount_Min_acute
8.0,65.54367065429688,4449.171875,8.19295883178711,556.146484375,AbsoluteMonocyteCount_Avg_acute
2.0,13.501392364501953,1611.6746826171875,6.750696182250977,805.8373413085938,AbsoluteMonocyteCount_Max_acute
1.0,8.958463668823242,1342.8880615234375,8.958463668823242,1342.8880615234375,AbsoluteEosinophilCount_Avg_acute
9.0,168.2659912109375,13614.978515625,18.69622039794922,1512.775390625,MeanPlateletVolume_Max_acute
8.0,96.27745056152344,13253.0478515625,12.03468132019043,1656.6309814453125,MeanPlateletVolume_Min_acute
1.0,9.089468002319336,1305.04248046875,9.089468002319336,1305.04248046875,RedCellDistributionWidthCV_Min_acute
7.0,90.04298400878906,8541.88671875,12.863283157348633,1220.26953125,Ro52_Avg_chronic
1.0,13.301219940185547,1213.1611328125,13.301219940185547,1213.1611328125,Ro52_Max_chronic
