{
    "roc_auc": [
        {
            "binary_threshold": 42,
            "fpr": [
                0.0,
                0.0,
                0.0,
                0.05263157894736842,
                0.05263157894736842,
                0.10526315789473684,
                0.10526315789473684,
                0.3157894736842105,
                0.3157894736842105,
                0.42105263157894735,
                0.42105263157894735,
                0.47368421052631576,
                0.47368421052631576,
                0.8421052631578947,
                0.8421052631578947,
                0.9473684210526315,
                0.9473684210526315,
                1.0
            ],
            "tpr": [
                0.0,
                0.05,
                0.15,
                0.15,
                0.55,
                0.55,
                0.65,
                0.65,
                0.75,
                0.75,
                0.8,
                0.8,
                0.9,
                0.9,
                0.95,
                0.95,
                1.0,
                1.0
            ],
            "thresholds": [
                Infinity,
                2659.33349609375,
                2394.29736328125,
                2388.50537109375,
                2173.305419921875,
                2120.401611328125,
                2079.60205078125,
                1967.708251953125,
                1949.7020263671875,
                1918.962158203125,
                1916.596923828125,
                1886.7952880859375,
                1863.2540283203125,
                1808.205810546875,
                1793.3231201171875,
                1778.3084716796875,
                1778.093505859375,
                1774.4207763671875
            ],
            "roc_auc": 0.7789473684210526
        }
    ],
    "prerec_auc": [
        {
            "binary_threshold": 42,
            "precision": [
                0.5128205128205128,
                0.5263157894736842,
                0.5135135135135135,
                0.5277777777777778,
                0.5428571428571428,
                0.5294117647058824,
                0.5454545454545454,
                0.5625,
                0.5806451612903226,
                0.6,
                0.6206896551724138,
                0.6428571428571429,
                0.6666666666666666,
                0.6538461538461539,
                0.64,
                0.6666666666666666,
                0.6521739130434783,
                0.6818181818181818,
                0.7142857142857143,
                0.7,
                0.6842105263157895,
                0.7222222222222222,
                0.7647058823529411,
                0.8125,
                0.8666666666666667,
                0.8571428571428571,
                0.8461538461538461,
                0.9166666666666666,
                0.9090909090909091,
                0.9,
                0.8888888888888888,
                0.875,
                0.8571428571428571,
                0.8333333333333334,
                0.8,
                0.75,
                1.0,
                1.0,
                1.0,
                1.0
            ],
            "recall": [
                1.0,
                1.0,
                0.95,
                0.95,
                0.95,
                0.9,
                0.9,
                0.9,
                0.9,
                0.9,
                0.9,
                0.9,
                0.9,
                0.85,
                0.8,
                0.8,
                0.75,
                0.75,
                0.75,
                0.7,
                0.65,
                0.65,
                0.65,
                0.65,
                0.65,
                0.6,
                0.55,
                0.55,
                0.5,
                0.45,
                0.4,
                0.35,
                0.3,
                0.25,
                0.2,
                0.15,
                0.15,
                0.1,
                0.05,
                0.0
            ],
            "thresholds": [
                1774.4207763671875,
                1778.093505859375,
                1778.3084716796875,
                1781.2723388671875,
                1793.3231201171875,
                1808.205810546875,
                1815.1378173828125,
                1821.263671875,
                1826.4404296875,
                1832.26318359375,
                1840.5567626953125,
                1849.3778076171875,
                1863.2540283203125,
                1864.3988037109375,
                1886.7952880859375,
                1916.596923828125,
                1918.962158203125,
                1922.2137451171875,
                1949.7020263671875,
                1966.4163818359375,
                1967.708251953125,
                1993.11376953125,
                2047.47998046875,
                2067.97509765625,
                2079.60205078125,
                2119.04638671875,
                2120.401611328125,
                2173.305419921875,
                2175.26025390625,
                2184.92138671875,
                2197.17138671875,
                2248.74609375,
                2265.395263671875,
                2294.386962890625,
                2332.8359375,
                2388.50537109375,
                2394.29736328125,
                2597.453857421875,
                2659.33349609375
            ],
            "prerec_auc": 0.8016119718976429
        }
    ]
}