weight,total_gain,total_cover,gain,cover,feature
2.0,19.190773010253906,1348.138916015625,9.595386505126953,674.0694580078125,WhiteBloodCellCount_Max_preclinical
1.0,9.229856491088867,585.7970581054688,9.229856491088867,585.7970581054688,WhiteBloodCellCount_Min_preclinical
8.0,80.08287048339844,5405.6318359375,10.010358810424805,675.7039794921875,WhiteBloodCellCount_Avg_preclinical
1.0,8.15041732788086,597.6220092773438,8.15041732788086,597.6220092773438,MeanCorpuscularHemoglobin_Avg_preclinical
1.0,8.57596206665039,594.9051513671875,8.57596206665039,594.9051513671875,MeanCorpuscularVolume_Max_acute
3.0,30.550071716308594,1756.650634765625,10.183357238769531,585.5502319335938,MeanCorpuscularVolume_Min_preclinical
1.0,8.495006561279297,599.944580078125,8.495006561279297,599.944580078125,MeanCorpuscularVolume_Avg_preclinical
1.0,8.811640739440918,329.9851379394531,8.811640739440918,329.9851379394531,AbsoluteNeutrophilCount_Max_acute
1.0,8.475115776062012,329.7315979003906,8.475115776062012,329.7315979003906,AbsoluteNeutrophilCount_Avg_acute
1.0,9.011394500732422,671.7159423828125,9.011394500732422,671.7159423828125,RedCellDistributionWidth_Min_acute
