weight,total_gain,total_cover,gain,cover,feature
1.0,9.524012565612793,1042.272705078125,9.524012565612793,1042.272705078125,WhiteBloodCellCount_Max_acute
1.0,10.740791320800781,904.7805786132812,10.740791320800781,904.7805786132812,MeanCorpuscularVolume_Min_preclinical
1.0,9.508134841918945,1053.422607421875,9.508134841918945,1053.422607421875,MeanCorpuscularVolume_Avg_preclinical
