weight,total_gain,total_cover,gain,cover,feature
2.0,9.681831359863281,19.72296905517578,4.840915679931641,9.86148452758789,MeanCorpuscularHemoglobin_Min_chronic
4.0,19.618680953979492,44.57410430908203,4.904670238494873,11.143526077270508,MeanCorpuscularVolume_Min_acute
10.0,48.91468811035156,136.24667358398438,4.8914690017700195,13.624667167663574,BasophilsPercentage_Min_chronic
7.0,34.62693786621094,134.02371215820312,4.946705341339111,19.146244049072266,MeanPlateletVolume_Max_acute
16.0,86.62074279785156,504.6077880859375,5.413796424865723,31.537986755371094,MeanPlateletVolume_Min_acute
3.0,14.595590591430664,35.14508819580078,4.865196704864502,11.7150297164917,Plateletcrit_Max_acute
