weight,total_gain,total_cover,gain,cover,feature
12.0,86.9241943359375,4822.3798828125,7.243682861328125,401.864990234375,index
4.0,25.791015625,928.9979858398438,6.44775390625,232.24949645996094,AbsoluteBasophilCount_Avg_chronic
2.0,13.330078125,215.01254272460938,6.6650390625,107.50627136230469,AbsoluteBasophilCount_Max_chronic
3.0,22.2283935546875,545.5444946289062,7.409464359283447,181.84815979003906,AbsoluteBasophilCount_Min_chronic
1.0,2.810791015625,73.45184326171875,2.810791015625,73.45184326171875,MeanPlateletVolume_Avg_acute
3.0,11.5322265625,265.97991943359375,3.8440754413604736,88.65997314453125,MeanPlateletVolume_Min_acute
