weight,total_gain,total_cover,gain,cover,feature
3.0,12.506502151489258,47.46223068237305,4.168834209442139,15.820743560791016,PlateletCount_Max_acute
1.0,3.826537847518921,11.853812217712402,3.826537847518921,11.853812217712402,WhiteBloodCellCount_Min_preclinical
10.0,43.165096282958984,239.77276611328125,4.31650972366333,23.977275848388672,MeanCorpuscularHemoglobin_Max_acute
2.0,8.62374496459961,79.99386596679688,4.311872482299805,39.99693298339844,MeanCorpuscularHemoglobin_Min_acute
1.0,4.449583053588867,24.493349075317383,4.449583053588867,24.493349075317383,MeanCorpuscularHemoglobin_Avg_acute
2.0,7.819307804107666,21.819355010986328,3.909653902053833,10.909677505493164,RedBloodCellCount_Max_preclinical
7.0,27.94695281982422,538.8421020507812,3.992421865463257,76.9774398803711,BasophilsPercentage_Min_preclinical
1.0,3.886249542236328,55.23760223388672,3.886249542236328,55.23760223388672,BasophilsPercentage_Avg_preclinical
1.0,3.8766517639160156,27.140117645263672,3.8766517639160156,27.140117645263672,AbsoluteNeutrophilCount_Max_acute
2.0,7.673876762390137,21.708267211914062,3.8369383811950684,10.854133605957031,AbsoluteMonocyteCount_Max_preclinical
1.0,4.240128517150879,5.880213260650635,4.240128517150879,5.880213260650635,AbsoluteLymphocyteCount_Min_preclinical
2.0,16.29840087890625,10.208477020263672,8.149200439453125,5.104238510131836,MeanPlateletVolume_Min_acute
4.0,16.67467498779297,83.56641387939453,4.168668746948242,20.891603469848633,EosinophilCountAbsolute_Max_preclinical
1.0,4.110385894775391,19.614501953125,4.110385894775391,19.614501953125,EosinophilCountAbsolute_Min_preclinical
1.0,4.601240158081055,26.235595703125,4.601240158081055,26.235595703125,EosinophilCountAbsolute_Avg_preclinical
