weight,total_gain,total_cover,gain,cover,feature
10.0,92.80416870117188,16743.3671875,9.280416488647461,1674.336669921875,index
4.0,37.51670837402344,6500.787109375,9.37917709350586,1625.19677734375,MeanCorpuscularHemoglobinConcentration_Avg_acute
4.0,31.977476119995117,4131.5849609375,7.994369029998779,1032.896240234375,BasophilsPercentage_Min_chronic
1.0,6.1456379890441895,265.239501953125,6.1456379890441895,265.239501953125,AbsoluteNeutrophilCount_Avg_acute
2.0,16.065567016601562,3300.34912109375,8.032783508300781,1650.174560546875,AbsoluteNeutrophilCount_Max_acute
3.0,27.96871566772461,3517.9775390625,9.322905540466309,1172.6591796875,AbsoluteNeutrophilCount_Min_acute
2.0,12.664189338684082,3434.7587890625,6.332094669342041,1717.37939453125,AbsoluteMonocyteCount_Avg_acute
1.0,10.912015914916992,1241.9461669921875,10.912015914916992,1241.9461669921875,AbsoluteEosinophilCount_Min_chronic
7.0,123.3203353881836,9801.833984375,17.617191314697266,1400.261962890625,MeanPlateletVolume_Max_acute
4.0,38.353023529052734,6789.74609375,9.588255882263184,1697.4365234375,MeanPlateletVolume_Min_acute
1.0,5.586490154266357,363.6917724609375,5.586490154266357,363.6917724609375,MeanPlateletVolume_Max_chronic
1.0,6.6444902420043945,1640.0074462890625,6.6444902420043945,1640.0074462890625,Plateletcrit_Avg_acute
1.0,6.103704452514648,1443.344970703125,6.103704452514648,1443.344970703125,EosinophilCountAbsolute_Min_acute
3.0,39.788482666015625,3675.44970703125,13.26282787322998,1225.14990234375,Ro52_Avg_chronic
1.0,12.29326057434082,1223.3314208984375,12.29326057434082,1223.3314208984375,Ro52_Max_chronic
1.0,5.627546310424805,1465.8419189453125,5.627546310424805,1465.8419189453125,ThrombinTime_Max_chronic
