weight,total_gain,total_cover,gain,cover,feature
16.0,142.37393188476562,26738.15234375,8.898370742797852,1671.134521484375,index
13.0,112.58350372314453,20236.55078125,8.660269737243652,1556.65771484375,MeanCorpuscularHemoglobinConcentration_Avg_acute
2.0,13.095816612243652,750.2764892578125,6.547908306121826,375.13824462890625,BasophilsPercentage_Min_chronic
6.0,48.34075927734375,3577.401123046875,8.056793212890625,596.2335205078125,AbsoluteNeutrophilCount_Avg_acute
1.0,7.934547424316406,1133.0721435546875,7.934547424316406,1133.0721435546875,AbsoluteNeutrophilCount_Max_acute
10.0,90.50630187988281,11950.41015625,9.050630569458008,1195.041015625,AbsoluteNeutrophilCount_Min_acute
7.0,57.59577941894531,3307.613525390625,8.227968215942383,472.5162048339844,AbsoluteMonocyteCount_Avg_acute
3.0,21.664531707763672,2083.62060546875,7.221510410308838,694.5402221679688,AbsoluteMonocyteCount_Max_acute
2.0,16.264389038085938,2727.617431640625,8.132194519042969,1363.8087158203125,AbsoluteEosinophilCount_Avg_acute
9.0,174.22604370117188,14314.5419921875,19.358449935913086,1590.504638671875,MeanPlateletVolume_Max_acute
8.0,85.6419906616211,13376.4453125,10.705248832702637,1672.0556640625,MeanPlateletVolume_Min_acute
1.0,6.169927597045898,363.7610168457031,6.169927597045898,363.7610168457031,MeanPlateletVolume_Max_chronic
1.0,8.903955459594727,1108.82568359375,8.903955459594727,1108.82568359375,PlateletDistributionWidth_Max_acute
1.0,6.724666595458984,1369.2847900390625,6.724666595458984,1369.2847900390625,RedCellDistributionWidthCV_Min_acute
8.0,99.94172668457031,9792.3349609375,12.492715835571289,1224.0418701171875,Ro52_Avg_chronic
1.0,13.294229507446289,1213.153564453125,13.294229507446289,1213.153564453125,Ro52_Max_chronic
2.0,13.578335762023926,2795.42333984375,6.789167881011963,1397.711669921875,ThrombinTime_Max_chronic
