weight,total_gain,total_cover,gain,cover,feature
1.0,8.900291442871094,981.937255859375,8.900291442871094,981.937255859375,MeanCorpuscularVolume_Max_acute
1.0,9.986799240112305,967.5654296875,9.986799240112305,967.5654296875,EosinophilsPercentage_Min_acute
7.0,72.99403381347656,6871.71435546875,10.427719116210938,981.6734619140625,EosinophilsPercentage_Avg_acute
