weight,total_gain,total_cover,gain,cover,feature
1.0,5.7529296875,396.0448913574219,5.7529296875,396.0448913574219,index
1.0,3.173583984375,273.96221923828125,3.173583984375,273.96221923828125,MeanCorpuscularHemoglobinConcentration_Max_acute
1.0,11.0072021484375,70.27824401855469,11.0072021484375,70.27824401855469,MeanCorpuscularVolume_Avg_acute
6.0,51.1444091796875,2123.6328125,8.524067878723145,353.9388122558594,MeanCorpuscularVolume_Max_acute
2.0,17.75933837890625,83.6955795288086,8.879669189453125,41.8477897644043,MeanCorpuscularVolume_Min_acute
1.0,8.7685546875,297.6297302246094,8.7685546875,297.6297302246094,RedBloodCellCount_Min_acute
1.0,20.163818359375,16.5687313079834,20.163818359375,16.5687313079834,EosinophilsPercentage_Avg_chronic
1.0,57.52813720703125,21.953088760375977,57.52813720703125,21.953088760375977,EosinophilsPercentage_Max_chronic
6.0,276.58758544921875,588.0020751953125,46.097930908203125,98.0003433227539,EosinophilsPercentage_Min_chronic
4.0,31.38916015625,1942.210693359375,7.8472900390625,485.55267333984375,AbsoluteMonocyteCount_Avg_acute
1.0,4.579345703125,280.56414794921875,4.579345703125,280.56414794921875,AbsoluteMonocyteCount_Max_acute
4.0,115.30035400390625,943.1148071289062,28.825088500976562,235.77870178222656,AbsoluteEosinophilCount_Min_chronic
1.0,4.2099609375,554.5498046875,4.2099609375,554.5498046875,MeanPlateletVolume_Avg_acute
1.0,2.741455078125,771.0435180664062,2.741455078125,771.0435180664062,MeanPlateletVolume_Min_acute
3.0,65.58545684814453,90.739990234375,21.861818313598633,30.24666404724121,PlateletDistributionWidth_Avg_acute
2.0,58.15510559082031,29.928081512451172,29.077552795410156,14.964040756225586,PlateletDistributionWidth_Min_acute
2.0,12.386962890625,1402.94873046875,6.1934814453125,701.474365234375,CReactiveProtein_Min_acute
1.0,5.615234375,287.2843933105469,5.615234375,287.2843933105469,ThrombinTime_Avg_chronic
2.0,8.37060546875,1389.308837890625,4.185302734375,694.6544189453125,ProthrombinTimeINR_Avg_chronic
