weight,total_gain,total_cover,gain,cover,feature
4.0,43.08442687988281,2302.09765625,10.771106719970703,575.5244140625,WhiteBloodCellCount_Min_acute
2.0,22.743200302124023,970.5736083984375,11.371600151062012,485.28680419921875,WhiteBloodCellCount_Avg_acute
2.0,22.954879760742188,1163.972900390625,11.477439880371094,581.9864501953125,MeanCorpuscularVolume_Max_acute
1.0,11.596171379089355,585.2225341796875,11.596171379089355,585.2225341796875,MeanCorpuscularVolume_Min_acute
