weight,total_gain,total_cover,gain,cover,feature
18.0,28.655513763427734,283.1419677734375,1.5919729471206665,15.730109214782715,LymphocytesPercentage_Min_acute
4.0,6.362164497375488,61.52898406982422,1.590541124343872,15.382246017456055,NeutrophilsPercentage_Max_acute
61.0,133.98367309570312,1577.8828125,2.19645357131958,25.866931915283203,MeanCorpuscularHemoglobin_Max_acute
36.0,72.43846130371094,1435.648193359375,2.012179374694824,39.87911605834961,MeanCorpuscularHemoglobin_Min_acute
19.0,42.0812873840332,459.550537109375,2.2148046493530273,24.186870574951172,MeanCorpuscularHemoglobin_Avg_acute
