{
    "roc_auc": [
        {
            "binary_threshold": 42,
            "fpr": [
                0.0,
                0.0,
                0.0,
                0.06666666666666667,
                0.06666666666666667,
                0.13333333333333333,
                0.13333333333333333,
                0.2,
                0.2,
                0.26666666666666666,
                0.26666666666666666,
                0.4,
                0.4,
                0.4666666666666667,
                0.4666666666666667,
                0.5333333333333333,
                0.5333333333333333,
                0.6,
                0.6,
                0.6666666666666666,
                0.6666666666666666,
                0.7333333333333333,
                0.7333333333333333,
                0.8666666666666667,
                0.8666666666666667,
                1.0
            ],
            "tpr": [
                0.0,
                0.02631578947368421,
                0.13157894736842105,
                0.13157894736842105,
                0.15789473684210525,
                0.15789473684210525,
                0.21052631578947367,
                0.21052631578947367,
                0.34210526315789475,
                0.34210526315789475,
                0.3684210526315789,
                0.3684210526315789,
                0.4473684210526316,
                0.4473684210526316,
                0.5789473684210527,
                0.5789473684210527,
                0.6842105263157895,
                0.6842105263157895,
                0.7894736842105263,
                0.7894736842105263,
                0.9473684210526315,
                0.9473684210526315,
                0.9736842105263158,
                0.9736842105263158,
                1.0,
                1.0
            ],
            "thresholds": [
                Infinity,
                923.0783081054688,
                667.4622802734375,
                566.4600830078125,
                565.0320434570312,
                557.5847778320312,
                419.57403564453125,
                415.4122009277344,
                383.8134765625,
                358.83843994140625,
                355.8427429199219,
                319.89825439453125,
                301.399658203125,
                297.3040771484375,
                239.3590545654297,
                231.29754638671875,
                193.4408416748047,
                169.80433654785156,
                141.56253051757812,
                139.33274841308594,
                65.4891357421875,
                56.34849166870117,
                54.30281066894531,
                27.733604431152344,
                26.842071533203125,
                18.191509246826172
            ],
            "roc_auc": 0.5982456140350878
        }
    ],
    "prerec_auc": [
        {
            "binary_threshold": 42,
            "precision": [
                0.7169811320754716,
                0.7307692307692307,
                0.7450980392156863,
                0.74,
                0.7551020408163265,
                0.7708333333333334,
                0.7659574468085106,
                0.782608695652174,
                0.7777777777777778,
                0.7727272727272727,
                0.7674418604651163,
                0.7619047619047619,
                0.7560975609756098,
                0.75,
                0.7692307692307693,
                0.7631578947368421,
                0.7567567567567568,
                0.75,
                0.7428571428571429,
                0.7647058823529411,
                0.7575757575757576,
                0.75,
                0.7419354838709677,
                0.7333333333333333,
                0.7586206896551724,
                0.75,
                0.7407407407407407,
                0.7307692307692307,
                0.72,
                0.7083333333333334,
                0.7391304347826086,
                0.7272727272727273,
                0.7142857142857143,
                0.7,
                0.7777777777777778,
                0.7647058823529411,
                0.8125,
                0.8,
                0.7857142857142857,
                0.7692307692307693,
                0.75,
                0.7272727272727273,
                0.8,
                0.7777777777777778,
                0.75,
                0.8571428571428571,
                0.8333333333333334,
                1.0,
                1.0,
                1.0,
                1.0,
                1.0,
                1.0
            ],
            "recall": [
                1.0,
                1.0,
                1.0,
                0.9736842105263158,
                0.9736842105263158,
                0.9736842105263158,
                0.9473684210526315,
                0.9473684210526315,
                0.9210526315789473,
                0.8947368421052632,
                0.868421052631579,
                0.8421052631578947,
                0.8157894736842105,
                0.7894736842105263,
                0.7894736842105263,
                0.7631578947368421,
                0.7368421052631579,
                0.7105263157894737,
                0.6842105263157895,
                0.6842105263157895,
                0.6578947368421053,
                0.631578947368421,
                0.6052631578947368,
                0.5789473684210527,
                0.5789473684210527,
                0.5526315789473685,
                0.5263157894736842,
                0.5,
                0.47368421052631576,
                0.4473684210526316,
                0.4473684210526316,
                0.42105263157894735,
                0.39473684210526316,
                0.3684210526315789,
                0.3684210526315789,
                0.34210526315789475,
                0.34210526315789475,
                0.3157894736842105,
                0.2894736842105263,
                0.2631578947368421,
                0.23684210526315788,
                0.21052631578947367,
                0.21052631578947367,
                0.18421052631578946,
                0.15789473684210525,
                0.15789473684210525,
                0.13157894736842105,
                0.13157894736842105,
                0.10526315789473684,
                0.07894736842105263,
                0.05263157894736842,
                0.02631578947368421,
                0.0
            ],