weight,total_gain,total_cover,gain,cover,feature
4.0,43.858219146728516,5033.064453125,10.964554786682129,1258.26611328125,MeanCorpuscularVolume_Max_acute
