{
    "max_depth": 4,
    "min_child_weight": 1.6811608803178864,
    "gamma": 0.3167468212341216,
    "colsample_bytree": 0.5182689430382544,
    "learning_rate": 0.1,
    "alpha": 0.05,
    "objective": "count:poisson",
    "num_boost_round": 200,
    "custom_metric": "prerec_auc",
    "scale_factor": 2,
    "log_transform": "log2",
    "early_stopping_rounds": 50,
    "group": "55+",
    "loss": 191794.96875,
    "max_roc_auc": 0.7134038800705467,
    "max_prerec_auc": 0.8570256982676571,
    "sequence_id": 0
}