weight,total_gain,total_cover,gain,cover,feature
4.0,30.305389404296875,4496.5244140625,7.576347351074219,1124.131103515625,WhiteBloodCellCount_Max_acute
