weight,total_gain,total_cover,gain,cover,feature
1.0,8.950591087341309,309.0924377441406,8.950591087341309,309.0924377441406,NeutrophilsPercentage_Max_acute
1.0,6.248631477355957,428.71356201171875,6.248631477355957,428.71356201171875,MeanCorpuscularHemoglobinConcentration_Avg_acute
4.0,30.73531723022461,2682.998779296875,7.683829307556152,670.7496948242188,EosinophilsPercentage_Min_acute
9.0,65.8388671875,9055.998046875,7.3154296875,1006.2219848632812,BasophilsPercentage_Avg_acute
6.0,47.80626678466797,5195.16357421875,7.967710971832275,865.860595703125,AbsoluteNeutrophilCount_Max_acute
3.0,20.48595428466797,1582.76953125,6.828651428222656,527.58984375,AbsoluteNeutrophilCount_Avg_acute
10.0,85.50513458251953,3911.9326171875,8.55051326751709,391.1932678222656,AbsoluteMonocyteCount_Avg_acute
1.0,7.023125648498535,371.5441589355469,7.023125648498535,371.5441589355469,MeanPlateletVolume_Max_acute
1.0,7.297924518585205,119.62112426757812,7.297924518585205,119.62112426757812,EosinophilCountAbsolute_Min_acute
1.0,6.060337543487549,180.7540740966797,6.060337543487549,180.7540740966797,CReactiveProtein_Max_acute
2.0,16.572296142578125,881.9970092773438,8.286148071289062,440.9985046386719,CReactiveProtein_Min_acute
2.0,14.631132125854492,1463.3095703125,7.315566062927246,731.65478515625,CReactiveProtein_Avg_acute
2.0,13.96209716796875,961.3302001953125,6.981048583984375,480.66510009765625,TotalThyroxine_Max_acute
1.0,6.5323486328125,442.0730285644531,6.5323486328125,442.0730285644531,Nucleosome_Min_acute
2.0,14.432580947875977,735.931396484375,7.216290473937988,367.9656982421875,UrineGlucose_Max_acute
