weight,total_gain,total_cover,gain,cover,feature
17.0,57.962066650390625,3160.64453125,3.4095332622528076,185.92027282714844,index
5.0,16.446575164794922,581.514404296875,3.2893149852752686,116.3028793334961,MeanCorpuscularHemoglobinConcentration_Avg_acute
3.0,10.019515991210938,267.42626953125,3.339838743209839,89.14208984375,MeanCorpuscularHemoglobinConcentration_Max_acute
2.0,5.681900978088379,109.48304748535156,2.8409504890441895,54.74152374267578,MeanCorpuscularHemoglobin_Min_chronic
1.0,2.8388352394104004,45.836326599121094,2.8388352394104004,45.836326599121094,MeanCorpuscularVolume_Min_acute
2.0,5.6592583656311035,109.32376098632812,2.8296291828155518,54.66188049316406,EosinophilsPercentage_Min_chronic
11.0,33.433860778808594,875.8853149414062,3.0394418239593506,79.62593841552734,BasophilsPercentage_Min_chronic
4.0,13.397298812866211,421.4456787109375,3.3493247032165527,105.36141967773438,AbsoluteNeutrophilCount_Max_acute
4.0,12.977222442626953,498.7532653808594,3.2443056106567383,124.68831634521484,AbsoluteNeutrophilCount_Min_acute
10.0,36.82781219482422,518.006591796875,3.682781219482422,51.8006591796875,MeanPlateletVolume_Max_acute
13.0,43.84825134277344,1630.2396240234375,3.3729424476623535,125.40304565429688,MeanPlateletVolume_Min_acute
3.0,9.085417747497559,80.02359008789062,3.028472661972046,26.674530029296875,MeanPlateletVolume_Min_chronic
2.0,5.669908046722412,104.76142883300781,2.834954023361206,52.380714416503906,Plateletcrit_Max_acute
