weight,total_gain,total_cover,gain,cover,feature
2.0,16.474519729614258,2192.8994140625,8.237259864807129,1096.44970703125,MonocytesPercentage_Min_acute
5.0,45.37261962890625,5521.064453125,9.07452392578125,1104.212890625,WhiteBloodCellCount_Max_acute
3.0,23.946359634399414,3175.08203125,7.982120037078857,1058.3607177734375,CReactiveProtein_Min_acute
