weight,total_gain,total_cover,gain,cover,feature
1.0,8.417739868164062,635.89013671875,8.417739868164062,635.89013671875,MeanCorpuscularHemoglobinConcentration_Min_preclinical
2.0,17.703195571899414,1441.87939453125,8.851597785949707,720.939697265625,WhiteBloodCellCount_Max_acute
5.0,43.06798553466797,3640.2724609375,8.61359691619873,728.0545043945312,WhiteBloodCellCount_Avg_acute
1.0,7.555856704711914,723.3021240234375,7.555856704711914,723.3021240234375,RedCellDistributionWidth_Min_acute
