weight,total_gain,total_cover,gain,cover,feature
4.0,33.843753814697266,2184.9619140625,8.460938453674316,546.240478515625,LymphocytesPercentage_Max_preclinical
2.0,16.800514221191406,1088.142822265625,8.400257110595703,544.0714111328125,LymphocytesPercentage_Min_preclinical
1.0,6.609185218811035,307.7505187988281,6.609185218811035,307.7505187988281,PlateletCount_Min_preclinical
3.0,22.463661193847656,2401.9189453125,7.487886905670166,800.6396484375,WhiteBloodCellCount_Max_acute
6.0,47.959503173828125,4811.50048828125,7.993250370025635,801.916748046875,WhiteBloodCellCount_Min_acute
2.0,18.013248443603516,1370.156982421875,9.006624221801758,685.0784912109375,Hemoglobin_Max_acute
4.0,35.61948776245117,2765.0947265625,8.904871940612793,691.273681640625,Hemoglobin_Min_acute
2.0,13.690792083740234,616.1793212890625,6.845396041870117,308.08966064453125,AbsoluteNeutrophilCount_Min_preclinical
