weight,total_gain,total_cover,gain,cover,feature
1.0,8.756590843200684,494.970947265625,8.756590843200684,494.970947265625,WhiteBloodCellCount_Max_acute
3.0,29.9531192779541,1713.845947265625,9.984373092651367,571.281982421875,WhiteBloodCellCount_Min_acute
2.0,16.581737518310547,1464.26171875,8.290868759155273,732.130859375,MeanCorpuscularHemoglobin_Avg_preclinical
5.0,47.38251495361328,4122.13427734375,9.476503372192383,824.4268798828125,MeanCorpuscularVolume_Max_acute
3.0,29.85272979736328,2421.82275390625,9.950909614562988,807.2742309570312,MeanCorpuscularVolume_Min_acute
1.0,10.58736801147461,796.8555908203125,10.58736801147461,796.8555908203125,MeanCorpuscularVolume_Avg_acute
1.0,7.9896392822265625,301.8846740722656,7.9896392822265625,301.8846740722656,BasophilsPercentage_Min_acute
1.0,7.656162261962891,665.7465209960938,7.656162261962891,665.7465209960938,AbsoluteNeutrophilCount_Avg_acute
5.0,44.106788635253906,4132.94482421875,8.821357727050781,826.5889892578125,CReactiveProtein_Min_acute
1.0,8.647216796875,802.7900390625,8.647216796875,802.7900390625,Nucleosome_Min_acute
1.0,9.609132766723633,793.774169921875,9.609132766723633,793.774169921875,Nucleosome_Avg_acute
