weight,total_gain,total_cover,gain,cover,feature
30.0,228.37376403808594,51420.0703125,7.6124587059021,1714.0023193359375,index
11.0,80.723876953125,18217.375,7.338534355163574,1656.125,MeanCorpuscularHemoglobinConcentration_Avg_acute
6.0,34.894126892089844,10065.84765625,5.815687656402588,1677.6412353515625,MeanCorpuscularHemoglobinConcentration_Max_acute
6.0,44.511043548583984,6261.265625,7.418507099151611,1043.5443115234375,BasophilsPercentage_Min_chronic
7.0,31.500221252441406,1780.5008544921875,4.500031471252441,254.35726928710938,AbsoluteNeutrophilCount_Avg_acute
10.0,86.78101348876953,16344.1640625,8.678101539611816,1634.4163818359375,AbsoluteNeutrophilCount_Max_acute
15.0,80.249755859375,19389.556640625,5.3499836921691895,1292.6370849609375,AbsoluteNeutrophilCount_Min_acute
6.0,33.042091369628906,10211.4462890625,5.507015228271484,1701.90771484375,AbsoluteMonocyteCount_Avg_acute
1.0,9.169378280639648,1279.62353515625,9.169378280639648,1279.62353515625,AbsoluteEosinophilCount_Avg_acute
1.0,10.956077575683594,1240.946533203125,10.956077575683594,1240.946533203125,AbsoluteEosinophilCount_Min_chronic
1.0,5.284605503082275,360.0559997558594,5.284605503082275,360.0559997558594,AbsoluteBasophilCount_Min_chronic
13.0,226.48716735839844,18693.228515625,17.422090530395508,1437.940673828125,MeanPlateletVolume_Max_acute
9.0,76.97216796875,15389.1220703125,8.55246353149414,1709.9024658203125,MeanPlateletVolume_Min_acute
1.0,6.075655460357666,369.7705383300781,6.075655460357666,369.7705383300781,MeanPlateletVolume_Max_chronic
2.0,9.487190246582031,2987.90771484375,4.743595123291016,1493.953857421875,RedCellDistributionWidthCV_Min_acute
4.0,23.442737579345703,5818.064453125,5.860684394836426,1454.51611328125,EosinophilCountAbsolute_Min_acute
6.0,80.00761413574219,7299.16748046875,13.334602355957031,1216.5279541015625,Ro52_Avg_chronic
1.0,13.292037963867188,1213.1015625,13.292037963867188,1213.1015625,Ro52_Max_chronic
1.0,4.7084174156188965,1491.2147216796875,4.7084174156188965,1491.2147216796875,ThrombinTime_Avg_chronic
2.0,14.322030067443848,2819.74658203125,7.161015033721924,1409.873291015625,ThrombinTime_Max_chronic
