weight,total_gain,total_cover,gain,cover,feature
16.0,118.89653778076172,27270.26953125,7.431033611297607,1704.391845703125,index
6.0,45.00749969482422,9946.5322265625,7.50124979019165,1657.75537109375,MeanCorpuscularHemoglobinConcentration_Avg_acute
3.0,14.938833236694336,5095.537109375,4.979610919952393,1698.5123291015625,MeanCorpuscularHemoglobinConcentration_Max_acute
4.0,26.42593765258789,4236.6357421875,6.606484413146973,1059.158935546875,BasophilsPercentage_Min_chronic
3.0,14.272943496704102,768.9230346679688,4.75764799118042,256.30767822265625,AbsoluteNeutrophilCount_Avg_acute
6.0,43.071380615234375,8534.9990234375,7.178563594818115,1422.4998779296875,AbsoluteNeutrophilCount_Max_acute
8.0,42.35628890991211,11277.216796875,5.294536113739014,1409.652099609375,AbsoluteNeutrophilCount_Min_acute
4.0,20.201555252075195,6978.21533203125,5.050388813018799,1744.5538330078125,AbsoluteMonocyteCount_Avg_acute
1.0,4.390563488006592,1515.9693603515625,4.390563488006592,1515.9693603515625,AbsoluteEosinophilCount_Min_acute
1.0,10.919103622436523,1241.97509765625,10.919103622436523,1241.97509765625,AbsoluteEosinophilCount_Min_chronic
7.0,116.21202850341797,9813.900390625,16.60171890258789,1401.9857177734375,MeanPlateletVolume_Max_acute
5.0,44.51231384277344,8542.16015625,8.90246295928955,1708.4320068359375,MeanPlateletVolume_Min_acute
1.0,5.589082717895508,363.6920471191406,5.589082717895508,363.6920471191406,MeanPlateletVolume_Max_chronic
1.0,6.110470771789551,1640.7213134765625,6.110470771789551,1640.7213134765625,Plateletcrit_Avg_acute
1.0,4.992803573608398,1492.540771484375,4.992803573608398,1492.540771484375,RedCellDistributionWidthCV_Min_acute
1.0,6.156795501708984,1443.7493896484375,6.156795501708984,1443.7493896484375,EosinophilCountAbsolute_Min_acute
4.0,52.111427307128906,4898.8359375,13.027856826782227,1224.708984375,Ro52_Avg_chronic
1.0,5.899521827697754,1456.0289306640625,5.899521827697754,1456.0289306640625,ThrombinTime_Max_chronic
