weight,total_gain,total_cover,gain,cover,feature
1.0,6.871564865112305,326.648681640625,6.871564865112305,326.648681640625,WhiteBloodCellCount_Max_acute
4.0,30.842281341552734,2535.28564453125,7.710570335388184,633.8214111328125,MeanCorpuscularHemoglobin_Max_preclinical
1.0,7.676742076873779,633.8391723632812,7.676742076873779,633.8391723632812,MeanCorpuscularHemoglobin_Avg_preclinical
1.0,8.83552360534668,750.8234252929688,8.83552360534668,750.8234252929688,MeanCorpuscularVolume_Avg_preclinical
1.0,8.542189598083496,424.17474365234375,8.542189598083496,424.17474365234375,AbsoluteNeutrophilCount_Max_acute
1.0,7.781240463256836,431.9336853027344,7.781240463256836,431.9336853027344,AbsoluteNeutrophilCount_Min_acute
4.0,32.44009017944336,1721.623291015625,8.11002254486084,430.40582275390625,PlateletDistributionWidth_Avg_acute
3.0,25.79518699645996,2275.8486328125,8.598395347595215,758.6162109375,RedCellDistributionWidth_Min_acute
3.0,24.049068450927734,2285.59716796875,8.016356468200684,761.86572265625,RedCellDistributionWidth_Avg_acute
