weight,total_gain,total_cover,gain,cover,feature
2.0,4.395066261291504,28.53500747680664,2.197533130645752,14.26750373840332,NeutrophilsPercentage_Max_acute
5.0,13.387641906738281,112.77404022216797,2.6775283813476562,22.554807662963867,MeanCorpuscularHemoglobin_Max_acute
4.0,10.02825927734375,143.63609313964844,2.5070648193359375,35.90902328491211,MeanCorpuscularHemoglobin_Min_acute
3.0,7.625404357910156,75.54365539550781,2.5418014526367188,25.18121910095215,MeanCorpuscularHemoglobin_Avg_acute
