weight,total_gain,total_cover,gain,cover,feature
5.0,44.606292724609375,3860.903564453125,8.921258926391602,772.1807250976562,WhiteBloodCellCount_Max_acute
5.0,40.75666427612305,3775.444091796875,8.15133285522461,755.0888061523438,WhiteBloodCellCount_Min_acute
2.0,16.078948974609375,1255.505615234375,8.039474487304688,627.7528076171875,BasophilsPercentage_Min_acute
2.0,17.884733200073242,1267.86962890625,8.942366600036621,633.934814453125,BasophilsPercentage_Avg_acute
3.0,28.04844856262207,2305.748291015625,9.349482536315918,768.582763671875,AbsoluteNeutrophilCount_Max_acute
1.0,7.089868545532227,305.7886962890625,7.089868545532227,305.7886962890625,RedCellDistributionWidth_Avg_preclinical
1.0,7.628192901611328,664.5479736328125,7.628192901611328,664.5479736328125,EosinophilCountAbsolute_Min_preclinical
