weight,total_gain,total_cover,gain,cover,feature
5.0,56.559959411621094,3860.646484375,11.311991691589355,772.1292724609375,WhiteBloodCellCount_Min_acute
