weight,total_gain,total_cover,gain,cover,feature
2.0,1.302225112915039,35.04425048828125,0.6511125564575195,17.522125244140625,Hematocrit_Avg
8.0,1470.54736328125,6354.9970703125,183.81842041015625,794.3746337890625,LymphocytesPercentage_Avg
3.0,3.0900726318359375,60.117332458496094,1.0300241708755493,20.03911018371582,MeanCorpuscularHemoglobinConcentration_Avg
13.0,107.79481506347656,1521.878662109375,8.291909217834473,117.06758880615234,MonocytesPercentage_Avg
1.0,19.674346923828125,9.53357219696045,19.674346923828125,9.53357219696045,MeanPlateletVolume_Avg
1.0,0.3896484375,5288.666015625,0.3896484375,5288.666015625,TotalThyroxine_Avg
4.0,6.400543212890625,503.0032653808594,1.6001358032226562,125.75081634521484,MeanCorpuscularHemoglobin_Avg
6.0,6.5185546875,18314.84375,1.08642578125,3052.473876953125,ThyroidStimulatingHormone_Avg
3.0,13.151359558105469,118.72975158691406,4.383786678314209,39.57658386230469,RedCellDistributionWidthCV_Avg
14.0,1409.266357421875,21565.158203125,100.66188049316406,1540.368408203125,LymphocytesPercentage_Max
4.0,4.9416046142578125,349.7666931152344,1.2354011535644531,87.4416732788086,MeanCorpuscularVolume_Max
3.0,9.669456481933594,258.4546203613281,3.2231521606445312,86.15154266357422,MonocytesPercentage_Max
7.0,87.46647644042969,619.093505859375,12.495210647583008,88.44193267822266,MeanPlateletVolume_Min
2.0,1.94775390625,379.4302062988281,0.973876953125,189.71510314941406,MeanCorpuscularVolume_Avg
3.0,435.125,127.46602630615234,145.0416717529297,42.48867416381836,LymphocytesPercentage_Min
9.0,18.52313995361328,13086.158203125,2.05812668800354,1454.017578125,PlateletCount_Avg
