weight,total_gain,total_cover,gain,cover,feature
4.0,42.14647674560547,3205.256103515625,10.536619186401367,801.3140258789062,MeanCorpuscularVolume_Max_acute
