weight,total_gain,total_cover,gain,cover,feature
11.0,45.43600845336914,1752.619384765625,4.1305460929870605,159.32904052734375,index
2.0,8.616323471069336,124.74461364746094,4.308161735534668,62.37230682373047,MeanCorpuscularHemoglobinConcentration_Avg_acute
1.0,4.043734073638916,46.74116134643555,4.043734073638916,46.74116134643555,MeanCorpuscularVolume_Min_acute
1.0,4.053124904632568,51.69050216674805,4.053124904632568,51.69050216674805,EosinophilsPercentage_Min_chronic
9.0,36.89826202392578,607.70556640625,4.099806785583496,67.52284240722656,BasophilsPercentage_Min_chronic
1.0,4.301082611083984,98.38845825195312,4.301082611083984,98.38845825195312,AbsoluteNeutrophilCount_Max_acute
1.0,4.331399917602539,89.27006530761719,4.331399917602539,89.27006530761719,AbsoluteNeutrophilCount_Min_acute
1.0,4.541411399841309,25.26123809814453,4.541411399841309,25.26123809814453,AbsoluteMonocyteCount_Max_acute
1.0,4.325924873352051,18.35664939880371,4.325924873352051,18.35664939880371,MeanPlateletVolume_Avg_acute
10.0,50.21665954589844,515.05224609375,5.021666049957275,51.505226135253906,MeanPlateletVolume_Max_acute
9.0,37.49652099609375,1080.4451904296875,4.166280269622803,120.04946899414062,MeanPlateletVolume_Min_acute
1.0,4.722684383392334,22.879840850830078,4.722684383392334,22.879840850830078,MeanPlateletVolume_Min_chronic
1.0,4.0365118980407715,43.61788558959961,4.0365118980407715,43.61788558959961,Plateletcrit_Max_acute
