weight,total_gain,total_cover,gain,cover,feature
23.0,170.5211639404297,38384.25,7.413963794708252,1668.8804931640625,index
12.0,86.87254333496094,18392.646484375,7.239378452301025,1532.7205810546875,MeanCorpuscularHemoglobinConcentration_Avg_acute
5.0,38.5920524597168,7464.4736328125,7.718410491943359,1492.894775390625,MeanCorpuscularHemoglobinConcentration_Max_acute
1.0,4.514476776123047,1096.989990234375,4.514476776123047,1096.989990234375,WhiteBloodCellCount_Avg_acute
2.0,21.06941795349121,2424.604248046875,10.534708976745605,1212.3021240234375,WhiteBloodCellCount_Max_acute
3.0,14.925264358520508,1059.214599609375,4.975088119506836,353.071533203125,BasophilsPercentage_Avg_acute
4.0,23.97005271911621,1472.8370361328125,5.992513179779053,368.2092590332031,BasophilsPercentage_Min_chronic
5.0,37.257415771484375,3305.46923828125,7.451483249664307,661.0938720703125,AbsoluteNeutrophilCount_Avg_acute
7.0,36.61165237426758,8750.9736328125,5.230236053466797,1250.1390380859375,AbsoluteNeutrophilCount_Max_acute
10.0,72.31936645507812,9294.8623046875,7.231936454772949,929.4862060546875,AbsoluteNeutrophilCount_Min_acute
11.0,79.52867889404297,7784.6171875,7.229879856109619,707.6924438476562,AbsoluteMonocyteCount_Avg_acute
2.0,14.780893325805664,948.670654296875,7.390446662902832,474.3353271484375,AbsoluteMonocyteCount_Max_acute
1.0,6.338871955871582,1325.1533203125,6.338871955871582,1325.1533203125,AbsoluteEosinophilCount_Avg_acute
1.0,5.295543670654297,358.62481689453125,5.295543670654297,358.62481689453125,AbsoluteBasophilCount_Min_chronic
11.0,197.88604736328125,17619.06640625,17.989641189575195,1601.7332763671875,MeanPlateletVolume_Max_acute
9.0,79.27559661865234,15238.30078125,8.808399200439453,1693.14453125,MeanPlateletVolume_Min_acute
1.0,6.075655460357666,369.7705383300781,6.075655460357666,369.7705383300781,MeanPlateletVolume_Max_chronic
1.0,5.142639636993408,1559.7265625,5.142639636993408,1559.7265625,Plateletcrit_Max_acute
2.0,13.06186294555664,2711.69091796875,6.53093147277832,1355.845458984375,RedCellDistributionWidthCV_Min_acute
2.0,10.05968952178955,705.984375,5.029844760894775,352.9921875,RedCellDistributionWidthCV_Min_chronic
9.0,108.3194808959961,11067.044921875,12.035497665405273,1229.671630859375,Ro52_Avg_chronic
1.0,13.308244705200195,1213.2066650390625,13.308244705200195,1213.2066650390625,Ro52_Max_chronic
2.0,13.030766487121582,2797.32958984375,6.515383243560791,1398.664794921875,ThrombinTime_Max_chronic
