weight,total_gain,total_cover,gain,cover,feature
1.0,8.620115280151367,68.09522247314453,8.620115280151367,68.09522247314453,WhiteBloodCellCount_Avg_acute
