weight,total_gain,total_cover,gain,cover,feature
16.0,147.92393493652344,26006.833984375,9.245245933532715,1625.4271240234375,index
13.0,114.53252410888672,19931.28515625,8.81019401550293,1533.17578125,MeanCorpuscularHemoglobinConcentration_Avg_acute
2.0,13.781944274902344,2095.2119140625,6.890972137451172,1047.60595703125,BasophilsPercentage_Min_chronic
7.0,60.323753356933594,4891.0712890625,8.61767864227295,698.7244873046875,AbsoluteNeutrophilCount_Avg_acute
1.0,10.045495986938477,1100.63720703125,10.045495986938477,1100.63720703125,AbsoluteNeutrophilCount_Max_acute
7.0,73.04222869873047,8949.365234375,10.434603691101074,1278.480712890625,AbsoluteNeutrophilCount_Min_acute
7.0,58.99612045288086,3305.285400390625,8.428017616271973,472.1836242675781,AbsoluteMonocyteCount_Avg_acute
1.0,7.157373428344727,1134.0340576171875,7.157373428344727,1134.0340576171875,AbsoluteMonocyteCount_Max_acute
1.0,8.963628768920898,1342.8631591796875,8.963628768920898,1342.8631591796875,AbsoluteEosinophilCount_Avg_acute
9.0,168.59835815429688,13615.0361328125,18.733150482177734,1512.78173828125,MeanPlateletVolume_Max_acute
7.0,89.41563415527344,11529.7080078125,12.773661613464355,1647.1011962890625,MeanPlateletVolume_Min_acute
1.0,9.089231491088867,1305.01416015625,9.089231491088867,1305.01416015625,RedCellDistributionWidthCV_Min_acute
7.0,89.99566650390625,8541.8369140625,12.856523513793945,1220.262451171875,Ro52_Avg_chronic
1.0,13.294229507446289,1213.153564453125,13.294229507446289,1213.153564453125,Ro52_Max_chronic
1.0,7.314260482788086,1383.6004638671875,7.314260482788086,1383.6004638671875,ThrombinTime_Max_chronic
