weight,total_gain,total_cover,gain,cover,feature
1.0,1.0953941345214844,65.6910629272461,1.0953941345214844,65.6910629272461,Hematocrit_Max_preclinical
2.0,1.709019422531128,65.32855224609375,0.854509711265564,32.664276123046875,MeanCorpuscularHemoglobinConcentration_Max_preclinical
26.0,29.702861785888672,1558.7655029296875,1.1424177885055542,59.952518463134766,PlateletCount_Max_acute
39.0,45.86648941040039,1407.935546875,1.1760637760162354,36.10091018676758,WhiteBloodCellCount_Min_preclinical
104.0,209.7632598876953,10048.7158203125,2.0169544219970703,96.62226867675781,MeanCorpuscularHemoglobin_Max_acute
17.0,39.80349349975586,1987.015869140625,2.3413820266723633,116.88328552246094,MeanCorpuscularHemoglobin_Min_acute
2.0,4.6479339599609375,228.8909912109375,2.3239669799804688,114.44549560546875,MeanCorpuscularHemoglobin_Avg_acute
19.0,16.29841423034668,576.7664184570312,0.8578112721443176,30.35612678527832,MeanCorpuscularVolume_Min_acute
30.0,35.30728530883789,1707.3951416015625,1.1769095659255981,56.913169860839844,RedBloodCellCount_Max_preclinical
3.0,3.2389817237854004,166.79922485351562,1.0796605348587036,55.5997428894043,RedBloodCellCount_Min_preclinical
92.0,140.51414489746094,6399.98046875,1.5273276567459106,69.56500244140625,AbsoluteNeutrophilCount_Max_acute
10.0,8.997753143310547,335.8870544433594,0.8997753262519836,33.588706970214844,AbsoluteMonocyteCount_Min_preclinical
3.0,3.316316604614258,203.07424926757812,1.1054388284683228,67.69141387939453,AbsoluteBasophilCount_Max_preclinical
13.0,12.878076553344727,452.23797607421875,0.9906212687492371,34.78753662109375,AbsoluteLymphocyteCount_Avg_acute
23.0,32.55753707885742,1584.46044921875,1.415545105934143,68.88958740234375,EosinophilCountAbsolute_Max_preclinical
16.0,26.65371322631836,1237.295654296875,1.6658570766448975,77.33097839355469,EosinophilCountAbsolute_Min_preclinical
3.0,2.97886323928833,136.31407165527344,0.992954432964325,45.43802261352539,CReactiveProtein_Min_acute
