weight,total_gain,total_cover,gain,cover,feature
1.0,8.255806922912598,1083.4425048828125,8.255806922912598,1083.4425048828125,MonocytesPercentage_Max_acute
8.0,112.70661926269531,19541.28515625,14.088327407836914,2442.66064453125,PlateletCount_Max_acute
1.0,8.189931869506836,2708.850830078125,8.189931869506836,2708.850830078125,PlateletCount_Min_acute
2.0,18.149141311645508,4712.3369140625,9.074570655822754,2356.16845703125,PlateletCount_Min_preclinical
1.0,10.189974784851074,1427.689208984375,10.189974784851074,1427.689208984375,WhiteBloodCellCount_Max_preclinical
7.0,113.54716491699219,24249.93359375,16.221023559570312,3464.276123046875,MeanCorpuscularHemoglobin_Max_acute
4.0,50.216400146484375,12380.462890625,12.554100036621094,3095.11572265625,MeanCorpuscularHemoglobin_Min_acute
1.0,8.593095779418945,2789.13134765625,8.593095779418945,2789.13134765625,BasophilsPercentage_Avg_preclinical
1.0,8.926772117614746,1769.9962158203125,8.926772117614746,1769.9962158203125,AbsoluteNeutrophilCount_Max_acute
1.0,8.185335159301758,2511.1318359375,8.185335159301758,2511.1318359375,AbsoluteMonocyteCount_Max_preclinical
2.0,25.24974250793457,2288.1943359375,12.624871253967285,1144.09716796875,AbsoluteEosinophilCount_Avg_preclinical
3.0,30.378429412841797,8712.470703125,10.126143455505371,2904.156982421875,EosinophilCountAbsolute_Max_preclinical
1.0,10.953025817871094,3007.76025390625,10.953025817871094,3007.76025390625,EosinophilCountAbsolute_Min_preclinical
