{
    "roc_auc": [
        {
            "binary_threshold": 42,
            "fpr": [
                0.0,
                0.0,
                0.0,
                0.06666666666666667,
                0.06666666666666667,
                0.13333333333333333,
                0.13333333333333333,
                0.2,
                0.2,
                0.26666666666666666,
                0.26666666666666666,
                0.4,
                0.4,
                0.4666666666666667,
                0.4666666666666667,
                0.5333333333333333,
                0.5333333333333333,
                0.6,
                0.6,
                0.6666666666666666,
                0.6666666666666666,
                0.7333333333333333,
                0.7333333333333333,
                0.8,
                0.8,
                1.0
            ],
            "tpr": [
                0.0,
                0.02631578947368421,
                0.10526315789473684,
                0.10526315789473684,
                0.15789473684210525,
                0.15789473684210525,
                0.18421052631578946,
                0.18421052631578946,
                0.34210526315789475,
                0.34210526315789475,
                0.42105263157894735,
                0.42105263157894735,
                0.47368421052631576,
                0.47368421052631576,
                0.5526315789473685,
                0.5526315789473685,
                0.6578947368421053,
                0.6578947368421053,
                0.7368421052631579,
                0.7368421052631579,
                0.9473684210526315,
                0.9473684210526315,
                0.9736842105263158,
                0.9736842105263158,
                1.0,
                1.0
            ],
            "thresholds": [
                Infinity,
                834.3897705078125,
                665.0270385742188,
                624.761962890625,
                585.3140869140625,
                581.3558349609375,
                542.763427734375,
                421.2882995605469,
                394.84857177734375,
                369.88922119140625,
                310.1239929199219,
                303.1221008300781,
                290.6358337402344,
                286.3782043457031,
                254.03036499023438,
                247.95550537109375,
                214.10691833496094,
                212.2874298095703,
                149.5679168701172,
                138.76194763183594,
                66.08638000488281,
                61.80140686035156,
                56.81257247924805,
                52.582000732421875,
                26.124629974365234,
                20.666507720947266
            ],
            "roc_auc": 0.5982456140350877
        }
    ],
    "prerec_auc": [
        {
            "binary_threshold": 42,
            "precision": [
                0.7169811320754716,
                0.7307692307692307,
                0.7450980392156863,
                0.76,
                0.7551020408163265,
                0.7708333333333334,
                0.7659574468085106,
                0.782608695652174,
                0.7777777777777778,
                0.7727272727272727,
                0.7674418604651163,
                0.7619047619047619,
                0.7560975609756098,
                0.75,
                0.7435897435897436,
                0.7368421052631579,
                0.7567567567567568,
                0.75,
                0.7428571428571429,
                0.7352941176470589,
                0.7575757575757576,
                0.75,
                0.7419354838709677,
                0.7333333333333333,
                0.7241379310344828,
                0.75,
                0.7407407407407407,
                0.7307692307692307,
                0.72,
                0.75,
                0.7391304347826086,
                0.7272727272727273,
                0.8,
                0.7894736842105263,
                0.7777777777777778,
                0.7647058823529411,
                0.8125,
                0.8,
                0.7857142857142857,
                0.7692307692307693,
                0.75,
                0.7272727272727273,
                0.7,
                0.7777777777777778,
                0.75,
                0.8571428571428571,
                0.8333333333333334,
                0.8,
                1.0,
                1.0,
                1.0,
                1.0,
                1.0
            ],
            "recall": [
                1.0,
                1.0,
                1.0,
                1.0,
                0.9736842105263158,
                0.9736842105263158,
                0.9473684210526315,
                0.9473684210526315,
                0.9210526315789473,
                0.8947368421052632,
                0.868421052631579,
                0.8421052631578947,
                0.8157894736842105,
                0.7894736842105263,
                0.7631578947368421,
                0.7368421052631579,
                0.7368421052631579,
                0.7105263157894737,
                0.6842105263157895,
                0.6578947368421053,
                0.6578947368421053,
                0.631578947368421,
                0.6052631578947368,
                0.5789473684210527,
                0.5526315789473685,
                0.5526315789473685,
                0.5263157894736842,
                0.5,
                0.47368421052631576,
                0.47368421052631576,
                0.4473684210526316,
                0.42105263157894735,
                0.42105263157894735,
                0.39473684210526316,
                0.3684210526315789,
                0.34210526315789475,
                0.34210526315789475,
                0.3157894736842105,
                0.2894736842105263,
                0.2631578947368421,
                0.23684210526315788,
                0.21052631578947367,
                0.18421052631578946,
                0.18421052631578946,
                0.15789473684210525,
                0.15789473684210525,
                0.13157894736842105,
                0.10526315789473684,
                0.10526315789473684,
                0.07894736842105263,
                0.05263157894736842,
                0.02631578947368421,
                0.0
            ],