weight,total_gain,total_cover,gain,cover,feature
5.0,17.564228057861328,911.0196533203125,3.512845516204834,182.2039337158203,index
1.0,2.9594473838806152,45.928199768066406,2.9594473838806152,45.928199768066406,MeanCorpuscularVolume_Min_acute
3.0,10.737119674682617,201.12130737304688,3.5790398120880127,67.04043579101562,BasophilsPercentage_Min_chronic
1.0,3.8222427368164062,82.97169494628906,3.8222427368164062,82.97169494628906,AbsoluteNeutrophilCount_Min_acute
1.0,3.617431640625,86.34221649169922,3.617431640625,86.34221649169922,AbsoluteMonocyteCount_Avg_acute
4.0,15.726051330566406,237.11590576171875,3.9315128326416016,59.27897644042969,MeanPlateletVolume_Max_acute
3.0,11.298124313354492,412.2601013183594,3.7660415172576904,137.42002868652344,MeanPlateletVolume_Min_acute
1.0,2.904019832611084,55.625404357910156,2.904019832611084,55.625404357910156,Plateletcrit_Max_acute
