weight,total_gain,total_cover,gain,cover,feature
2.0,17.304981231689453,35.98622131347656,8.652490615844727,17.99311065673828,NeutrophilsPercentage_Max_acute
2.0,21.58643341064453,45.307132720947266,10.793216705322266,22.653566360473633,AbsoluteNeutrophilCount_Max_acute
2.0,24.595081329345703,31.596372604370117,12.297540664672852,15.798186302185059,AbsoluteNeutrophilCount_Avg_acute
