weight,total_gain,total_cover,gain,cover,feature
3.0,29.698688507080078,1904.09814453125,9.89956283569336,634.6994018554688,PlateletCount_Max_preclinical
1.0,8.766260147094727,740.1390380859375,8.766260147094727,740.1390380859375,PlateletCount_Avg_preclinical
5.0,59.5623779296875,3709.128173828125,11.9124755859375,741.8256225585938,WhiteBloodCellCount_Max_acute
1.0,8.789570808410645,653.7158203125,8.789570808410645,653.7158203125,WhiteBloodCellCount_Min_acute
1.0,10.69830322265625,735.6947021484375,10.69830322265625,735.6947021484375,WhiteBloodCellCount_Avg_acute
