weight,total_gain,total_cover,gain,cover,feature
4.0,25.773035049438477,2320.32666015625,6.443258762359619,580.0816650390625,NeutrophilsPercentage_Max_acute
1.0,5.5190839767456055,576.5153198242188,5.5190839767456055,576.5153198242188,MeanCorpuscularVolume_Max_acute
1.0,6.337018013000488,565.6581420898438,6.337018013000488,565.6581420898438,EosinophilsPercentage_Min_acute
1.0,6.42659854888916,559.8092651367188,6.42659854888916,559.8092651367188,AbsoluteLymphocyteCount_Min_preclinical
2.0,12.95880126953125,1136.676025390625,6.479400634765625,568.3380126953125,PlateletDistributionWidth_Max_preclinical
