weight,total_gain,total_cover,gain,cover,feature
1.0,9.391429901123047,960.8726196289062,9.391429901123047,960.8726196289062,WhiteBloodCellCount_Max_acute
1.0,9.098087310791016,770.2069091796875,9.098087310791016,770.2069091796875,WhiteBloodCellCount_Min_acute
1.0,9.148449897766113,965.908935546875,9.148449897766113,965.908935546875,EosinophilsPercentage_Min_acute
1.0,8.99418830871582,970.8154296875,8.99418830871582,970.8154296875,AbsoluteMonocyteCount_Max_preclinical
2.0,18.828506469726562,1931.3223876953125,9.414253234863281,965.6611938476562,RedCellDistributionWidth_Min_preclinical
