weight,total_gain,total_cover,gain,cover,feature
1.0,1.546630859375,1447.7176513671875,1.546630859375,1447.7176513671875,FirstVisitAge_div_NeutrophilsPercentage_Max
8.0,529.3197021484375,4771.91845703125,66.16496276855469,596.4898071289062,EosinophilsPercentage_Avg_div_WhiteBloodCellCount_Max
4.0,335.095703125,616.94384765625,83.77392578125,154.2359619140625,EosinophilsPercentage_Avg_div_CReactiveProtein_Min
1.0,0.7099609375,1089.1375732421875,0.7099609375,1089.1375732421875,MeanPlateletVolume_Avg
4.0,18.8662109375,2480.718994140625,4.716552734375,620.1797485351562,TotalThyroxine_Avg
1.0,52.044921875,329.5582580566406,52.044921875,329.5582580566406,EosinophilsPercentage_Avg_div_LymphocytesPercentage_Max
10.0,357.65216064453125,19044.033203125,35.76521682739258,1904.4033203125,WhiteBloodCellCount_Max_div_EosinophilsPercentage_Max
2.0,7.5140380859375,6620.78564453125,3.75701904296875,3310.392822265625,EosinophilsPercentage_Avg_div_FirstVisitAge
6.0,18.525634765625,3491.510498046875,3.0876057147979736,581.9183959960938,AbsoluteNeutrophilCount_Max_div_MeanCorpuscularHemoglobin_Max
1.0,1.38671875,6794.173828125,1.38671875,6794.173828125,WhiteBloodCellCount_Max_div_BasophilsPercentage_Avg
1.0,0.608154296875,1358.011474609375,0.608154296875,1358.011474609375,MeanCorpuscularVolume_Max
