weight,total_gain,total_cover,gain,cover,feature
6.0,26.16089630126953,312.95623779296875,4.360149383544922,52.15937423706055,EosinophilsPercentage_Avg_acute
