weight,total_gain,total_cover,gain,cover,feature
4.0,25.138803482055664,332.10638427734375,6.284700870513916,83.02659606933594,EosinophilsPercentage_Min_acute
3.0,19.186779022216797,276.0789794921875,6.395593166351318,92.02632904052734,EosinophilsPercentage_Avg_acute
