weight,total_gain,total_cover,gain,cover,feature
2.0,18.850175857543945,1558.7469482421875,9.425087928771973,779.3734741210938,PlateletCount_Min_preclinical
1.0,8.425649642944336,525.6839599609375,8.425649642944336,525.6839599609375,EosinophilsPercentage_Min_acute
4.0,36.092899322509766,3133.01611328125,9.023224830627441,783.2540283203125,AbsoluteEosinophilCount_Avg_acute
1.0,8.531364440917969,785.8594970703125,8.531364440917969,785.8594970703125,AbsoluteLymphocyteCount_Min_preclinical
1.0,8.498394012451172,290.2442321777344,8.498394012451172,290.2442321777344,MeanPlateletVolume_Max_preclinical
3.0,27.25338363647461,1825.8656005859375,9.084461212158203,608.6218872070312,Plateletcrit_Min_preclinical
