weight,total_gain,total_cover,gain,cover,feature
60.0,1085.37646484375,102498.5390625,18.08960723876953,1708.3089599609375,PlateletCount_Max_acute
7.0,87.35275268554688,11976.26953125,12.478964805603027,1710.8956298828125,PlateletCount_Min_acute
7.0,93.94630432128906,11894.0224609375,13.420900344848633,1699.1461181640625,PlateletCount_Avg_acute
5.0,28.68504524230957,3523.6337890625,5.737009048461914,704.7267456054688,WhiteBloodCellCount_Min_preclinical
59.0,1396.1617431640625,144631.421875,23.663759231567383,2451.380126953125,MeanCorpuscularHemoglobin_Max_acute
27.0,624.6806640625,66461.546875,23.136320114135742,2461.538818359375,MeanCorpuscularHemoglobin_Min_acute
10.0,234.35400390625,24668.42578125,23.435400009155273,2466.842529296875,MeanCorpuscularHemoglobin_Avg_acute
1.0,6.502960205078125,324.21539306640625,6.502960205078125,324.21539306640625,MeanCorpuscularHemoglobin_Max_preclinical
62.0,432.85272216796875,49926.0625,6.981495380401611,805.2590942382812,MeanCorpuscularVolume_Min_acute
4.0,32.508026123046875,4914.18115234375,8.127006530761719,1228.5452880859375,MeanCorpuscularVolume_Avg_acute
2.0,21.407611846923828,3356.65234375,10.703805923461914,1678.326171875,RedBloodCellCount_Max_preclinical
24.0,362.6163635253906,40998.58984375,15.109015464782715,1708.2745361328125,AbsoluteNeutrophilCount_Max_acute
3.0,17.11344337463379,2079.38330078125,5.70448112487793,693.1277465820312,AbsoluteMonocyteCount_Avg_acute
1.0,5.2898101806640625,795.2437133789062,5.2898101806640625,795.2437133789062,AbsoluteMonocyteCount_Min_preclinical
1.0,11.573558807373047,928.89453125,11.573558807373047,928.89453125,AbsoluteEosinophilCount_Min_preclinical
26.0,176.57406616210938,19717.74609375,6.7913103103637695,758.3748779296875,AbsoluteEosinophilCount_Avg_preclinical
1.0,13.514923095703125,2427.04345703125,13.514923095703125,2427.04345703125,EosinophilCountAbsolute_Avg_preclinical
