weight,total_gain,total_cover,gain,cover,feature
4.0,39.76751708984375,2996.9052734375,9.941879272460938,749.226318359375,WhiteBloodCellCount_Max_acute
2.0,19.079345703125,1491.681396484375,9.5396728515625,745.8406982421875,WhiteBloodCellCount_Min_acute
1.0,8.789632797241211,608.428955078125,8.789632797241211,608.428955078125,Hemoglobin_Min_acute
1.0,9.966527938842773,657.2530517578125,9.966527938842773,657.2530517578125,EosinophilsPercentage_Max_preclinical
