weight,total_gain,total_cover,gain,cover,feature
1.0,8.702773094177246,710.8129272460938,8.702773094177246,710.8129272460938,NeutrophilsPercentage_Max_acute
1.0,9.395681381225586,694.2379150390625,9.395681381225586,694.2379150390625,WhiteBloodCellCount_Max_acute
1.0,10.20448112487793,702.9136962890625,10.20448112487793,702.9136962890625,MeanCorpuscularVolume_Max_acute
1.0,11.110960960388184,610.8916015625,11.110960960388184,610.8916015625,BasophilsPercentage_Min_acute
