weight,total_gain,total_cover,gain,cover,feature
40.0,10212.2529296875,2184631.5,255.3063201904297,54615.7890625,EosinophilsPercentage_Avg_div_WhiteBloodCellCount_Max
88.0,15830.185546875,4371259.5,179.8884735107422,49673.40234375,EosinophilsPercentage_Avg_div_CReactiveProtein_Min
54.0,3431.73193359375,2255303.75,63.55059051513672,41764.8828125,EosinophilsPercentage_Avg_div_LymphocytesPercentage_Max
9.0,559.8328857421875,154774.203125,62.20365524291992,17197.1328125,ThyroidStimulatingHormone_Avg
28.0,1815.99560546875,519279.96875,64.85698699951172,18545.712890625,AbsoluteNeutrophilCount_Max_div_MeanCorpuscularHemoglobin_Max
1.0,39.1533203125,11856.2626953125,39.1533203125,11856.2626953125,FirstVisitAge_div_BasophilsPercentage_Avg
6.0,236.14559936523438,72147.515625,39.357601165771484,12024.5859375,LymphocytesPercentage_Max
49.0,2207.443603515625,632168.4375,45.049869537353516,12901.396484375,AbsoluteNeutrophilCount_Max_div_NeutrophilsPercentage_Max
18.0,793.734130859375,692503.1875,44.09634017944336,38472.3984375,WhiteBloodCellCount_Max_div_BasophilsPercentage_Avg
7.0,274.70599365234375,85311.125,39.24371337890625,12187.3037109375,WhiteBloodCellCount_Max_div_FirstVisitAge
