weight,total_gain,total_cover,gain,cover,feature
22.0,172.45465087890625,36864.34765625,7.838847637176514,1675.6522216796875,index
16.0,121.6739730834961,25196.931640625,7.604623317718506,1574.8082275390625,MeanCorpuscularHemoglobinConcentration_Avg_acute
1.0,6.478837966918945,1039.0762939453125,6.478837966918945,1039.0762939453125,WhiteBloodCellCount_Avg_acute
2.0,9.971549034118652,706.1258544921875,4.985774517059326,353.06292724609375,BasophilsPercentage_Avg_acute
4.0,24.249958038330078,1475.9969482421875,6.0624895095825195,368.9992370605469,BasophilsPercentage_Min_chronic
6.0,35.89772033691406,3767.49365234375,5.9829535484313965,627.9155883789062,AbsoluteNeutrophilCount_Avg_acute
1.0,6.0809736251831055,1338.6312255859375,6.0809736251831055,1338.6312255859375,AbsoluteNeutrophilCount_Max_acute
15.0,120.73550415039062,15650.8037109375,8.049033164978027,1043.386962890625,AbsoluteNeutrophilCount_Min_acute
13.0,95.86669921875,8688.03125,7.374361515045166,668.3101196289062,AbsoluteMonocyteCount_Avg_acute
1.0,8.855009078979492,1266.9521484375,8.855009078979492,1266.9521484375,AbsoluteEosinophilCount_Avg_acute
1.0,5.198094367980957,358.1896057128906,5.198094367980957,358.1896057128906,AbsoluteBasophilCount_Min_chronic
11.0,203.31695556640625,17565.123046875,18.483360290527344,1596.829345703125,MeanPlateletVolume_Max_acute
8.0,64.803955078125,13636.3037109375,8.100494384765625,1704.5379638671875,MeanPlateletVolume_Min_acute
1.0,6.075655460357666,369.7705383300781,6.075655460357666,369.7705383300781,MeanPlateletVolume_Max_chronic
1.0,5.256734371185303,1558.9483642578125,5.256734371185303,1558.9483642578125,Plateletcrit_Max_acute
1.0,6.195037841796875,1370.1383056640625,6.195037841796875,1370.1383056640625,RedCellDistributionWidthCV_Min_acute
2.0,10.535799026489258,702.3013305664062,5.267899513244629,351.1506652832031,RedCellDistributionWidthCV_Min_chronic
8.0,99.42562866210938,9800.8271484375,12.428203582763672,1225.1033935546875,Ro52_Avg_chronic
2.0,22.688405990600586,2471.7626953125,11.344202995300293,1235.88134765625,Ro52_Max_chronic
1.0,6.07234001159668,1412.2298583984375,6.07234001159668,1412.2298583984375,ThrombinTime_Max_chronic
