weight,total_gain,total_cover,gain,cover,feature
11.0,97.86536407470703,2524.997314453125,8.896851539611816,229.5452117919922,index
5.0,30.1873779296875,1121.171142578125,6.0374755859375,224.23422241210938,MeanCorpuscularHemoglobinConcentration_Avg_acute
6.0,33.631752014160156,1100.599853515625,5.605291843414307,183.4333038330078,MeanCorpuscularHemoglobinConcentration_Max_acute
12.0,66.277099609375,1737.2586669921875,5.523091793060303,144.7715606689453,BasophilsPercentage_Min_chronic
6.0,37.03225326538086,1223.767333984375,6.172042369842529,203.9612274169922,AbsoluteNeutrophilCount_Max_acute
5.0,32.60654067993164,1179.8843994140625,6.521307945251465,235.9768829345703,AbsoluteNeutrophilCount_Min_acute
10.0,62.40920639038086,879.212890625,6.240920543670654,87.9212875366211,MeanPlateletVolume_Max_acute
8.0,52.183197021484375,1207.94921875,6.522899627685547,150.99365234375,MeanPlateletVolume_Min_acute
3.0,15.330001831054688,341.2008056640625,5.1100006103515625,113.73360443115234,Plateletcrit_Max_acute
