weight,total_gain,total_cover,gain,cover,feature
1.0,4.543771743774414,46.11433792114258,4.543771743774414,46.11433792114258,EosinophilsPercentage_Min_acute
