weight,total_gain,total_cover,gain,cover,feature
3.0,26.002450942993164,48.312828063964844,8.66748332977295,16.104276657104492,NeutrophilsPercentage_Max_acute
3.0,26.23244857788086,57.686824798583984,8.744149208068848,19.228940963745117,MonocytesPercentage_Min_acute
5.0,43.81781005859375,84.52857208251953,8.763562202453613,16.90571403503418,MeanCorpuscularVolume_Max_acute
