weight,total_gain,total_cover,gain,cover,feature
1.0,5.986663818359375,29.533241271972656,5.986663818359375,29.533241271972656,LymphocytesPercentage_Max
4.0,14.37713623046875,881.958984375,3.5942840576171875,220.48974609375,NeutrophilsPercentage_Avg
5.0,23.767242431640625,365.1716003417969,4.753448486328125,73.03431701660156,NeutrophilsPercentage_Min
1.0,0.710693359375,556.7366943359375,0.710693359375,556.7366943359375,MeanCorpuscularHemoglobinConcentration_Avg
1.0,1.840087890625,375.33648681640625,1.840087890625,375.33648681640625,WhiteBloodCellCount_Avg
3.0,4.384765625,9448.50390625,1.4615885019302368,3149.501220703125,WhiteBloodCellCount_Max
27.0,2694.12158203125,39238.2734375,99.78227996826172,1453.2694091796875,EosinophilsPercentage_Avg
8.0,681.1943359375,13209.0419921875,85.1492919921875,1651.1302490234375,EosinophilsPercentage_Max
3.0,224.4912109375,1888.161865234375,74.83040618896484,629.3872680664062,EosinophilsPercentage_Min
8.0,181.6724853515625,4549.564453125,22.709060668945312,568.695556640625,AbsoluteNeutrophilCount_Avg
17.0,559.577392578125,6838.29833984375,32.916316986083984,402.2528381347656,AbsoluteNeutrophilCount_Max
2.0,25.9481201171875,1208.578369140625,12.97406005859375,604.2891845703125,AbsoluteNeutrophilCount_Min
8.0,24.90087890625,1760.5380859375,3.11260986328125,220.0672607421875,AbsoluteMonocyteCount_Avg
2.0,4.97479248046875,1147.476806640625,2.487396240234375,573.7384033203125,AbsoluteMonocyteCount_Max
1.0,64.33837890625,26.12060546875,64.33837890625,26.12060546875,AbsoluteEosinophilCount_Avg
1.0,0.498199462890625,118.51342010498047,0.498199462890625,118.51342010498047,PlateletDistributionWidth_Min
2.0,4.496826171875,1658.650390625,2.2484130859375,829.3251953125,CReactiveProtein_Avg
9.0,21.55029296875,6684.57763671875,2.394476890563965,742.7308349609375,CReactiveProtein_Min
2.0,4.68212890625,69.35281372070312,2.341064453125,34.67640686035156,TotalThyroxine_Avg
2.0,4.30517578125,102.94911193847656,2.152587890625,51.47455596923828,AntiM2_Min
1.0,3.36737060546875,98.4421157836914,3.36737060546875,98.4421157836914,UrineSpecificGravity_Min
