weight,total_gain,total_cover,gain,cover,feature
1.0,7.5138726234436035,795.5469360351562,7.5138726234436035,795.5469360351562,MonocytesPercentage_Max_acute
1.0,7.6730241775512695,798.564697265625,7.6730241775512695,798.564697265625,MonocytesPercentage_Min_acute
1.0,7.934054374694824,741.7718505859375,7.934054374694824,741.7718505859375,MonocytesPercentage_Avg_acute
2.0,16.178312301635742,1593.923583984375,8.089156150817871,796.9617919921875,RedCellDistributionWidthCV_Max_acute
