weight,total_gain,total_cover,gain,cover,feature
3.0,31.4471378326416,2741.253173828125,10.482378959655762,913.7510375976562,NeutrophilsPercentage_Max_acute
2.0,19.597007751464844,1800.28564453125,9.798503875732422,900.142822265625,MeanCorpuscularVolume_Min_preclinical
3.0,31.889896392822266,2751.781494140625,10.629965782165527,917.260498046875,EosinophilsPercentage_Min_acute
2.0,21.018037796020508,1792.56689453125,10.509018898010254,896.283447265625,EosinophilsPercentage_Avg_acute
