weight,total_gain,total_cover,gain,cover,feature
9.0,95.8585205078125,2294.7734375,10.650946617126465,254.97482299804688,index
1.0,4.3973388671875,245.82582092285156,4.3973388671875,245.82582092285156,AbsoluteBasophilCount_Avg_chronic
