weight,total_gain,total_cover,gain,cover,feature
1.0,2.498912811279297,13.088071823120117,2.498912811279297,13.088071823120117,LymphocytesPercentage_Min_acute
4.0,9.274551391601562,49.3858528137207,2.3186378479003906,12.346463203430176,NeutrophilsPercentage_Max_acute
1.0,2.0851821899414062,16.252925872802734,2.0851821899414062,16.252925872802734,PlateletCount_Max_acute
1.0,2.29398775100708,9.203706741333008,2.29398775100708,9.203706741333008,PlateletCount_Avg_acute
1.0,3.3894052505493164,15.317562103271484,3.3894052505493164,15.317562103271484,MeanCorpuscularHemoglobin_Max_acute
2.0,6.259574890136719,61.195579528808594,3.1297874450683594,30.597789764404297,MeanCorpuscularHemoglobin_Min_acute
3.0,10.013477325439453,65.48491668701172,3.3378257751464844,21.828306198120117,MeanCorpuscularHemoglobin_Avg_acute
3.0,6.6714982986450195,51.860477447509766,2.223832845687866,17.28682518005371,MeanCorpuscularVolume_Min_acute
1.0,2.7860565185546875,17.29161262512207,2.7860565185546875,17.29161262512207,AbsoluteNeutrophilCount_Max_acute
1.0,2.6038239002227783,10.036354064941406,2.6038239002227783,10.036354064941406,AbsoluteMonocyteCount_Max_preclinical
