weight,total_gain,total_cover,gain,cover,feature
4.0,22.6513671875,1201.0712890625,5.662841796875,300.267822265625,index
