weight,total_gain,total_cover,gain,cover,feature
2.0,6.3464813232421875,275.502685546875,3.1732406616210938,137.7513427734375,index
3.0,11.327265739440918,35.99159240722656,3.7757551670074463,11.997197151184082,MeanCorpuscularHemoglobin_Min_chronic
8.0,29.441917419433594,96.68111419677734,3.680239677429199,12.085139274597168,MeanCorpuscularVolume_Min_acute
11.0,44.71583938598633,173.1314239501953,4.0650763511657715,15.73922061920166,BasophilsPercentage_Min_chronic
8.0,34.90580749511719,173.80743408203125,4.363225936889648,21.725929260253906,MeanPlateletVolume_Max_acute
20.0,87.91365051269531,821.9690551757812,4.395682334899902,41.098453521728516,MeanPlateletVolume_Min_acute
2.0,7.956987380981445,28.81723403930664,3.9784936904907227,14.40861701965332,Plateletcrit_Max_acute
