weight,total_gain,total_cover,gain,cover,feature
106.0,881.9102172851562,177747.703125,8.319908142089844,1676.8651123046875,index
79.0,651.3680419921875,125795.1796875,8.24516487121582,1592.343994140625,MeanCorpuscularHemoglobinConcentration_Avg_acute
7.0,44.05348205566406,7301.4765625,6.293354511260986,1043.068115234375,WhiteBloodCellCount_Avg_acute
4.0,24.74779510498047,5337.06005859375,6.186948776245117,1334.2650146484375,WhiteBloodCellCount_Max_acute
1.0,5.460355281829834,349.6039733886719,5.460355281829834,349.6039733886719,BasophilsPercentage_Avg_acute
20.0,119.99169158935547,7371.142578125,5.999584674835205,368.55712890625,BasophilsPercentage_Min_chronic
17.0,124.56431579589844,16879.84765625,7.327312469482422,992.9321899414062,AbsoluteNeutrophilCount_Avg_acute
4.0,25.114290237426758,5329.68896484375,6.2785725593566895,1332.4222412109375,AbsoluteNeutrophilCount_Max_acute
80.0,660.2958374023438,80420.6953125,8.253698348999023,1005.2586669921875,AbsoluteNeutrophilCount_Min_acute
51.0,394.05908203125,27854.529296875,7.726648807525635,546.167236328125,AbsoluteMonocyteCount_Avg_acute
10.0,88.69598388671875,12688.052734375,8.869598388671875,1268.8052978515625,AbsoluteEosinophilCount_Avg_acute
4.0,21.17481231689453,1438.8875732421875,5.293703079223633,359.7218933105469,AbsoluteBasophilCount_Min_chronic
55.0,997.2508544921875,87945.0625,18.131834030151367,1599.0010986328125,MeanPlateletVolume_Max_acute
29.0,212.6212615966797,49703.08984375,7.331767559051514,1713.899658203125,MeanPlateletVolume_Min_acute
2.0,12.070621490478516,738.588134765625,6.035310745239258,369.2940673828125,MeanPlateletVolume_Max_chronic
4.0,24.181928634643555,5508.2060546875,6.045482158660889,1377.051513671875,RedCellDistributionWidthCV_Min_acute
7.0,37.29062271118164,2454.92578125,5.3272318840026855,350.70367431640625,RedCellDistributionWidthCV_Min_chronic
44.0,537.0111694335938,53980.46484375,12.20479965209961,1226.8287353515625,Ro52_Avg_chronic
1.0,15.856155395507812,1189.1624755859375,15.856155395507812,1189.1624755859375,Ro52_Max_chronic
