weight,total_gain,total_cover,gain,cover,feature
2.0,16.277362823486328,2033.357666015625,8.138681411743164,1016.6788330078125,WhiteBloodCellCount_Max_acute
