weight,total_gain,total_cover,gain,cover,feature
1.0,0.6162109375,788.9270629882812,0.6162109375,788.9270629882812,NeutrophilsPercentage_Max
34.0,3315.07373046875,42917.03125,97.50216674804688,1262.265625,EosinophilsPercentage_Avg
4.0,365.3642578125,1322.698486328125,91.341064453125,330.67462158203125,EosinophilsPercentage_Max
4.0,317.763671875,5584.078125,79.44091796875,1396.01953125,EosinophilsPercentage_Min
5.0,71.7047119140625,1265.8846435546875,14.3409423828125,253.1769256591797,AbsoluteNeutrophilCount_Avg
25.0,444.60302734375,9912.193359375,17.784120559692383,396.48773193359375,AbsoluteNeutrophilCount_Max
2.0,8.5556640625,1327.3004150390625,4.27783203125,663.6502075195312,AbsoluteNeutrophilCount_Min
