weight,total_gain,total_cover,gain,cover,feature
7.0,75.21695709228516,5380.02490234375,10.745279312133789,768.5750122070312,WhiteBloodCellCount_Max_acute
1.0,9.30317497253418,762.4391479492188,9.30317497253418,762.4391479492188,WhiteBloodCellCount_Min_acute
1.0,9.147974967956543,644.364501953125,9.147974967956543,644.364501953125,MeanCorpuscularHemoglobin_Avg_acute
1.0,8.901810646057129,665.9478759765625,8.901810646057129,665.9478759765625,MeanCorpuscularHemoglobin_Max_preclinical
1.0,9.453960418701172,662.3878784179688,9.453960418701172,662.3878784179688,MeanCorpuscularHemoglobin_Avg_preclinical
2.0,17.83061981201172,1570.42431640625,8.91530990600586,785.212158203125,MeanCorpuscularVolume_Max_acute
1.0,9.378896713256836,648.3827514648438,9.378896713256836,648.3827514648438,MeanCorpuscularVolume_Avg_acute
1.0,10.264558792114258,755.0341186523438,10.264558792114258,755.0341186523438,EosinophilsPercentage_Min_acute
3.0,29.44034194946289,2286.92626953125,9.813446998596191,762.3087768554688,EosinophilsPercentage_Avg_acute
