weight,total_gain,total_cover,gain,cover,feature
4.0,16.14882469177246,85.81816864013672,4.037206172943115,21.45454216003418,MeanCorpuscularVolume_Max_acute
1.0,4.036497116088867,21.065319061279297,4.036497116088867,21.065319061279297,MeanCorpuscularVolume_Min_acute
