weight,total_gain,total_cover,gain,cover,feature
1.0,46.77886962890625,7.831582546234131,46.77886962890625,7.831582546234131,PlateletDistributionWidth_Min
6.0,255.83349609375,114.80756378173828,42.638916015625,19.134593963623047,TotalThyroxine_Avg
1.0,54.40625,1185.410400390625,54.40625,1185.410400390625,EosinophilsPercentage_Avg_div_WhiteBloodCellCount_Max
6.0,1830.5570068359375,31.0673885345459,305.09283447265625,5.177897930145264,EosinophilsPercentage_Avg_div_CReactiveProtein_Min
24.0,4336.978515625,29226.822265625,180.7074432373047,1217.7843017578125,EosinophilsPercentage_Avg_div_AbsoluteNeutrophilCount_Max
3.0,16.6650390625,3759.294677734375,5.555013179779053,1253.0982666015625,WhiteBloodCellCount_Max_div_BasophilsPercentage_Avg
14.0,275.88067626953125,5932.22265625,19.70576286315918,423.7301940917969,FirstVisitAge_div_CReactiveProtein_Min
3.0,69.208251953125,268.02032470703125,23.06941795349121,89.3401107788086,CReactiveProtein_Min_div_PlateletCount_Avg
9.0,31.44921875,19831.10546875,3.4943575859069824,2203.4560546875,WhiteBloodCellCount_Avg_div_BasophilsPercentage_Avg
