weight,total_gain,total_cover,gain,cover,feature
1.0,8.0014009475708,694.4788208007812,8.0014009475708,694.4788208007812,WhiteBloodCellCount_Avg_acute
2.0,21.64411163330078,1568.581787109375,10.82205581665039,784.2908935546875,MeanCorpuscularVolume_Max_acute
6.0,59.19654846191406,4752.65478515625,9.86609172821045,792.109130859375,MeanCorpuscularVolume_Min_acute
1.0,8.689064025878906,365.808837890625,8.689064025878906,365.808837890625,Plateletcrit_Max_acute
4.0,35.63969802856445,3183.1337890625,8.909924507141113,795.783447265625,Nucleosome_Max_acute
1.0,10.90255355834961,774.50830078125,10.90255355834961,774.50830078125,Nucleosome_Avg_acute
