weight,total_gain,total_cover,gain,cover,feature
3.0,16.72119140625,1530.758544921875,5.57373046875,510.2528381347656,index
