weight,total_gain,total_cover,gain,cover,feature
92.0,1601.6883544921875,156356.1875,17.409656524658203,1699.5238037109375,PlateletCount_Max_acute
13.0,75.20148468017578,8980.6484375,5.784729480743408,690.819091796875,WhiteBloodCellCount_Min_preclinical
90.0,2135.165283203125,220878.03125,23.724058151245117,2454.200439453125,MeanCorpuscularHemoglobin_Max_acute
10.0,235.44949340820312,24678.83984375,23.54494857788086,2467.884033203125,MeanCorpuscularHemoglobin_Min_acute
60.0,391.6473388671875,46493.1171875,6.527455806732178,774.8853149414062,MeanCorpuscularVolume_Min_acute
8.0,117.2109603881836,13590.0537109375,14.65137004852295,1698.7567138671875,AbsoluteNeutrophilCount_Max_acute
27.0,167.85340881347656,20136.865234375,6.216793060302734,745.809814453125,AbsoluteEosinophilCount_Avg_preclinical
