{
    "roc_auc": [
        {
            "binary_threshold": 42,
            "fpr": [
                0.0,
                0.125,
                0.125,
                0.125,
                0.125,
                0.25,
                0.25,
                0.5,
                0.5,
                0.625,
                0.625,
                0.75,
                0.75,
                0.875,
                0.875,
                1.0
            ],
            "tpr": [
                0.0,
                0.0,
                0.037037037037037035,
                0.1111111111111111,
                0.18518518518518517,
                0.18518518518518517,
                0.7407407407407407,
                0.7407407407407407,
                0.8888888888888888,
                0.8888888888888888,
                0.9259259259259259,
                0.9259259259259259,
                0.9629629629629629,
                0.9629629629629629,
                1.0,
                1.0
            ],
            "thresholds": [
                Infinity,
                994.2271728515625,
                710.5614013671875,
                622.7131958007812,
                596.7896118164062,
                580.9638061523438,
                279.2117004394531,
                205.26620483398438,
                120.67616271972656,
                112.84991455078125,
                92.47239685058594,
                85.59478759765625,
                65.11799621582031,
                49.759090423583984,
                47.610435485839844,
                21.38326072692871
            ],
            "roc_auc": 0.6805555555555556
        }
    ],
    "prerec_auc": [
        {
            "binary_threshold": 42,
            "precision": [
                0.7714285714285715,
                0.7941176470588235,
                0.7878787878787878,
                0.8125,
                0.8064516129032258,
                0.8333333333333334,
                0.8275862068965517,
                0.8571428571428571,
                0.8518518518518519,
                0.8461538461538461,
                0.84,
                0.8333333333333334,
                0.8695652173913043,
                0.9090909090909091,
                0.9047619047619048,
                0.9,
                0.8947368421052632,
                0.8888888888888888,
                0.8823529411764706,
                0.875,
                0.8666666666666667,
                0.8571428571428571,
                0.8461538461538461,
                0.8333333333333334,
                0.8181818181818182,
                0.8,
                0.7777777777777778,
                0.75,
                0.7142857142857143,
                0.8333333333333334,
                0.8,
                0.75,
                0.5,
                0.0,
                1.0
            ],
            "recall": [
                1.0,
                1.0,
                0.9629629629629629,
                0.9629629629629629,
                0.9259259259259259,
                0.9259259259259259,
                0.8888888888888888,
                0.8888888888888888,
                0.8518518518518519,
                0.8148148148148148,
                0.7777777777777778,
                0.7407407407407407,
                0.7407407407407407,
                0.7407407407407407,
                0.7037037037037037,
                0.6666666666666666,
                0.6296296296296297,
                0.5925925925925926,
                0.5555555555555556,
                0.5185185185185185,
                0.48148148148148145,
                0.4444444444444444,
                0.4074074074074074,
                0.37037037037037035,
                0.3333333333333333,
                0.2962962962962963,
                0.25925925925925924,
                0.2222222222222222,
                0.18518518518518517,
                0.18518518518518517,
                0.14814814814814814,
                0.1111111111111111,
                0.037037037037037035,
                0.0,
                0.0
            ],
            "thresholds": [
                21.38326072692871,
                47.610435485839844,
                49.759090423583984,
                65.11799621582031,
                85.59478759765625,
                92.47239685058594,
                112.84991455078125,
                120.67616271972656,
                126.48574829101562,
                179.51821899414062,
                187.74102783203125,
                205.26620483398438,
                240.3715057373047,
                279.2117004394531,
                280.9201965332031,
                335.26806640625,
                388.2933654785156,
                438.8339538574219,
                453.9101867675781,
                487.29840087890625,
                521.5808715820312,
                534.0061645507812,
                539.5166625976562,
                543.1539306640625,
                564.9851684570312,
                569.9776000976562,
                571.9107055664062,
                579.8719482421875,
                580.9638061523438,
                596.7896118164062,
                615.0172119140625,
                622.7131958007812,
                710.5614013671875,
                994.2271728515625
            ],
            "prerec_auc": 0.8004640534008505
        }
    ]
}