weight,total_gain,total_cover,gain,cover,feature
1.0,7.641151428222656,719.6971435546875,7.641151428222656,719.6971435546875,LymphocytesPercentage_Min_preclinical
1.0,6.157054901123047,891.019287109375,6.157054901123047,891.019287109375,MeanCorpuscularHemoglobinConcentration_Max_acute
1.0,8.00269889831543,248.0712127685547,8.00269889831543,248.0712127685547,PlateletCount_Avg_acute
1.0,6.47149658203125,642.9480590820312,6.47149658203125,642.9480590820312,WhiteBloodCellCount_Max_acute
3.0,21.037485122680664,3049.883544921875,7.012495040893555,1016.6278686523438,WhiteBloodCellCount_Min_acute
1.0,7.447695732116699,1009.8547973632812,7.447695732116699,1009.8547973632812,WhiteBloodCellCount_Avg_acute
1.0,6.903801918029785,715.4559326171875,6.903801918029785,715.4559326171875,EosinophilsPercentage_Min_preclinical
3.0,22.3900203704834,2670.0166015625,7.4633402824401855,890.0055541992188,Plateletcrit_Min_preclinical
3.0,21.119224548339844,2756.80078125,7.039741516113281,918.93359375,CReactiveProtein_Avg_preclinical
