{
    "roc_auc": [
        {
            "binary_threshold": 42,
            "fpr": [
                0.0,
                0.125,
                0.125,
                0.25,
                0.25,
                0.25,
                0.25,
                0.5,
                0.5,
                0.625,
                0.625,
                0.75,
                0.75,
                0.875,
                0.875,
                1.0
            ],
            "tpr": [
                0.0,
                0.0,
                0.037037037037037035,
                0.037037037037037035,
                0.07407407407407407,
                0.14814814814814814,
                0.7777777777777778,
                0.7777777777777778,
                0.8518518518518519,
                0.8518518518518519,
                0.9259259259259259,
                0.9259259259259259,
                0.9629629629629629,
                0.9629629629629629,
                1.0,
                1.0
            ],
            "thresholds": [
                Infinity,
                1084.6864013671875,
                722.0673217773438,
                720.7039794921875,
                695.6287841796875,
                657.5631103515625,
                253.72177124023438,
                219.30917358398438,
                157.99961853027344,
                136.6261444091797,
                106.51536560058594,
                92.83245086669922,
                72.05172729492188,
                59.35683822631836,
                53.253517150878906,
                23.53538703918457
            ],
            "roc_auc": 0.6666666666666667
        }
    ],
    "prerec_auc": [
        {
            "binary_threshold": 42,
            "precision": [
                0.7714285714285715,
                0.7941176470588235,
                0.7878787878787878,
                0.8125,
                0.8064516129032258,
                0.8333333333333334,
                0.8275862068965517,
                0.8214285714285714,
                0.8518518518518519,
                0.8461538461538461,
                0.84,
                0.875,
                0.9130434782608695,
                0.9090909090909091,
                0.9047619047619048,
                0.9,
                0.8947368421052632,
                0.8888888888888888,
                0.8823529411764706,
                0.875,
                0.8666666666666667,
                0.8571428571428571,
                0.8461538461538461,
                0.8333333333333334,
                0.8181818181818182,
                0.8,
                0.7777777777777778,
                0.75,
                0.7142857142857143,
                0.6666666666666666,
                0.5,
                0.3333333333333333,
                0.5,
                0.0,
                1.0
            ],
            "recall": [
                1.0,
                1.0,
                0.9629629629629629,
                0.9629629629629629,
                0.9259259259259259,
                0.9259259259259259,
                0.8888888888888888,
                0.8518518518518519,
                0.8518518518518519,
                0.8148148148148148,
                0.7777777777777778,
                0.7777777777777778,
                0.7777777777777778,
                0.7407407407407407,
                0.7037037037037037,
                0.6666666666666666,
                0.6296296296296297,
                0.5925925925925926,
                0.5555555555555556,
                0.5185185185185185,
                0.48148148148148145,
                0.4444444444444444,
                0.4074074074074074,
                0.37037037037037035,
                0.3333333333333333,
                0.2962962962962963,
                0.25925925925925924,
                0.2222222222222222,
                0.18518518518518517,
                0.14814814814814814,
                0.07407407407407407,
                0.037037037037037035,
                0.037037037037037035,
                0.0,
                0.0
            ],
            "thresholds": [
                23.53538703918457,
                53.253517150878906,
                59.35683822631836,
                72.05172729492188,
                92.83245086669922,
                106.51536560058594,
                134.42611694335938,
                136.6261444091797,
                157.99961853027344,
                172.34535217285156,
                219.30917358398438,
                243.2146759033203,
                253.72177124023438,
                292.042724609375,
                298.7013854980469,
                364.1070861816406,
                411.9403991699219,
                496.4215393066406,
                508.13043212890625,
                521.7594604492188,
                577.5874633789062,
                577.9818725585938,
                594.6646728515625,
                595.1563110351562,
                599.2360229492188,
                607.67431640625,
                610.51611328125,
                622.9940795898438,
                644.0861206054688,
                657.5631103515625,
                695.6287841796875,
                720.7039794921875,
                722.0673217773438,
                1084.6864013671875
            ],
            "prerec_auc": 0.7810771429866759
        }
    ]
}