weight,total_gain,total_cover,gain,cover,feature
1.0,9.235649108886719,1016.8638305664062,9.235649108886719,1016.8638305664062,PlateletCount_Max_preclinical
1.0,8.307100296020508,740.6651000976562,8.307100296020508,740.6651000976562,RedBloodCellCount_Min_preclinical
2.0,17.846893310546875,2070.81689453125,8.923446655273438,1035.408447265625,EosinophilsPercentage_Min_acute
4.0,39.41134262084961,4150.68359375,9.852835655212402,1037.6708984375,EosinophilsPercentage_Avg_acute
1.0,8.51308822631836,342.06646728515625,8.51308822631836,342.06646728515625,RedCellDistributionWidth_Avg_acute
