weight,total_gain,total_cover,gain,cover,feature
19.0,160.0311737060547,31603.7421875,8.422693252563477,1663.3548583984375,index
15.0,123.26447296142578,23209.66796875,8.217631340026855,1547.3111572265625,MeanCorpuscularHemoglobinConcentration_Avg_acute
3.0,18.878433227539062,1115.9923095703125,6.292810916900635,371.9974365234375,BasophilsPercentage_Min_chronic
5.0,39.66730880737305,3312.920166015625,7.933461666107178,662.5840454101562,AbsoluteNeutrophilCount_Avg_acute
1.0,5.909807205200195,1183.95068359375,5.909807205200195,1183.95068359375,AbsoluteNeutrophilCount_Max_acute
13.0,104.81942749023438,14025.078125,8.063033103942871,1078.8521728515625,AbsoluteNeutrophilCount_Min_acute
12.0,91.71150207519531,8243.244140625,7.642625331878662,686.93701171875,AbsoluteMonocyteCount_Avg_acute
1.0,6.43450927734375,476.7176818847656,6.43450927734375,476.7176818847656,AbsoluteMonocyteCount_Max_acute
1.0,9.551971435546875,1258.5001220703125,9.551971435546875,1258.5001220703125,AbsoluteEosinophilCount_Avg_acute
1.0,6.07421875,1412.170654296875,6.07421875,1412.170654296875,AbsoluteEosinophilCount_Min_acute
10.0,189.5769805908203,15933.1826171875,18.957698822021484,1593.3182373046875,MeanPlateletVolume_Max_acute
8.0,74.85604095458984,13496.923828125,9.35700511932373,1687.115478515625,MeanPlateletVolume_Min_acute
1.0,6.071434020996094,369.7705383300781,6.071434020996094,369.7705383300781,MeanPlateletVolume_Max_chronic
1.0,5.540101528167725,349.2137756347656,5.540101528167725,349.2137756347656,RedCellDistributionWidthCV_Min_chronic
8.0,99.90266418457031,9792.3544921875,12.487833023071289,1224.0443115234375,Ro52_Avg_chronic
1.0,13.296802520751953,1213.1702880859375,13.296802520751953,1213.1702880859375,Ro52_Max_chronic
1.0,7.217338562011719,1384.306396484375,7.217338562011719,1384.306396484375,ThrombinTime_Max_chronic
