weight,total_gain,total_cover,gain,cover,feature
2.0,15.074421882629395,2060.90478515625,7.537210941314697,1030.452392578125,MeanCorpuscularHemoglobinConcentration_Max_preclinical
2.0,16.90741729736328,2021.6181640625,8.45370864868164,1010.80908203125,PlateletCount_Min_preclinical
1.0,7.099596977233887,1038.41845703125,7.099596977233887,1038.41845703125,MeanCorpuscularHemoglobin_Max_preclinical
8.0,78.03291320800781,8043.23828125,9.754114151000977,1005.40478515625,MeanCorpuscularVolume_Max_acute
1.0,10.898519515991211,979.0426025390625,10.898519515991211,979.0426025390625,MeanCorpuscularVolume_Min_acute
1.0,10.99994945526123,504.50762939453125,10.99994945526123,504.50762939453125,RedCellDistributionWidth_Min_preclinical
