weight,total_gain,total_cover,gain,cover,feature
18.0,158.84408569335938,29110.248046875,8.824671745300293,1617.2359619140625,index
13.0,115.78621673583984,19890.046875,8.906632423400879,1530.003662109375,MeanCorpuscularHemoglobinConcentration_Avg_acute
3.0,19.763978958129883,2477.52001953125,6.587993144989014,825.8400268554688,BasophilsPercentage_Min_chronic
6.0,44.30457305908203,3656.5732421875,7.384095668792725,609.4288940429688,AbsoluteNeutrophilCount_Avg_acute
1.0,9.482200622558594,1108.7744140625,9.482200622558594,1108.7744140625,AbsoluteNeutrophilCount_Max_acute
9.0,90.05297088623047,10526.05078125,10.00588607788086,1169.5611572265625,AbsoluteNeutrophilCount_Min_acute
8.0,65.98081970214844,3779.830078125,8.247602462768555,472.478759765625,AbsoluteMonocyteCount_Avg_acute
2.0,13.843999862670898,2262.573974609375,6.921999931335449,1131.2869873046875,AbsoluteMonocyteCount_Max_acute
1.0,8.679798126220703,1351.5693359375,8.679798126220703,1351.5693359375,AbsoluteEosinophilCount_Avg_acute
9.0,169.83511352539062,13601.2294921875,18.870567321777344,1511.2476806640625,MeanPlateletVolume_Max_acute
8.0,92.24835968017578,13287.9541015625,11.531044960021973,1660.9942626953125,MeanPlateletVolume_Min_acute
1.0,7.853025436401367,1340.03369140625,7.853025436401367,1340.03369140625,RedCellDistributionWidthCV_Min_acute
7.0,90.95734405517578,8525.4072265625,12.993906021118164,1217.915283203125,Ro52_Avg_chronic
1.0,13.301219940185547,1213.1611328125,13.301219940185547,1213.1611328125,Ro52_Max_chronic
