weight,total_gain,total_cover,gain,cover,feature
1.0,6.024527549743652,814.8074951171875,6.024527549743652,814.8074951171875,LymphocytesPercentage_Max_acute
1.0,6.252872467041016,712.6893920898438,6.252872467041016,712.6893920898438,MeanCorpuscularHemoglobinConcentration_Min_preclinical
9.0,73.80289459228516,9738.08984375,8.200321197509766,1082.010009765625,MeanCorpuscularHemoglobinConcentration_Avg_preclinical
4.0,28.066242218017578,1494.91748046875,7.0165605545043945,373.7293701171875,PlateletCount_Max_acute
1.0,7.630081653594971,369.0690612792969,7.630081653594971,369.0690612792969,WhiteBloodCellCount_Avg_acute
5.0,40.585628509521484,5378.05078125,8.117125511169434,1075.610107421875,MeanCorpuscularHemoglobin_Max_preclinical
2.0,14.856257438659668,1705.1627197265625,7.428128719329834,852.5813598632812,MeanCorpuscularHemoglobin_Min_preclinical
2.0,14.44626235961914,1712.345947265625,7.22313117980957,856.1729736328125,MeanCorpuscularHemoglobin_Avg_preclinical
1.0,9.557125091552734,1046.4656982421875,9.557125091552734,1046.4656982421875,MeanCorpuscularVolume_Max_preclinical
1.0,10.395066261291504,1030.125732421875,10.395066261291504,1030.125732421875,MeanCorpuscularVolume_Min_preclinical
1.0,8.901308059692383,672.72705078125,8.901308059692383,672.72705078125,MeanCorpuscularVolume_Avg_preclinical
2.0,13.162521362304688,2196.87939453125,6.581260681152344,1098.439697265625,AbsoluteNeutrophilCount_Avg_acute
1.0,7.409660816192627,368.4336853027344,7.409660816192627,368.4336853027344,Plateletcrit_Min_acute
3.0,23.897247314453125,2322.646484375,7.965749263763428,774.2155151367188,CReactiveProtein_Min_acute
