weight,total_gain,total_cover,gain,cover,feature
21.0,175.56423950195312,35032.8125,8.360201835632324,1668.2291259765625,index
16.0,130.25173950195312,25394.04296875,8.14073371887207,1587.127685546875,MeanCorpuscularHemoglobinConcentration_Avg_acute
1.0,6.178062438964844,1046.76513671875,6.178062438964844,1046.76513671875,WhiteBloodCellCount_Avg_acute
1.0,6.17567253112793,1337.207275390625,6.17567253112793,1337.207275390625,WhiteBloodCellCount_Max_acute
1.0,5.241283416748047,351.1746520996094,5.241283416748047,351.1746520996094,BasophilsPercentage_Avg_acute
4.0,24.249958038330078,1475.9969482421875,6.0624895095825195,368.9992370605469,BasophilsPercentage_Min_chronic
3.0,21.830657958984375,2869.08642578125,7.276885986328125,956.3621215820312,AbsoluteNeutrophilCount_Avg_acute
1.0,6.453309059143066,1331.14892578125,6.453309059143066,1331.14892578125,AbsoluteNeutrophilCount_Max_acute
15.0,126.87735748291016,15546.9033203125,8.458490371704102,1036.460205078125,AbsoluteNeutrophilCount_Min_acute
11.0,85.5782470703125,6431.30859375,7.779840469360352,584.6644287109375,AbsoluteMonocyteCount_Avg_acute
2.0,17.967561721801758,2533.65380859375,8.983780860900879,1266.826904296875,AbsoluteEosinophilCount_Avg_acute
1.0,5.198094367980957,358.1896057128906,5.198094367980957,358.1896057128906,AbsoluteBasophilCount_Min_chronic
11.0,203.32989501953125,17564.931640625,18.484535217285156,1596.81201171875,MeanPlateletVolume_Max_acute
6.0,47.49890899658203,10240.833984375,7.916484832763672,1706.8056640625,MeanPlateletVolume_Min_acute
1.0,6.075655460357666,369.7705383300781,6.075655460357666,369.7705383300781,MeanPlateletVolume_Max_chronic
1.0,5.8799638748168945,1383.2086181640625,5.8799638748168945,1383.2086181640625,RedCellDistributionWidthCV_Min_acute
1.0,5.5457763671875,349.2137756347656,5.5457763671875,349.2137756347656,RedCellDistributionWidthCV_Min_chronic
8.0,99.9676513671875,9792.5048828125,12.495956420898438,1224.0631103515625,Ro52_Avg_chronic
1.0,13.305839538574219,1213.191162109375,13.305839538574219,1213.191162109375,Ro52_Max_chronic
