weight,total_gain,total_cover,gain,cover,feature
4.0,42.18421936035156,2071.146240234375,10.54605484008789,517.7865600585938,MeanCorpuscularHemoglobinConcentration_Max_acute
4.0,45.863216400146484,6199.07470703125,11.465804100036621,1549.7686767578125,MeanCorpuscularVolume_Avg_acute
11.0,151.99374389648438,17320.10546875,13.817612648010254,1574.5550537109375,MeanCorpuscularVolume_Max_acute
5.0,105.59003448486328,10471.7646484375,21.11800765991211,2094.35302734375,EosinophilsPercentage_Avg_chronic
1.0,13.765990257263184,2154.63037109375,13.765990257263184,2154.63037109375,EosinophilsPercentage_Max_chronic
19.0,352.57379150390625,41225.6796875,18.556514739990234,2169.772705078125,EosinophilsPercentage_Min_chronic
2.0,19.551597595214844,4168.06884765625,9.775798797607422,2084.034423828125,AbsoluteMonocyteCount_Avg_acute
7.0,100.60164642333984,3980.763671875,14.371664047241211,568.6805419921875,PlateletDistributionWidth_Avg_acute
2.0,32.517311096191406,1225.3671875,16.258655548095703,612.68359375,PlateletDistributionWidth_Max_acute
4.0,51.1170539855957,2185.9130859375,12.779263496398926,546.478271484375,PlateletDistributionWidth_Min_acute
4.0,41.92118835449219,8891.8369140625,10.480297088623047,2222.959228515625,RedCellDistributionWidthCV_Avg_chronic
