weight,total_gain,total_cover,gain,cover,feature
1.0,5.937177658081055,72.52708435058594,5.937177658081055,72.52708435058594,MeanCorpuscularHemoglobinConcentration_Max_acute
5.0,29.07038688659668,1082.9681396484375,5.814077377319336,216.5936279296875,MeanCorpuscularVolume_Max_acute
7.0,61.59623336791992,1744.5528564453125,8.79946231842041,249.22183227539062,EosinophilsPercentage_Min_chronic
1.0,6.13463020324707,204.46754455566406,6.13463020324707,204.46754455566406,AbsoluteEosinophilCount_Min_chronic
1.0,8.945713996887207,72.1756591796875,8.945713996887207,72.1756591796875,PlateletDistributionWidth_Avg_acute
2.0,16.676902770996094,226.85853576660156,8.338451385498047,113.42926788330078,PlateletDistributionWidth_Max_acute
1.0,5.365899085998535,129.8247833251953,5.365899085998535,129.8247833251953,RedCellDistributionWidthCV_Avg_chronic
