{
    "roc_auc": [
        {
            "binary_threshold": 42,
            "fpr": [
                0.0,
                0.0,
                0.0,
                0.05263157894736842,
                0.05263157894736842,
                0.10526315789473684,
                0.10526315789473684,
                0.2631578947368421,
                0.2631578947368421,
                0.3157894736842105,
                0.3157894736842105,
                0.5789473684210527,
                0.5789473684210527,
                0.631578947368421,
                0.631578947368421,
                0.8947368421052632,
                0.8947368421052632,
                1.0
            ],
            "tpr": [
                0.0,
                0.05,
                0.4,
                0.4,
                0.45,
                0.45,
                0.55,
                0.55,
                0.6,
                0.6,
                0.65,
                0.65,
                0.7,
                0.7,
                0.95,
                0.95,
                1.0,
                1.0
            ],
            "thresholds": [
                Infinity,
                700.1883544921875,
                261.07843017578125,
                254.37417602539062,
                179.17405700683594,
                159.00440979003906,
                149.156494140625,
                89.17634582519531,
                81.99846649169922,
                70.51819610595703,
                70.16786193847656,
                46.62210464477539,
                41.88262176513672,
                40.417850494384766,
                20.874149322509766,
                13.425877571105957,
                11.634797096252441,
                10.197282791137695
            ],
            "roc_auc": 0.7263157894736841
        }
    ],
    "prerec_auc": [
        {
            "binary_threshold": 42,
            "precision": [
                0.5128205128205128,
                0.5263157894736842,
                0.5405405405405406,
                0.5277777777777778,
                0.5428571428571428,
                0.5588235294117647,
                0.5757575757575758,
                0.59375,
                0.6129032258064516,
                0.6,
                0.5862068965517241,
                0.5714285714285714,
                0.5555555555555556,
                0.5384615384615384,
                0.56,
                0.5416666666666666,
                0.5652173913043478,
                0.5909090909090909,
                0.6190476190476191,
                0.65,
                0.6842105263157895,
                0.6666666666666666,
                0.7058823529411765,
                0.6875,
                0.7333333333333333,
                0.7857142857142857,
                0.8461538461538461,
                0.8333333333333334,
                0.8181818181818182,
                0.9,
                0.8888888888888888,
                1.0,
                1.0,
                1.0,
                1.0,
                1.0,
                1.0,
                1.0,
                1.0,
                1.0
            ],
            "recall": [
                1.0,
                1.0,
                1.0,
                0.95,
                0.95,
                0.95,
                0.95,
                0.95,
                0.95,
                0.9,
                0.85,
                0.8,
                0.75,
                0.7,
                0.7,
                0.65,
                0.65,
                0.65,
                0.65,
                0.65,
                0.65,
                0.6,
                0.6,
                0.55,
                0.55,
                0.55,
                0.55,
                0.5,
                0.45,
                0.45,
                0.4,
                0.4,
                0.35,
                0.3,
                0.25,
                0.2,
                0.15,
                0.1,
                0.05,
                0.0
            ],
            "thresholds": [
                10.197282791137695,
                11.379424095153809,
                11.634797096252441,
                13.425877571105957,
                14.72824478149414,
                14.811210632324219,
                19.61180305480957,
                20.365131378173828,
                20.874149322509766,
                24.98407745361328,
                25.545551300048828,
                31.609127044677734,
                38.634761810302734,
                40.417850494384766,
                41.88262176513672,
                46.62210464477539,
                47.3454475402832,
                48.6583366394043,
                58.307464599609375,
                61.120582580566406,
                70.16786193847656,
                70.51819610595703,
                81.99846649169922,
                89.17634582519531,
                91.21981811523438,
                91.83072662353516,
                149.156494140625,
                155.39447021484375,
                159.00440979003906,
                179.17405700683594,
                254.37417602539062,
                261.07843017578125,
                271.3420104980469,
                300.68841552734375,
                305.4979248046875,
                462.6976318359375,
                554.5416870117188,
                559.8810424804688,
                700.1883544921875
            ],
            "prerec_auc": 0.7952970640534884
        }
    ]
}