{
    "roc_auc": [
        {
            "binary_threshold": 42,
            "fpr": [
                0.0,
                0.05,
                0.05,
                0.1,
                0.1,
                0.15,
                0.15,
                0.2,
                0.2,
                0.25,
                0.25,
                0.3,
                0.3,
                0.35,
                0.35,
                0.45,
                0.45,
                0.55,
                0.55,
                0.6,
                0.6,
                0.65,
                0.65,
                0.7,
                0.7,
                0.75,
                0.75,
                0.9,
                0.9,
                0.95,
                0.95,
                1.0,
                1.0
            ],
            "tpr": [
                0.0,
                0.0,
                0.23636363636363636,
                0.23636363636363636,
                0.2545454545454545,
                0.2545454545454545,
                0.32727272727272727,
                0.32727272727272727,
                0.5454545454545454,
                0.5454545454545454,
                0.5636363636363636,
                0.5636363636363636,
                0.5818181818181818,
                0.5818181818181818,
                0.6,
                0.6,
                0.6909090909090909,
                0.6909090909090909,
                0.8,
                0.8,
                0.8545454545454545,
                0.8545454545454545,
                0.8909090909090909,
                0.8909090909090909,
                0.9090909090909091,
                0.9090909090909091,
                0.9272727272727272,
                0.9272727272727272,
                0.9454545454545454,
                0.9454545454545454,
                0.9818181818181818,
                0.9818181818181818,
                1.0
            ],
            "thresholds": [
                Infinity,
                691.5968627929688,
                401.0811462402344,
                399.60986328125,
                390.9696960449219,
                389.7178039550781,
                360.60662841796875,
                359.4857177734375,
                312.1053161621094,
                312.01678466796875,
                299.5591735839844,
                298.68255615234375,
                294.920654296875,
                291.1687316894531,
                282.7509765625,
                272.9356384277344,
                259.736328125,
                257.2891540527344,
                206.44772338867188,
                204.88784790039062,
                193.16131591796875,
                192.58660888671875,
                182.20777893066406,
                173.40603637695312,
                138.04876708984375,
                135.132568359375,
                133.5730743408203,
                122.76829528808594,
                120.52052307128906,
                118.72573852539062,
                82.8226318359375,
                82.515625,
                71.82659149169922
            ],
            "roc_auc": 0.6627272727272727
        }
    ],
    "prerec_auc": [
        {
            "binary_threshold": 42,
            "precision": [
                0.7333333333333333,
                0.7297297297297297,
                0.7397260273972602,
                0.7361111111111112,
                0.7323943661971831,
                0.7428571428571429,
                0.7391304347826086,
                0.75,
                0.7611940298507462,
                0.7727272727272727,
                0.7692307692307693,
                0.78125,
                0.7777777777777778,
                0.7903225806451613,
                0.7868852459016393,
                0.7833333333333333,
                0.7966101694915254,
                0.7931034482758621,
                0.7894736842105263,
                0.7857142857142857,
                0.8,
                0.7962962962962963,
                0.7924528301886793,
                0.7884615384615384,
                0.7843137254901961,
                0.78,
                0.7755102040816326,
                0.7916666666666666,
                0.8085106382978723,
                0.8043478260869565,
                0.8,
                0.7954545454545454,
                0.7906976744186046,
                0.7857142857142857,
                0.8048780487804879,
                0.825,
                0.8205128205128205,
                0.8421052631578947,
                0.8378378378378378,
                0.8611111111111112,
                0.8571428571428571,
                0.8823529411764706,
                0.8787878787878788,
                0.875,
                0.8709677419354839,
                0.8666666666666667,
                0.8620689655172413,
                0.8571428571428571,
                0.8518518518518519,
                0.8461538461538461,
                0.84,
                0.8333333333333334,
                0.8260869565217391,
                0.8181818181818182,
                0.8571428571428571,
                0.85,
                0.8421052631578947,
                0.8333333333333334,
                0.8235294117647058,
                0.875,
                0.8666666666666667,
                0.9285714285714286,
                0.9230769230769231,
                0.9166666666666666,
                0.9090909090909091,
                0.9,
                0.8888888888888888,
                0.875,
                0.8571428571428571,
                0.8333333333333334,
                0.8,
                0.75,
                0.6666666666666666,
                0.5,
                0.0,
                1.0
            ],