weight,total_gain,total_cover,gain,cover,feature
107.0,885.8829956054688,179856.328125,8.279280662536621,1680.9002685546875,index
80.0,654.014892578125,127749.9453125,8.175186157226562,1596.874267578125,MeanCorpuscularHemoglobinConcentration_Avg_acute
7.0,44.164554595947266,7298.76953125,6.309222221374512,1042.681396484375,WhiteBloodCellCount_Avg_acute
6.0,36.495323181152344,8019.56689453125,6.082553863525391,1336.594482421875,WhiteBloodCellCount_Max_acute
2.0,10.501554489135742,702.260986328125,5.250777244567871,351.1304931640625,BasophilsPercentage_Avg_acute
20.0,119.99169158935547,7371.142578125,5.999584674835205,368.55712890625,BasophilsPercentage_Min_chronic
15.0,110.50359344482422,15302.3466796875,7.36690616607666,1020.1564331054688,AbsoluteNeutrophilCount_Avg_acute
5.0,31.4657039642334,6659.84375,6.293140888214111,1331.96875,AbsoluteNeutrophilCount_Max_acute
81.0,667.239013671875,80736.2890625,8.237518310546875,996.7443237304688,AbsoluteNeutrophilCount_Min_acute
51.0,392.7742614746094,27219.82421875,7.701456069946289,533.7220458984375,AbsoluteMonocyteCount_Avg_acute
10.0,87.73959350585938,12701.1025390625,8.773959159851074,1270.1102294921875,AbsoluteEosinophilCount_Avg_acute
5.0,26.23006248474121,1795.3974609375,5.2460126876831055,359.0794982910156,AbsoluteBasophilCount_Min_chronic
56.0,1010.315673828125,89581.78125,18.041351318359375,1599.6746826171875,MeanPlateletVolume_Max_acute
29.0,201.20925903320312,49866.171875,6.938250541687012,1719.523193359375,MeanPlateletVolume_Min_acute
2.0,12.070621490478516,738.588134765625,6.035310745239258,369.2940673828125,MeanPlateletVolume_Max_chronic
4.0,23.57925796508789,5521.69921875,5.894814491271973,1380.4248046875,RedCellDistributionWidthCV_Min_acute
8.0,42.382896423339844,2807.207763671875,5.2978620529174805,350.9009704589844,RedCellDistributionWidthCV_Min_chronic
45.0,545.7733764648438,55249.33203125,12.128296852111816,1227.762939453125,Ro52_Avg_chronic
1.0,15.856155395507812,1189.1624755859375,15.856155395507812,1189.1624755859375,Ro52_Max_chronic
