weight,total_gain,total_cover,gain,cover,feature
2.0,18.68084716796875,33.662742614746094,9.340423583984375,16.831371307373047,MeanCorpuscularHemoglobinConcentration_Max_acute
3.0,67.41650390625,102.93978881835938,22.47216796875,34.313262939453125,EosinophilsPercentage_Avg_chronic
1.0,20.99285888671875,32.33586120605469,20.99285888671875,32.33586120605469,EosinophilsPercentage_Max_chronic
6.0,168.0482177734375,387.00244140625,28.00803565979004,64.50040435791016,EosinophilsPercentage_Min_chronic
2.0,11.0003662109375,526.3468627929688,5.50018310546875,263.1734313964844,AbsoluteMonocyteCount_Avg_acute
5.0,55.08447265625,2165.54443359375,11.016894340515137,433.10888671875,AbsoluteEosinophilCount_Avg_chronic
1.0,11.9708251953125,111.82231903076172,11.9708251953125,111.82231903076172,AbsoluteEosinophilCount_Max_chronic
6.0,97.72998046875,1590.7376708984375,16.288330078125,265.1229553222656,AbsoluteEosinophilCount_Min_chronic
1.0,4.9178466796875,814.1038208007812,4.9178466796875,814.1038208007812,CReactiveProtein_Min_acute
