weight,total_gain,total_cover,gain,cover,feature
4.0,32.9664306640625,2275.407958984375,8.241607666015625,568.8519897460938,LymphocytesPercentage_Min_preclinical
67.0,798.279052734375,37293.96875,11.914612770080566,556.6264038085938,PlateletCount_Max_acute
10.0,113.58519744873047,5016.61865234375,11.358519554138184,501.661865234375,PlateletCount_Avg_acute
2.0,20.047977447509766,1110.864501953125,10.023988723754883,555.4322509765625,MeanCorpuscularHemoglobin_Max_preclinical
2.0,20.018184661865234,1110.3321533203125,10.009092330932617,555.1660766601562,MeanCorpuscularHemoglobin_Avg_preclinical
6.0,54.821922302246094,2187.64306640625,9.13698673248291,364.607177734375,MeanCorpuscularVolume_Max_preclinical
6.0,51.94340515136719,2259.255859375,8.657234191894531,376.5426330566406,MeanCorpuscularVolume_Min_preclinical
1.0,8.137374877929688,399.3403015136719,8.137374877929688,399.3403015136719,Hemoglobin_Min_acute
8.0,68.7488021850586,4522.98046875,8.593600273132324,565.37255859375,EosinophilCountAbsolute_Max_preclinical
