weight,total_gain,total_cover,gain,cover,feature
1.0,1.4295578002929688,29.415956497192383,1.4295578002929688,29.415956497192383,Hematocrit_Avg_chronic
1.0,0.786529541015625,30.419986724853516,0.786529541015625,30.419986724853516,MeanCorpuscularHemoglobinConcentration_Avg_chronic
1.0,1.6492958068847656,25.793197631835938,1.6492958068847656,25.793197631835938,WhiteBloodCellCount_Max_acute
1.0,0.8665771484375,408.92437744140625,0.8665771484375,408.92437744140625,MeanCorpuscularVolume_Max_acute
2.0,5.439697265625,597.1844482421875,2.7198486328125,298.59222412109375,RedBloodCellCount_Avg_acute
3.0,9.899658203125,1638.5618896484375,3.2998859882354736,546.1873168945312,RedBloodCellCount_Min_acute
2.0,25.1636962890625,186.29420471191406,12.58184814453125,93.14710235595703,EosinophilsPercentage_Min_chronic
2.0,22.259796142578125,54.42291259765625,11.129898071289062,27.211456298828125,AbsoluteNeutrophilCount_Max_chronic
3.0,10.3604736328125,1551.3385009765625,3.4534912109375,517.1128540039062,AbsoluteMonocyteCount_Avg_acute
1.0,1.1507568359375,506.3042297363281,1.1507568359375,506.3042297363281,AbsoluteMonocyteCount_Max_acute
4.0,24.6337890625,2230.3173828125,6.158447265625,557.579345703125,AbsoluteEosinophilCount_Avg_chronic
6.0,63.7574462890625,2393.43701171875,10.626240730285645,398.9061584472656,AbsoluteEosinophilCount_Min_chronic
2.0,8.501708984375,259.1829528808594,4.2508544921875,129.5914764404297,PlateletDistributionWidth_Avg_acute
1.0,4.0391845703125,221.57171630859375,4.0391845703125,221.57171630859375,PlateletDistributionWidth_Min_acute
1.0,1.2835693359375,591.6390380859375,1.2835693359375,591.6390380859375,ThrombinTime_Avg_chronic
2.0,3.7572021484375,935.3312377929688,1.87860107421875,467.6656188964844,ThrombinTime_Max_chronic
1.0,2.6661376953125,726.5359497070312,2.6661376953125,726.5359497070312,ProthrombinTimeINR_Avg_chronic
1.0,2.0296630859375,866.6888427734375,2.0296630859375,866.6888427734375,ProthrombinTimeINR_Min_chronic
