weight,total_gain,total_cover,gain,cover,feature
1.0,3.255931854248047,12.209753036499023,3.255931854248047,12.209753036499023,LymphocytesPercentage_Min_acute
1.0,3.202531337738037,11.214887619018555,3.202531337738037,11.214887619018555,NeutrophilsPercentage_Max_acute
4.0,13.579973220825195,93.62947082519531,3.394993305206299,23.407367706298828,MeanCorpuscularHemoglobin_Max_acute
2.0,6.636144638061523,39.48583221435547,3.3180723190307617,19.742916107177734,MeanCorpuscularHemoglobin_Avg_acute
