weight,total_gain,total_cover,gain,cover,feature
5.0,38.3656120300293,2194.08837890625,7.673122406005859,438.81768798828125,PlateletCount_Max_acute
1.0,7.580841064453125,400.8543395996094,7.580841064453125,400.8543395996094,PlateletCount_Avg_acute
8.0,72.29801177978516,4936.81298828125,9.037251472473145,617.1016235351562,MeanCorpuscularHemoglobin_Max_acute
4.0,38.817604064941406,2437.7138671875,9.704401016235352,609.428466796875,MeanCorpuscularHemoglobin_Min_acute
3.0,26.28050422668457,1844.7283935546875,8.760168075561523,614.9094848632812,MeanCorpuscularHemoglobin_Avg_acute
1.0,6.289124488830566,408.71124267578125,6.289124488830566,408.71124267578125,BasophilsPercentage_Max_preclinical
4.0,30.78473663330078,1649.5343017578125,7.696184158325195,412.3835754394531,AbsoluteNeutrophilCount_Max_acute
