weight,total_gain,total_cover,gain,cover,feature
1.0,0.6162109375,788.9270629882812,0.6162109375,788.9270629882812,NeutrophilsPercentage_Max
33.0,2995.875,42684.30078125,90.78408813476562,1293.463623046875,EosinophilsPercentage_Avg
5.0,447.513671875,1553.457275390625,89.50273132324219,310.69146728515625,EosinophilsPercentage_Max
3.0,200.025390625,5571.0166015625,66.67513275146484,1857.0054931640625,EosinophilsPercentage_Min
5.0,71.702392578125,1305.05517578125,14.340478897094727,261.01104736328125,AbsoluteNeutrophilCount_Avg
22.0,350.1270751953125,9806.916015625,15.914867401123047,445.7689208984375,AbsoluteNeutrophilCount_Max
3.0,27.8095703125,1347.7822265625,9.269856452941895,449.2607421875,AbsoluteNeutrophilCount_Min
