weight,total_gain,total_cover,gain,cover,feature
68.0,1217.8253173828125,115929.3671875,17.909194946289062,1704.8436279296875,PlateletCount_Max_acute
1.0,13.3115234375,1739.556640625,13.3115234375,1739.556640625,PlateletCount_Min_acute
6.0,78.57058715820312,10225.71875,13.095097541809082,1704.2864990234375,PlateletCount_Avg_acute
6.0,34.437931060791016,4284.1376953125,5.739655017852783,714.02294921875,WhiteBloodCellCount_Min_preclinical
70.0,1650.3111572265625,171545.515625,23.57587432861328,2450.650146484375,MeanCorpuscularHemoglobin_Max_acute
20.0,464.56689453125,49261.046875,23.228343963623047,2463.05224609375,MeanCorpuscularHemoglobin_Min_acute
7.0,170.4247589111328,17377.125,24.346393585205078,2482.446533203125,MeanCorpuscularHemoglobin_Avg_acute
64.0,444.13787841796875,51666.97265625,6.939654350280762,807.2964477539062,MeanCorpuscularVolume_Min_acute
4.0,32.55531311035156,4913.96142578125,8.13882827758789,1228.4903564453125,MeanCorpuscularVolume_Avg_acute
2.0,21.31887435913086,3357.90673828125,10.65943717956543,1678.953369140625,RedBloodCellCount_Max_preclinical
23.0,343.0732727050781,38766.8359375,14.916229248046875,1685.5146484375,AbsoluteNeutrophilCount_Max_acute
2.0,11.472341537475586,1331.622802734375,5.736170768737793,665.8114013671875,AbsoluteMonocyteCount_Avg_acute
1.0,11.580726623535156,929.0648803710938,11.580726623535156,929.0648803710938,AbsoluteEosinophilCount_Min_preclinical
26.0,175.59437561035156,19783.267578125,6.753629684448242,760.8948974609375,AbsoluteEosinophilCount_Avg_preclinical
