weight,total_gain,total_cover,gain,cover,feature
25.0,212.40927124023438,42154.99609375,8.496371269226074,1686.1998291015625,index
8.0,67.08881378173828,13052.0546875,8.386101722717285,1631.5068359375,MeanCorpuscularHemoglobinConcentration_Avg_acute
4.0,29.425933837890625,6603.46728515625,7.356483459472656,1650.8668212890625,MeanCorpuscularHemoglobinConcentration_Max_acute
7.0,51.63923263549805,6570.7216796875,7.377033233642578,938.6744995117188,BasophilsPercentage_Min_chronic
2.0,10.452680587768555,516.5574951171875,5.226340293884277,258.27874755859375,AbsoluteNeutrophilCount_Avg_acute
9.0,79.92450714111328,13219.03125,8.880500793457031,1468.78125,AbsoluteNeutrophilCount_Max_acute
11.0,65.73375701904297,13537.619140625,5.975796222686768,1230.692626953125,AbsoluteNeutrophilCount_Min_acute
4.0,24.9632568359375,6747.51220703125,6.240814208984375,1686.8780517578125,AbsoluteMonocyteCount_Avg_acute
1.0,5.045299053192139,1481.963623046875,5.045299053192139,1481.963623046875,AbsoluteEosinophilCount_Min_acute
2.0,20.069303512573242,2520.797119140625,10.034651756286621,1260.3985595703125,AbsoluteEosinophilCount_Min_chronic
1.0,5.282317638397217,360.05792236328125,5.282317638397217,360.05792236328125,AbsoluteBasophilCount_Min_chronic
13.0,229.5051727294922,18685.98828125,17.65424346923828,1437.3836669921875,MeanPlateletVolume_Max_acute
8.0,71.95269775390625,13629.3818359375,8.994087219238281,1703.6727294921875,MeanPlateletVolume_Min_acute
1.0,6.071434020996094,369.7705383300781,6.071434020996094,369.7705383300781,MeanPlateletVolume_Max_chronic
1.0,5.150492191314697,1476.6671142578125,5.150492191314697,1476.6671142578125,RedCellDistributionWidthCV_Min_acute
3.0,18.86855697631836,4323.78662109375,6.2895188331604,1441.26220703125,EosinophilCountAbsolute_Min_acute
6.0,79.96039581298828,7299.0830078125,13.326732635498047,1216.5137939453125,Ro52_Avg_chronic
1.0,13.283931732177734,1213.0867919921875,13.283931732177734,1213.0867919921875,Ro52_Max_chronic
1.0,7.304277420043945,1407.5831298828125,7.304277420043945,1407.5831298828125,ThrombinTime_Max_chronic
