weight,total_gain,total_cover,gain,cover,feature
11.0,132.52005004882812,17951.052734375,12.047277450561523,1631.9139404296875,index
6.0,73.80943298339844,9303.6171875,12.3015718460083,1550.6029052734375,MeanCorpuscularHemoglobinConcentration_Avg_acute
2.0,27.18268585205078,3283.833984375,13.59134292602539,1641.9169921875,BasophilsPercentage_Min_chronic
5.0,75.46165466308594,6118.7109375,15.092330932617188,1223.7421875,AbsoluteNeutrophilCount_Avg_acute
1.0,12.705129623413086,1252.8465576171875,12.705129623413086,1252.8465576171875,AbsoluteNeutrophilCount_Min_acute
1.0,9.62811279296875,470.3034973144531,9.62811279296875,470.3034973144531,AbsoluteMonocyteCount_Avg_acute
9.0,180.2449188232422,12881.7822265625,20.02721405029297,1431.30908203125,MeanPlateletVolume_Max_acute
3.0,39.886009216308594,4929.091796875,13.295336723327637,1643.0306396484375,MeanPlateletVolume_Min_acute
6.0,80.83550262451172,7275.1943359375,13.472583770751953,1212.5323486328125,Ro52_Avg_chronic
1.0,13.287355422973633,1213.1090087890625,13.287355422973633,1213.1090087890625,Ro52_Max_chronic
