weight,total_gain,total_cover,gain,cover,feature
10.0,51.509437561035156,2069.218994140625,5.150943756103516,206.92190551757812,index
5.0,21.994495391845703,995.5873413085938,4.398899078369141,199.11746215820312,MeanCorpuscularHemoglobinConcentration_Avg_acute
3.0,13.878360748291016,484.204833984375,4.626120090484619,161.401611328125,MeanCorpuscularHemoglobinConcentration_Max_acute
1.0,4.210813045501709,77.70207214355469,4.210813045501709,77.70207214355469,MeanCorpuscularHemoglobin_Min_chronic
1.0,4.2084641456604,70.80207824707031,4.2084641456604,70.80207824707031,EosinophilsPercentage_Min_chronic
12.0,52.705204010009766,1497.015869140625,4.3921003341674805,124.7513198852539,BasophilsPercentage_Min_chronic
6.0,27.567977905273438,1140.125,4.594663143157959,190.0208282470703,AbsoluteNeutrophilCount_Max_acute
3.0,12.963172912597656,740.977294921875,4.3210577964782715,246.992431640625,AbsoluteNeutrophilCount_Min_acute
1.0,5.037834167480469,48.40983581542969,5.037834167480469,48.40983581542969,AbsoluteMonocyteCount_Max_acute
13.0,67.48090362548828,1153.6201171875,5.190838813781738,88.74000549316406,MeanPlateletVolume_Max_acute
8.0,40.56563949584961,1383.92041015625,5.070704936981201,172.99005126953125,MeanPlateletVolume_Min_acute
1.0,4.782604217529297,39.52809524536133,4.782604217529297,39.52809524536133,MeanPlateletVolume_Min_chronic
2.0,8.42515754699707,157.9114990234375,4.212578773498535,78.95574951171875,Plateletcrit_Max_acute
