weight,total_gain,total_cover,gain,cover,feature
2.0,8.2935791015625,143.28738403320312,4.14678955078125,71.64369201660156,LymphocytesPercentage_Avg_preclinical
1.0,3.5540771484375,67.7672119140625,3.5540771484375,67.7672119140625,NeutrophilsPercentage_Avg_preclinical
4.0,27.19915771484375,748.0581665039062,6.7997894287109375,187.01454162597656,MonocytesPercentage_Min_acute
1.0,4.47991943359375,124.05644989013672,4.47991943359375,124.05644989013672,MeanCorpuscularHemoglobinConcentration_Min_preclinical
1.0,2.668548583984375,167.4464111328125,2.668548583984375,167.4464111328125,MeanCorpuscularHemoglobinConcentration_Avg_preclinical
4.0,34.696197509765625,387.9951171875,8.674049377441406,96.998779296875,WhiteBloodCellCount_Max_acute
2.0,19.359832763671875,278.6416015625,9.679916381835938,139.32080078125,EosinophilsPercentage_Min_acute
1.0,1.962646484375,307.69927978515625,1.962646484375,307.69927978515625,AbsoluteMonocyteCount_Max_acute
1.0,2.258472442626953,36.93339920043945,2.258472442626953,36.93339920043945,MeanPlateletVolume_Min_acute
2.0,10.006973266601562,64.65231323242188,5.003486633300781,32.32615661621094,PlateletDistributionWidth_Min_preclinical
