weight,total_gain,total_cover,gain,cover,feature
1.0,11.205304145812988,312.2097473144531,11.205304145812988,312.2097473144531,LymphocytesPercentage_Min_preclinical
2.0,16.594684600830078,1497.18798828125,8.297342300415039,748.593994140625,MeanCorpuscularHemoglobinConcentration_Max_preclinical
1.0,8.514734268188477,740.1586303710938,8.514734268188477,740.1586303710938,MeanCorpuscularHemoglobinConcentration_Avg_preclinical
4.0,35.07138442993164,2305.152099609375,8.76784610748291,576.2880249023438,RedBloodCellCount_Min_preclinical
1.0,7.769325256347656,497.74041748046875,7.769325256347656,497.74041748046875,Hemoglobin_Avg_acute
4.0,35.00845718383789,2977.2919921875,8.752114295959473,744.322998046875,RedCellDistributionWidth_Min_preclinical
