weight,total_gain,total_cover,gain,cover,feature
7.0,58.926151275634766,11625.19921875,8.418021202087402,1660.7427978515625,index
2.0,20.408031463623047,3213.20849609375,10.204015731811523,1606.604248046875,MeanCorpuscularHemoglobinConcentration_Avg_acute
1.0,5.0122575759887695,1701.8023681640625,5.0122575759887695,1701.8023681640625,MeanCorpuscularHemoglobinConcentration_Max_acute
2.0,17.835338592529297,2048.87744140625,8.917669296264648,1024.438720703125,BasophilsPercentage_Min_chronic
1.0,4.216139793395996,253.49522399902344,4.216139793395996,253.49522399902344,AbsoluteNeutrophilCount_Avg_acute
3.0,24.61896514892578,3523.94677734375,8.206321716308594,1174.64892578125,AbsoluteNeutrophilCount_Max_acute
3.0,15.884239196777344,3944.11572265625,5.294746398925781,1314.7052001953125,AbsoluteNeutrophilCount_Min_acute
1.0,6.911084175109863,1670.4310302734375,6.911084175109863,1670.4310302734375,AbsoluteMonocyteCount_Avg_acute
3.0,59.456485748291016,4060.6474609375,19.818828582763672,1353.5491943359375,MeanPlateletVolume_Max_acute
3.0,26.99588394165039,5134.1142578125,8.998627662658691,1711.3714599609375,MeanPlateletVolume_Min_acute
1.0,4.051545143127441,1527.656005859375,4.051545143127441,1527.656005859375,RedCellDistributionWidthCV_Min_acute
1.0,5.718066215515137,1459.712158203125,5.718066215515137,1459.712158203125,EosinophilCountAbsolute_Max_acute
2.0,28.703062057495117,2407.98681640625,14.351531028747559,1203.993408203125,Ro52_Avg_chronic
