weight,total_gain,total_cover,gain,cover,feature
1.0,8.586788177490234,1051.0386962890625,8.586788177490234,1051.0386962890625,MonocytesPercentage_Max_acute
8.0,112.70661926269531,19541.28515625,14.088327407836914,2442.66064453125,PlateletCount_Max_acute
1.0,8.298883438110352,2674.290771484375,8.298883438110352,2674.290771484375,PlateletCount_Min_acute
2.0,18.149141311645508,4712.3369140625,9.074570655822754,2356.16845703125,PlateletCount_Min_preclinical
1.0,10.323711395263672,1381.0755615234375,10.323711395263672,1381.0755615234375,WhiteBloodCellCount_Max_preclinical
7.0,113.54716491699219,24249.93359375,16.221023559570312,3464.276123046875,MeanCorpuscularHemoglobin_Max_acute
4.0,50.33388900756836,12347.1123046875,12.58347225189209,3086.778076171875,MeanCorpuscularHemoglobin_Min_acute
1.0,8.593095779418945,2789.13134765625,8.593095779418945,2789.13134765625,BasophilsPercentage_Avg_preclinical
1.0,8.926772117614746,1769.9962158203125,8.926772117614746,1769.9962158203125,AbsoluteNeutrophilCount_Max_acute
1.0,8.256487846374512,2432.1142578125,8.256487846374512,2432.1142578125,AbsoluteMonocyteCount_Max_preclinical
3.0,34.89147186279297,3298.1630859375,11.63049030303955,1099.3876953125,AbsoluteEosinophilCount_Avg_preclinical
3.0,30.378429412841797,8712.470703125,10.126143455505371,2904.156982421875,EosinophilCountAbsolute_Max_preclinical
1.0,10.953025817871094,3007.76025390625,10.953025817871094,3007.76025390625,EosinophilCountAbsolute_Min_preclinical
