weight,total_gain,total_cover,gain,cover,feature
3.0,12.97123908996582,468.77691650390625,4.323746204376221,156.25897216796875,index
1.0,4.401069641113281,92.32556915283203,4.401069641113281,92.32556915283203,MeanCorpuscularHemoglobinConcentration_Avg_acute
3.0,12.060136795043945,186.09800720214844,4.020045757293701,62.03266906738281,BasophilsPercentage_Min_chronic
1.0,3.8769874572753906,98.11156463623047,3.8769874572753906,98.11156463623047,AbsoluteNeutrophilCount_Avg_acute
2.0,9.979574203491211,77.11672973632812,4.9897871017456055,38.55836486816406,MeanPlateletVolume_Max_acute
3.0,12.863943099975586,342.5060119628906,4.287981033325195,114.16867065429688,MeanPlateletVolume_Min_acute
