weight,total_gain,total_cover,gain,cover,feature
2.0,21.03662872314453,1486.54443359375,10.518314361572266,743.272216796875,WhiteBloodCellCount_Min_acute
1.0,9.842595100402832,743.2830200195312,9.842595100402832,743.2830200195312,WhiteBloodCellCount_Avg_acute
