weight,total_gain,total_cover,gain,cover,feature
1.0,0.84423828125,791.1839599609375,0.84423828125,791.1839599609375,Hematocrit_Max
1.0,0.21142578125,285.87030029296875,0.21142578125,285.87030029296875,ProthrombinTime_Avg
1.0,2.99578857421875,61.57842254638672,2.99578857421875,61.57842254638672,NeutrophilsPercentage_Avg
4.0,170.5078125,7825.45458984375,42.626953125,1956.3636474609375,EosinophilsPercentage_Min
1.0,2.8682861328125,140.0916290283203,2.8682861328125,140.0916290283203,NeutrophilsPercentage_Min
2.0,10.205078125,3216.10595703125,5.1025390625,1608.052978515625,AbsoluteEosinophilCount_Min
1.0,3.231689453125,25.519668579101562,3.231689453125,25.519668579101562,CReactiveProtein_Max
3.0,264.068359375,773.5597534179688,88.02278900146484,257.8532409667969,EosinophilsPercentage_Max
11.0,764.00146484375,18244.791015625,69.45468139648438,1658.6173095703125,EosinophilsPercentage_Avg
1.0,45.38623046875,40.10309982299805,45.38623046875,40.10309982299805,AbsoluteEosinophilCount_Avg
4.0,10.15203857421875,1246.083984375,2.5380096435546875,311.52099609375,AbsoluteMonocyteCount_Avg
5.0,57.56103515625,6012.25390625,11.51220703125,1202.4508056640625,AbsoluteNeutrophilCount_Max
1.0,0.651947021484375,42.20907974243164,0.651947021484375,42.20907974243164,AbsoluteNeutrophilCount_Min
5.0,27.8594970703125,4442.69091796875,5.5718994140625,888.5382080078125,AbsoluteNeutrophilCount_Avg
1.0,3.67822265625,149.0228729248047,3.67822265625,149.0228729248047,CReactiveProtein_Avg
10.0,146.35498046875,5976.83935546875,14.635498046875,597.6839599609375,CReactiveProtein_Min
