weight,total_gain,total_cover,gain,cover,feature
1.0,16.814453125,272.153076171875,16.814453125,272.153076171875,LymphocytesPercentage_Max_acute
1.0,5.1015625,715.96044921875,5.1015625,715.96044921875,NeutrophilsPercentage_Max_acute
1.0,4.18359375,5455.23876953125,4.18359375,5455.23876953125,NeutrophilsPercentage_Min_acute
8.0,279.44580078125,8228.7333984375,34.93072509765625,1028.5916748046875,NeutrophilsPercentage_Avg_acute
1.0,1.9111328125,517.8936157226562,1.9111328125,517.8936157226562,WhiteBloodCellCount_Max_acute
1.0,3.04461669921875,29.409252166748047,3.04461669921875,29.409252166748047,WhiteBloodCellCount_Min_acute
3.0,8.4365234375,5057.33984375,2.8121745586395264,1685.7799072265625,MeanCorpuscularVolume_Max_acute
1.0,1.279296875,686.5512084960938,1.279296875,686.5512084960938,MeanCorpuscularVolume_Avg_acute
1.0,0.68603515625,3133.2109375,0.68603515625,3133.2109375,RedBloodCellCount_Max_acute
1.0,2.27734375,1662.08984375,2.27734375,1662.08984375,RedBloodCellCount_Min_acute
1.0,0.46533203125,77.49556732177734,0.46533203125,77.49556732177734,BasophilsPercentage_Avg_acute
1.0,0.3525390625,5109.4453125,0.3525390625,5109.4453125,AbsoluteNeutrophilCount_Max_acute
1.0,0.525390625,3688.59814453125,0.525390625,3688.59814453125,AbsoluteNeutrophilCount_Min_acute
2.0,1.259765625,3987.39501953125,0.6298828125,1993.697509765625,AbsoluteNeutrophilCount_Avg_acute
6.0,162.74169921875,8561.1640625,27.12361717224121,1426.8607177734375,TotalThyroxine_Max_acute
4.0,78.0341796875,7161.6455078125,19.508544921875,1790.411376953125,TotalThyroxine_Min_acute
3.0,110.01025390625,2491.951416015625,36.67008590698242,830.6504516601562,TotalThyroxine_Avg_acute
1.0,44.50439453125,15.08055591583252,44.50439453125,15.08055591583252,Nucleosome_Min_acute
3.0,97.31640625,748.8394775390625,32.43880081176758,249.6131591796875,UrineGlucose_Max_acute
1.0,90.79345703125,19.6586971282959,90.79345703125,19.6586971282959,UrineGlucose_Min_acute
1.0,18.4541015625,207.7179718017578,18.4541015625,207.7179718017578,UrineProtein_Max_acute
1.0,50.0576171875,62.21544647216797,50.0576171875,62.21544647216797,UrineProtein_Avg_acute
