weight,total_gain,total_cover,gain,cover,feature
18.0,150.7255096435547,29905.0859375,8.373639106750488,1661.3936767578125,index
15.0,121.38922882080078,23298.462890625,8.092615127563477,1553.2308349609375,MeanCorpuscularHemoglobinConcentration_Avg_acute
1.0,5.810773849487305,1144.24169921875,5.810773849487305,1144.24169921875,WhiteBloodCellCount_Max_acute
3.0,18.892425537109375,1115.992431640625,6.297475337982178,371.9974670410156,BasophilsPercentage_Min_chronic
5.0,39.95441818237305,3315.2119140625,7.990883827209473,663.0423583984375,AbsoluteNeutrophilCount_Avg_acute
2.0,13.373815536499023,1415.091552734375,6.686907768249512,707.5457763671875,AbsoluteNeutrophilCount_Max_acute
13.0,103.68751525878906,14070.8720703125,7.9759626388549805,1082.374755859375,AbsoluteNeutrophilCount_Min_acute
8.0,64.36624145507812,4442.49267578125,8.045780181884766,555.3115844726562,AbsoluteMonocyteCount_Avg_acute
2.0,14.873062133789062,949.2089233398438,7.436531066894531,474.6044616699219,AbsoluteMonocyteCount_Max_acute
1.0,8.641899108886719,1352.761474609375,8.641899108886719,1352.761474609375,AbsoluteEosinophilCount_Avg_acute
1.0,7.233394622802734,1384.755859375,7.233394622802734,1384.755859375,AbsoluteEosinophilCount_Min_acute
9.0,174.26632690429688,14314.6279296875,19.362924575805664,1590.51416015625,MeanPlateletVolume_Max_acute
8.0,86.70326232910156,13329.583984375,10.837907791137695,1666.197998046875,MeanPlateletVolume_Min_acute
1.0,6.075655460357666,369.7705383300781,6.075655460357666,369.7705383300781,MeanPlateletVolume_Max_chronic
1.0,9.047554016113281,1109.8837890625,9.047554016113281,1109.8837890625,PlateletDistributionWidth_Max_acute
1.0,6.56702995300293,1370.16455078125,6.56702995300293,1370.16455078125,RedCellDistributionWidthCV_Min_acute
8.0,99.99422454833984,9792.390625,12.49927806854248,1224.048828125,Ro52_Avg_chronic
1.0,13.301219940185547,1213.1611328125,13.301219940185547,1213.1611328125,Ro52_Max_chronic
2.0,12.035456657409668,2831.982177734375,6.017728328704834,1415.9910888671875,ThrombinTime_Max_chronic
