weight,total_gain,total_cover,gain,cover,feature
1.0,8.408478736877441,621.4701538085938,8.408478736877441,621.4701538085938,NeutrophilsPercentage_Max_acute
1.0,9.073691368103027,612.9478759765625,9.073691368103027,612.9478759765625,NeutrophilsPercentage_Avg_acute
1.0,7.456209659576416,615.9976806640625,7.456209659576416,615.9976806640625,WhiteBloodCellCount_Max_acute
2.0,20.825822830200195,1480.0986328125,10.412911415100098,740.04931640625,WhiteBloodCellCount_Min_acute
1.0,9.89245891571045,740.5518798828125,9.89245891571045,740.5518798828125,EosinophilsPercentage_Avg_acute
1.0,7.341924667358398,758.6268920898438,7.341924667358398,758.6268920898438,Nucleosome_Max_acute
