weight,total_gain,total_cover,gain,cover,feature
12.0,634.9111328125,2302.755615234375,52.90925979614258,191.89630126953125,LymphocytesPercentage_Max_acute
1.0,51.46630859375,215.4279022216797,51.46630859375,215.4279022216797,LymphocytesPercentage_Avg_acute
29.0,1531.9951171875,4012.20263671875,52.82741928100586,138.35182189941406,NeutrophilsPercentage_Max_acute
7.0,211.5693359375,7700.8408203125,30.224191665649414,1100.1201171875,NeutrophilsPercentage_Min_acute
180.0,6027.1767578125,293340.3125,33.48431396484375,1629.66845703125,NeutrophilsPercentage_Avg_acute
2.0,1.2759933471679688,132.91749572753906,0.6379966735839844,66.45874786376953,WhiteBloodCellCount_Max_acute
2.0,1.86572265625,4537.916015625,0.932861328125,2268.9580078125,MeanCorpuscularVolume_Max_acute
1.0,0.60302734375,1050.8873291015625,0.60302734375,1050.8873291015625,RedBloodCellCount_Max_acute
30.0,494.0771484375,15296.462890625,16.46923828125,509.8821105957031,RedBloodCellCount_Min_acute
174.0,3083.35693359375,175381.09375,17.720441818237305,1007.9373168945312,RedBloodCellCount_Avg_acute
1.0,1.3564453125,4354.06494140625,1.3564453125,4354.06494140625,EosinophilsPercentage_Min_acute
8.0,29.5673828125,12296.875,3.6959228515625,1537.109375,AbsoluteNeutrophilCount_Max_acute
192.0,1649.146484375,281046.25,8.58930492401123,1463.7825927734375,AbsoluteNeutrophilCount_Avg_acute
11.0,33.64453125,14918.17578125,3.05859375,1356.19775390625,AbsoluteMonocyteCount_Max_acute
6.0,7.1455078125,10138.615234375,1.19091796875,1689.7691650390625,AbsoluteMonocyteCount_Min_acute
129.0,609.41015625,150927.1875,4.724109649658203,1169.9781494140625,AbsoluteMonocyteCount_Avg_acute
2.0,4.380882263183594,37.99818420410156,2.190441131591797,18.99909210205078,AbsoluteEosinophilCount_Avg_acute
1.0,0.93701171875,977.560546875,0.93701171875,977.560546875,AbsoluteLymphocyteCount_Avg_acute
6.0,11.507919311523438,218.26870727539062,1.917986512184143,36.378116607666016,MeanPlateletVolume_Min_acute
125.0,321.7154541015625,6359.0185546875,2.573723554611206,50.87214660644531,MeanPlateletVolume_Avg_acute
1.0,2.5166015625,4576.30419921875,2.5166015625,4576.30419921875,TotalThyroxine_Max_acute
