weight,total_gain,total_cover,gain,cover,feature
1.0,9.161151885986328,962.488525390625,9.161151885986328,962.488525390625,WhiteBloodCellCount_Max_acute
2.0,19.155244827270508,1924.8466796875,9.577622413635254,962.42333984375,WhiteBloodCellCount_Min_acute
