weight,total_gain,total_cover,gain,cover,feature
3.0,23.100299835205078,5171.1943359375,7.700099945068359,1723.7314453125,index
1.0,6.644506454467773,538.2200317382812,6.644506454467773,538.2200317382812,NeutrophilsPercentage_Min_acute
3.0,21.048099517822266,4683.8623046875,7.016033172607422,1561.2874755859375,MeanCorpuscularHemoglobinConcentration_Avg_acute
1.0,7.2868757247924805,1338.817626953125,7.2868757247924805,1338.817626953125,WhiteBloodCellCount_Max_acute
1.0,21.379056930541992,1559.2921142578125,21.379056930541992,1559.2921142578125,BasophilsPercentage_Min_chronic
1.0,6.135197639465332,260.605712890625,6.135197639465332,260.605712890625,AbsoluteNeutrophilCount_Max_acute
2.0,15.944210052490234,1664.024658203125,7.972105026245117,832.0123291015625,AbsoluteNeutrophilCount_Min_acute
1.0,6.899721145629883,478.1610412597656,6.899721145629883,478.1610412597656,AbsoluteMonocyteCount_Avg_acute
1.0,6.624882221221924,476.0313720703125,6.624882221221924,476.0313720703125,AbsoluteLymphocyteCount_Avg_acute
2.0,35.163700103759766,3215.1474609375,17.581850051879883,1607.57373046875,MeanPlateletVolume_Max_acute
3.0,29.2110595703125,5035.8310546875,9.737019538879395,1678.6103515625,MeanPlateletVolume_Min_acute
1.0,6.899921417236328,1343.74462890625,6.899921417236328,1343.74462890625,EosinophilCountAbsolute_Avg_acute
1.0,16.882448196411133,661.2887573242188,16.882448196411133,661.2887573242188,CReactiveProtein_Avg_chronic
1.0,14.721942901611328,884.8092651367188,14.721942901611328,884.8092651367188,CReactiveProtein_Max_chronic
1.0,13.215456008911133,1222.79296875,13.215456008911133,1222.79296875,Ro52_Avg_chronic
1.0,9.84797477722168,1260.6890869140625,9.84797477722168,1260.6890869140625,Ro52_Max_chronic
1.0,7.287862777709961,1388.4652099609375,7.287862777709961,1388.4652099609375,ThrombinTime_Avg_chronic
1.0,6.954843521118164,1228.7572021484375,6.954843521118164,1228.7572021484375,ThrombinTime_Max_chronic
