weight,total_gain,total_cover,gain,cover,feature
15.0,133.190673828125,5221.6025390625,8.879378318786621,348.1068420410156,index
5.0,33.7274169921875,1129.019775390625,6.7454833984375,225.803955078125,AbsoluteBasophilCount_Avg_chronic
4.0,34.9681396484375,335.65826416015625,8.742034912109375,83.91456604003906,AbsoluteBasophilCount_Max_chronic
2.0,18.046875,283.4949951171875,9.0234375,141.74749755859375,AbsoluteBasophilCount_Min_chronic
2.0,17.075439453125,67.79654693603516,8.5377197265625,33.89827346801758,MeanPlateletVolume_Avg_acute
2.0,7.63751220703125,53.31348419189453,3.818756103515625,26.656742095947266,MeanPlateletVolume_Max_acute
7.0,50.2567138671875,351.1876525878906,7.179530620574951,50.1696662902832,MeanPlateletVolume_Min_acute
