weight,total_gain,total_cover,gain,cover,feature
23.0,201.33505249023438,15955.2509765625,8.753698348999023,693.70654296875,Hematocrit_Min
20.0,118.49449157714844,36075.3203125,5.924724578857422,1803.7659912109375,LymphocytesPercentage_Min
17.0,101.02008056640625,33260.45703125,5.942357540130615,1956.4974365234375,NeutrophilsPercentage_Max
26.0,154.15859985351562,47679.921875,5.9291768074035645,1833.8431396484375,WhiteBloodCellCount_Max
1.0,8.107807159423828,707.0659790039062,8.107807159423828,707.0659790039062,RedBloodCellCount_Min
75.0,2171.5322265625,190003.140625,28.953763961791992,2533.375244140625,EosinophilsPercentage_Avg
23.0,412.6512451171875,47876.29296875,17.94135856628418,2081.577880859375,EosinophilsPercentage_Max
6.0,160.49160766601562,15680.783203125,26.74860191345215,2613.4638671875,EosinophilsPercentage_Min
2.0,10.043899536132812,3108.78369140625,5.021949768066406,1554.391845703125,BasophilsPercentage_Avg
1.0,12.364736557006836,913.0902099609375,12.364736557006836,913.0902099609375,AbsoluteNeutrophilCount_Avg
38.0,388.8756408691406,30162.49609375,10.233569145202637,793.7498779296875,AbsoluteNeutrophilCount_Max
1.0,10.379616737365723,868.48388671875,10.379616737365723,868.48388671875,AbsoluteNeutrophilCount_Min
3.0,28.08568000793457,2479.52392578125,9.361893653869629,826.5079956054688,AbsoluteMonocyteCount_Avg
3.0,23.765932083129883,1962.809814453125,7.921977519989014,654.2699584960938,PlateletDistributionWidth_Min
15.0,129.2863006591797,10206.4541015625,8.619086265563965,680.4302978515625,Plateletcrit_Max
10.0,56.15245819091797,15666.0390625,5.615245819091797,1566.6038818359375,RedCellDistributionWidth_Min
21.0,128.11077880859375,28695.94140625,6.100513458251953,1366.473388671875,CReactiveProtein_Avg
10.0,82.08389282226562,7047.740234375,8.208389282226562,704.7740478515625,CReactiveProtein_Min
5.0,40.64742660522461,3311.82861328125,8.129485130310059,662.36572265625,UrineSpecificGravity_Avg
