weight,total_gain,total_cover,gain,cover,feature
9.0,76.7155990600586,14944.03125,8.523955345153809,1660.4478759765625,index
7.0,55.37725067138672,10706.46875,7.911036014556885,1529.4954833984375,MeanCorpuscularHemoglobinConcentration_Avg_acute
1.0,8.557449340820312,1584.1248779296875,8.557449340820312,1584.1248779296875,MeanCorpuscularHemoglobinConcentration_Max_acute
1.0,10.062969207763672,1340.08251953125,10.062969207763672,1340.08251953125,WhiteBloodCellCount_Max_acute
2.0,12.625042915344238,743.9189453125,6.312521457672119,371.95947265625,BasophilsPercentage_Min_chronic
4.0,30.073326110839844,3102.92822265625,7.518331527709961,775.7320556640625,AbsoluteNeutrophilCount_Avg_acute
5.0,37.95444107055664,4627.8291015625,7.590888023376465,925.5657958984375,AbsoluteNeutrophilCount_Min_acute
6.0,45.72545623779297,4736.3232421875,7.620909214019775,789.38720703125,AbsoluteMonocyteCount_Avg_acute
1.0,7.29665994644165,474.0931701660156,7.29665994644165,474.0931701660156,AbsoluteMonocyteCount_Max_acute
1.0,9.654176712036133,1259.8521728515625,9.654176712036133,1259.8521728515625,AbsoluteEosinophilCount_Avg_acute
5.0,97.20158386230469,7951.6376953125,19.440317153930664,1590.3275146484375,MeanPlateletVolume_Max_acute
4.0,39.12924575805664,6728.7880859375,9.78231143951416,1682.197021484375,MeanPlateletVolume_Min_acute
2.0,30.799169540405273,2386.834228515625,15.399584770202637,1193.4171142578125,Ro52_Avg_chronic
2.0,22.985313415527344,2465.59912109375,11.492656707763672,1232.799560546875,Ro52_Max_chronic
1.0,7.270597457885742,1386.4827880859375,7.270597457885742,1386.4827880859375,ThrombinTime_Avg_chronic
