weight,total_gain,total_cover,gain,cover,feature
3.0,28.66588592529297,2011.985107421875,9.55529499053955,670.6616821289062,WhiteBloodCellCount_Min_acute
6.0,56.50343704223633,4568.94775390625,9.41723918914795,761.4912719726562,WhiteBloodCellCount_Avg_acute
4.0,38.244544982910156,2761.344482421875,9.561136245727539,690.3361206054688,MeanCorpuscularHemoglobin_Max_acute
2.0,20.718059539794922,1335.8790283203125,10.359029769897461,667.9395141601562,MeanCorpuscularHemoglobin_Avg_acute
2.0,18.179203033447266,1504.631103515625,9.089601516723633,752.3155517578125,MeanCorpuscularHemoglobin_Max_preclinical
