weight,total_gain,total_cover,gain,cover,feature
17.0,177.540771484375,30211.388671875,10.443574905395508,1777.1405029296875,NeutrophilsPercentage_Avg_acute
5.0,38.97834777832031,2139.019287109375,7.7956695556640625,427.8038635253906,MeanCorpuscularHemoglobinConcentration_Min_acute
2.0,6.3700408935546875,1210.4947509765625,3.1850204467773438,605.2473754882812,WhiteBloodCellCount_Min_acute
1.0,7.46051025390625,1430.6798095703125,7.46051025390625,1430.6798095703125,RedBloodCellCount_Min_acute
10.0,92.0985107421875,10357.015625,9.209851264953613,1035.7015380859375,RedBloodCellCount_Avg_acute
3.0,2.3237416744232178,106.53250122070312,0.7745805382728577,35.510833740234375,Hemoglobin_Max_acute
2.0,1.60445237159729,87.52371215820312,0.802226185798645,43.76185607910156,Hemoglobin_Min_acute
9.0,6.941708087921143,369.4196472167969,0.7713009119033813,41.046627044677734,Hemoglobin_Avg_acute
54.0,417.5271911621094,63362.9453125,7.731985092163086,1173.3878173828125,EosinophilsPercentage_Max_acute
5.0,46.48185729980469,8735.9638671875,9.296371459960938,1747.1927490234375,EosinophilsPercentage_Min_acute
1.0,6.7447509765625,2210.840087890625,6.7447509765625,2210.840087890625,EosinophilsPercentage_Avg_acute
41.0,442.8492431640625,67311.296875,10.801200866699219,1641.7388916015625,AbsoluteNeutrophilCount_Avg_acute
2.0,21.17193603515625,2206.126953125,10.585968017578125,1103.0634765625,AbsoluteMonocyteCount_Max_acute
43.0,359.3857421875,32539.13671875,8.357808113098145,756.72412109375,AbsoluteMonocyteCount_Avg_acute
3.0,18.78369140625,3202.14208984375,6.26123046875,1067.3807373046875,CReactiveProtein_Max_acute
7.0,21.20020294189453,3454.946044921875,3.0286004543304443,493.563720703125,CReactiveProtein_Min_acute
27.0,166.26593017578125,32309.55078125,6.1579976081848145,1196.6500244140625,CReactiveProtein_Avg_acute
2.0,14.301666259765625,2251.54052734375,7.1508331298828125,1125.770263671875,TotalThyroxine_Max_acute
