weight,total_gain,total_cover,gain,cover,feature
1.0,3.5271148681640625,29.58698844909668,3.5271148681640625,29.58698844909668,NeutrophilsPercentage_Min_acute
1.0,4.6697998046875,227.18170166015625,4.6697998046875,227.18170166015625,MeanCorpuscularHemoglobinConcentration_Avg_acute
1.0,3.031005859375,313.80908203125,3.031005859375,313.80908203125,MeanCorpuscularHemoglobinConcentration_Max_acute
1.0,1.223876953125,571.536376953125,1.223876953125,571.536376953125,MeanCorpuscularHemoglobinConcentration_Min_acute
1.0,0.5247802734375,400.4717712402344,0.5247802734375,400.4717712402344,WhiteBloodCellCount_Max_acute
1.0,0.5093994140625,562.9092407226562,0.5093994140625,562.9092407226562,BasophilsPercentage_Max_acute
1.0,1.177978515625,280.091064453125,1.177978515625,280.091064453125,AbsoluteNeutrophilCount_Max_acute
1.0,1.1280517578125,601.5430297851562,1.1280517578125,601.5430297851562,AbsoluteMonocyteCount_Max_acute
3.0,22.199951171875,1182.1688232421875,7.399983882904053,394.0562744140625,AbsoluteBasophilCount_Avg_chronic
2.0,28.45721435546875,98.1986312866211,14.228607177734375,49.09931564331055,MeanPlateletVolume_Avg_acute
1.0,10.6861572265625,172.22189331054688,10.6861572265625,172.22189331054688,MeanPlateletVolume_Max_acute
5.0,68.1591796875,771.2470092773438,13.6318359375,154.24940490722656,MeanPlateletVolume_Min_acute
