weight,total_gain,total_cover,gain,cover,feature
46.0,212.90457153320312,6223.35546875,4.628360271453857,135.2903289794922,index
1.0,4.618318557739258,68.00182342529297,4.618318557739258,68.00182342529297,MeanCorpuscularHemoglobinConcentration_Avg_acute
3.0,14.392351150512695,212.41854858398438,4.797450542449951,70.80618286132812,MeanCorpuscularHemoglobinConcentration_Max_acute
2.0,9.21408462524414,87.14067840576172,4.60704231262207,43.57033920288086,MeanCorpuscularVolume_Min_acute
2.0,9.215822219848633,99.03459167480469,4.607911109924316,49.517295837402344,EosinophilsPercentage_Min_chronic
36.0,166.1207275390625,2134.89013671875,4.61446475982666,59.30250549316406,BasophilsPercentage_Min_chronic
8.0,38.25225067138672,651.626953125,4.78153133392334,81.453369140625,AbsoluteNeutrophilCount_Max_acute
39.0,226.2481231689453,1809.9644775390625,5.801233768463135,46.40934371948242,MeanPlateletVolume_Max_acute
37.0,172.83648681640625,3918.80615234375,4.6712565422058105,105.91368103027344,MeanPlateletVolume_Min_acute
1.0,5.851584434509277,20.608558654785156,5.851584434509277,20.608558654785156,MeanPlateletVolume_Min_chronic
