weight,total_gain,total_cover,gain,cover,feature
19.0,164.2994842529297,30844.353515625,8.64734172821045,1623.3870849609375,index
15.0,127.21979522705078,22872.689453125,8.481319427490234,1524.845947265625,MeanCorpuscularHemoglobinConcentration_Avg_acute
3.0,19.282058715820312,2485.16259765625,6.4273529052734375,828.3875122070312,BasophilsPercentage_Min_chronic
6.0,42.489295959472656,3656.18994140625,7.081549167633057,609.364990234375,AbsoluteNeutrophilCount_Avg_acute
11.0,101.08116912841797,12238.25,9.189197540283203,1112.5682373046875,AbsoluteNeutrophilCount_Min_acute
11.0,85.76958465576172,7090.177734375,7.797235012054443,644.5615844726562,AbsoluteMonocyteCount_Avg_acute
1.0,7.048099517822266,1126.4337158203125,7.048099517822266,1126.4337158203125,AbsoluteMonocyteCount_Max_acute
1.0,9.699363708496094,1258.5042724609375,9.699363708496094,1258.5042724609375,AbsoluteEosinophilCount_Avg_acute
10.0,184.63265991210938,15220.3671875,18.463266372680664,1522.0367431640625,MeanPlateletVolume_Max_acute
8.0,82.87986755371094,13402.21484375,10.359983444213867,1675.27685546875,MeanPlateletVolume_Min_acute
1.0,6.075655460357666,369.7705383300781,6.075655460357666,369.7705383300781,MeanPlateletVolume_Max_chronic
7.0,90.95734405517578,8525.4072265625,12.993906021118164,1217.915283203125,Ro52_Avg_chronic
1.0,13.301219940185547,1213.1611328125,13.301219940185547,1213.1611328125,Ro52_Max_chronic
