weight,total_gain,total_cover,gain,cover,feature
11.0,47.31182861328125,1629.5416259765625,4.301075458526611,148.14015197753906,index
2.0,8.560409545898438,168.7406005859375,4.280204772949219,84.37030029296875,MeanCorpuscularHemoglobinConcentration_Avg_acute
9.0,37.65761184692383,568.6939086914062,4.184179306030273,63.18821334838867,BasophilsPercentage_Min_chronic
2.0,8.769264221191406,171.824951171875,4.384632110595703,85.9124755859375,AbsoluteNeutrophilCount_Max_acute
1.0,4.226322174072266,101.8678970336914,4.226322174072266,101.8678970336914,AbsoluteNeutrophilCount_Min_acute
11.0,54.876590728759766,510.76617431640625,4.988780975341797,46.43328857421875,MeanPlateletVolume_Max_acute
8.0,34.805137634277344,958.8585205078125,4.350642204284668,119.85731506347656,MeanPlateletVolume_Min_acute
