weight,total_gain,total_cover,gain,cover,feature
4.0,115.47697448730469,1437.052978515625,28.869243621826172,359.26324462890625,Hematocrit_Avg
46.0,1397.8658447265625,11973.2578125,30.38838768005371,260.2882080078125,Hematocrit_Min
1.0,23.272003173828125,105.45421600341797,23.272003173828125,105.45421600341797,LymphocytesPercentage_Avg
22.0,520.5302734375,23542.216796875,23.66046714782715,1070.1007080078125,LymphocytesPercentage_Min
148.0,3024.8427734375,176127.625,20.438127517700195,1190.051513671875,NeutrophilsPercentage_Max
3.0,20.88671875,1774.3887939453125,6.962239742279053,591.4629516601562,PlateletCount_Avg
3.0,25.436767578125,1655.333740234375,8.478922843933105,551.7778930664062,WhiteBloodCellCount_Avg
1.0,11.029541015625,941.3514404296875,11.029541015625,941.3514404296875,WhiteBloodCellCount_Max
3.0,14.26953125,5820.73681640625,4.756510257720947,1940.24560546875,MeanCorpuscularVolume_Avg
3.0,12.25,7892.50732421875,4.083333492279053,2630.835693359375,MeanCorpuscularVolume_Min
1.0,19.28582763671875,506.88201904296875,19.28582763671875,506.88201904296875,RedBloodCellCount_Min
168.0,17191.87890625,266830.125,102.33261108398438,1588.2745361328125,EosinophilsPercentage_Avg
19.0,424.3228759765625,12760.4873046875,22.332782745361328,671.6046142578125,EosinophilsPercentage_Max
28.0,2754.439453125,38235.18359375,98.37284088134766,1365.542236328125,EosinophilsPercentage_Min
5.0,139.35577392578125,3627.77001953125,27.87115478515625,725.5540161132812,AbsoluteNeutrophilCount_Avg
143.0,3649.5048828125,64987.5546875,25.521013259887695,454.45843505859375,AbsoluteNeutrophilCount_Max
1.0,34.662109375,918.87939453125,34.662109375,918.87939453125,AbsoluteEosinophilCount_Avg
1.0,35.14398193359375,181.62603759765625,35.14398193359375,181.62603759765625,UrineSpecificGravity_Avg
