weight,total_gain,total_cover,gain,cover,feature
4.0,34.44105529785156,4179.78173828125,8.61026382446289,1044.9454345703125,MeanCorpuscularHemoglobinConcentration_Max_preclinical
1.0,8.574566841125488,1041.1119384765625,8.574566841125488,1041.1119384765625,MeanCorpuscularHemoglobinConcentration_Avg_preclinical
