weight,total_gain,total_cover,gain,cover,feature
1.0,0.4269847869873047,21.52901268005371,0.4269847869873047,21.52901268005371,BasophilsPercentage_Avg_chronic
3.0,8.239887237548828,75.09202575683594,2.746628999710083,25.030675888061523,BasophilsPercentage_Min_chronic
3.0,4.6112060546875,755.2243041992188,1.5370687246322632,251.74143981933594,AbsoluteBasophilCount_Avg_chronic
3.0,9.912033081054688,223.00836181640625,3.304011106491089,74.33612060546875,MeanPlateletVolume_Avg_acute
1.0,4.050506591796875,34.81660842895508,4.050506591796875,34.81660842895508,MeanPlateletVolume_Max_acute
4.0,11.092422485351562,528.3524780273438,2.7731056213378906,132.08811950683594,MeanPlateletVolume_Min_acute
