weight,total_gain,total_cover,gain,cover,feature
18.0,154.39793395996094,29888.330078125,8.57766342163086,1660.4627685546875,index
14.0,118.26307678222656,21909.08203125,8.447362899780273,1564.9344482421875,MeanCorpuscularHemoglobinConcentration_Avg_acute
3.0,18.99828338623047,1108.4630126953125,6.332761287689209,369.4876708984375,BasophilsPercentage_Min_chronic
4.0,35.17406463623047,3047.633056640625,8.793516159057617,761.9082641601562,AbsoluteNeutrophilCount_Avg_acute
2.0,12.505885124206543,1443.109375,6.2529425621032715,721.5546875,AbsoluteNeutrophilCount_Max_acute
12.0,101.3148422241211,13686.2294921875,8.442903518676758,1140.5191650390625,AbsoluteNeutrophilCount_Min_acute
9.0,71.1510009765625,5470.9990234375,7.905666828155518,607.8887939453125,AbsoluteMonocyteCount_Avg_acute
2.0,14.827712059020996,948.90771484375,7.413856029510498,474.453857421875,AbsoluteMonocyteCount_Max_acute
1.0,9.694034576416016,1258.4854736328125,9.694034576416016,1258.4854736328125,AbsoluteEosinophilCount_Avg_acute
1.0,6.187495231628418,1411.7088623046875,6.187495231628418,1411.7088623046875,AbsoluteEosinophilCount_Min_acute
10.0,189.5867462158203,15933.0361328125,18.958675384521484,1593.3035888671875,MeanPlateletVolume_Max_acute
7.0,72.48930358886719,11722.33203125,10.35561466217041,1674.618896484375,MeanPlateletVolume_Min_acute
1.0,6.071434020996094,369.7705383300781,6.071434020996094,369.7705383300781,MeanPlateletVolume_Max_chronic
1.0,7.801830291748047,1339.466796875,7.801830291748047,1339.466796875,RedCellDistributionWidthCV_Min_acute
8.0,99.88404846191406,9792.2431640625,12.485506057739258,1224.0303955078125,Ro52_Avg_chronic
1.0,13.294229507446289,1213.153564453125,13.294229507446289,1213.153564453125,Ro52_Max_chronic
1.0,7.224832534790039,1383.793212890625,7.224832534790039,1383.793212890625,ThrombinTime_Max_chronic
