weight,total_gain,total_cover,gain,cover,feature
1.0,8.569324493408203,818.8572387695312,8.569324493408203,818.8572387695312,CReactiveProtein_Avg_acute
