weight,total_gain,total_cover,gain,cover,feature
1.0,6.925668716430664,631.261474609375,6.925668716430664,631.261474609375,NeutrophilsPercentage_Min_acute
1.0,7.017088890075684,754.042236328125,7.017088890075684,754.042236328125,NeutrophilsPercentage_Avg_acute
1.0,7.387451648712158,404.4913330078125,7.387451648712158,404.4913330078125,PlateletCount_Min_preclinical
1.0,6.710659980773926,740.7670288085938,6.710659980773926,740.7670288085938,WhiteBloodCellCount_Min_acute
1.0,6.741999626159668,226.77011108398438,6.741999626159668,226.77011108398438,Hemoglobin_Min_acute
1.0,6.6663923263549805,765.389404296875,6.6663923263549805,765.389404296875,EosinophilsPercentage_Avg_acute
1.0,8.302107810974121,611.9652099609375,8.302107810974121,611.9652099609375,AbsoluteLymphocyteCount_Avg_acute
2.0,15.793824195861816,1511.54248046875,7.896912097930908,755.771240234375,RedCellDistributionWidth_Min_preclinical
