weight,total_gain,total_cover,gain,cover,feature
1.0,54.720703125,114.4295654296875,54.720703125,114.4295654296875,LymphocytesPercentage_Max_acute
5.0,70.57958984375,5290.3857421875,14.115918159484863,1058.0771484375,NeutrophilsPercentage_Max_acute
1.0,4.65234375,5455.23876953125,4.65234375,5455.23876953125,NeutrophilsPercentage_Min_acute
7.0,239.94189453125,8121.61865234375,34.27741241455078,1160.231201171875,NeutrophilsPercentage_Avg_acute
3.0,10.4317626953125,64.79811096191406,3.4772541522979736,21.5993709564209,MonocytesPercentage_Min_acute
1.0,1.03759765625,143.37432861328125,1.03759765625,143.37432861328125,WhiteBloodCellCount_Min_acute
3.0,8.794921875,5902.92041015625,2.931640625,1967.64013671875,MeanCorpuscularVolume_Max_acute
2.0,8.8037109375,3346.1845703125,4.40185546875,1673.09228515625,MeanCorpuscularVolume_Min_acute
3.0,3.5869140625,9074.94921875,1.1956380605697632,3024.983154296875,EosinophilsPercentage_Min_acute
1.0,1.0703125,1888.4879150390625,1.0703125,1888.4879150390625,EosinophilsPercentage_Avg_acute
2.0,1.81298828125,6643.5458984375,0.906494140625,3321.77294921875,AbsoluteNeutrophilCount_Min_acute
1.0,0.775390625,1116.571044921875,0.775390625,1116.571044921875,AbsoluteBasophilCount_Min_acute
5.0,10.450042724609375,420.9061584472656,2.090008497238159,84.18122863769531,CReactiveProtein_Min_acute
1.0,0.249359130859375,204.64866638183594,0.249359130859375,204.64866638183594,CReactiveProtein_Avg_acute
9.0,185.32373046875,14236.455078125,20.59152603149414,1581.828369140625,TotalThyroxine_Max_acute
3.0,87.1376953125,3246.550537109375,29.0458984375,1082.1834716796875,TotalThyroxine_Min_acute
3.0,160.232421875,1142.9393310546875,53.41080856323242,380.9797668457031,TotalThyroxine_Avg_acute
1.0,13.7890625,25.939695358276367,13.7890625,25.939695358276367,AntiSSB_Avg_acute
1.0,19.779296875,552.5802612304688,19.779296875,552.5802612304688,UrineGlucose_Max_acute
1.0,66.1962890625,34.51242446899414,66.1962890625,34.51242446899414,CatDander_Avg_acute
