weight,total_gain,total_cover,gain,cover,feature
9.0,82.82398223876953,14897.515625,9.202664375305176,1655.279541015625,index
5.0,47.50434875488281,7664.8310546875,9.500869750976562,1532.9661865234375,MeanCorpuscularHemoglobinConcentration_Avg_acute
1.0,8.886027336120605,1583.8052978515625,8.886027336120605,1583.8052978515625,MeanCorpuscularHemoglobinConcentration_Max_acute
1.0,10.00967788696289,1338.26171875,10.00967788696289,1338.26171875,WhiteBloodCellCount_Max_acute
2.0,13.242876052856445,2117.13330078125,6.621438026428223,1058.566650390625,BasophilsPercentage_Min_chronic
2.0,16.61258316040039,1545.83203125,8.306291580200195,772.916015625,AbsoluteNeutrophilCount_Avg_acute
4.0,39.025604248046875,4160.71923828125,9.756401062011719,1040.1798095703125,AbsoluteNeutrophilCount_Min_acute
5.0,39.8736686706543,3580.65673828125,7.974733829498291,716.13134765625,AbsoluteMonocyteCount_Avg_acute
1.0,7.294246673583984,474.0936584472656,7.294246673583984,474.0936584472656,AbsoluteMonocyteCount_Max_acute
1.0,9.659460067749023,1259.8717041015625,9.659460067749023,1259.8717041015625,AbsoluteEosinophilCount_Avg_acute
6.0,106.99208068847656,8870.1787109375,17.832014083862305,1478.3631591796875,MeanPlateletVolume_Max_acute
3.0,30.352384567260742,5031.78271484375,10.117461204528809,1677.2608642578125,MeanPlateletVolume_Min_acute
3.0,43.134727478027344,3610.314208984375,14.378242492675781,1203.4381103515625,Ro52_Avg_chronic
1.0,10.678094863891602,1242.14990234375,10.678094863891602,1242.14990234375,Ro52_Max_chronic
