weight,total_gain,total_cover,gain,cover,feature
2.0,18.801971435546875,1535.54443359375,9.400985717773438,767.772216796875,WhiteBloodCellCount_Max_acute
1.0,7.973517417907715,795.0863647460938,7.973517417907715,795.0863647460938,WhiteBloodCellCount_Avg_acute
