weight,total_gain,total_cover,gain,cover,feature
19.0,165.80447387695312,31514.30078125,8.726551055908203,1658.6474609375,index
15.0,128.72084045410156,23434.69140625,8.581389427185059,1562.312744140625,MeanCorpuscularHemoglobinConcentration_Avg_acute
1.0,6.517507553100586,1038.0098876953125,6.517507553100586,1038.0098876953125,WhiteBloodCellCount_Avg_acute
4.0,24.502826690673828,2861.612060546875,6.125706672668457,715.4030151367188,BasophilsPercentage_Min_chronic
5.0,36.44190216064453,4442.6796875,7.2883806228637695,888.5359497070312,AbsoluteNeutrophilCount_Avg_acute
13.0,114.72712707519531,13871.5244140625,8.825163841247559,1067.040283203125,AbsoluteNeutrophilCount_Min_acute
11.0,85.88601684570312,7087.763671875,7.807819843292236,644.3421630859375,AbsoluteMonocyteCount_Avg_acute
2.0,18.805953979492188,2525.4169921875,9.402976989746094,1262.70849609375,AbsoluteEosinophilCount_Avg_acute
11.0,198.32699584960938,16846.90234375,18.029726028442383,1531.53662109375,MeanPlateletVolume_Max_acute
7.0,63.511627197265625,11839.9296875,9.073089599609375,1691.4185791015625,MeanPlateletVolume_Min_acute
1.0,6.075655460357666,369.7705383300781,6.075655460357666,369.7705383300781,MeanPlateletVolume_Max_chronic
1.0,6.545375823974609,1369.50732421875,6.545375823974609,1369.50732421875,RedCellDistributionWidthCV_Min_acute
7.0,90.95734405517578,8525.4072265625,12.993906021118164,1217.915283203125,Ro52_Avg_chronic
1.0,13.301219940185547,1213.1611328125,13.301219940185547,1213.1611328125,Ro52_Max_chronic
1.0,6.097241401672363,1411.6522216796875,6.097241401672363,1411.6522216796875,ThrombinTime_Max_chronic
