weight,total_gain,total_cover,gain,cover,feature
6.0,730.894775390625,6305.91650390625,121.8157958984375,1050.986083984375,LymphocytesPercentage_Avg
8.0,82.09555053710938,877.9532470703125,10.261943817138672,109.74415588378906,MonocytesPercentage_Avg
1.0,0.3740234375,5288.32470703125,0.3740234375,5288.32470703125,TotalThyroxine_Avg
6.0,6.1796875,18317.01953125,1.0299478769302368,3052.836669921875,ThyroidStimulatingHormone_Avg
12.0,846.78271484375,21485.359375,70.56522369384766,1790.4466552734375,LymphocytesPercentage_Max
7.0,39.74778747558594,600.2577514648438,5.678255558013916,85.75110626220703,MeanPlateletVolume_Min
4.0,738.063232421875,174.12371826171875,184.51580810546875,43.53092956542969,LymphocytesPercentage_Min
