weight,total_gain,total_cover,gain,cover,feature
21.0,166.98712158203125,35472.37890625,7.951767921447754,1689.160888671875,index
16.0,122.9928207397461,25179.806640625,7.687051296234131,1573.7379150390625,MeanCorpuscularHemoglobinConcentration_Avg_acute
1.0,6.430612564086914,1046.1636962890625,6.430612564086914,1046.1636962890625,WhiteBloodCellCount_Avg_acute
1.0,5.2266082763671875,351.17437744140625,5.2266082763671875,351.17437744140625,BasophilsPercentage_Avg_acute
4.0,24.29233741760254,1477.8509521484375,6.073084354400635,369.4627380371094,BasophilsPercentage_Min_chronic
6.0,42.066341400146484,3662.556640625,7.011056900024414,610.4260864257812,AbsoluteNeutrophilCount_Avg_acute
1.0,5.834708213806152,1344.03955078125,5.834708213806152,1344.03955078125,AbsoluteNeutrophilCount_Max_acute
15.0,115.53474426269531,15728.0576171875,7.7023162841796875,1048.5372314453125,AbsoluteNeutrophilCount_Min_acute
12.0,91.05156707763672,7601.5048828125,7.587630748748779,633.458740234375,AbsoluteMonocyteCount_Avg_acute
1.0,8.454534530639648,1275.0985107421875,8.454534530639648,1275.0985107421875,AbsoluteEosinophilCount_Avg_acute
1.0,8.819181442260742,1266.894287109375,8.819181442260742,1266.894287109375,AbsoluteEosinophilCount_Min_acute
1.0,5.191641807556152,358.18927001953125,5.191641807556152,358.18927001953125,AbsoluteBasophilCount_Min_chronic
11.0,203.1877899169922,17564.8125,18.471616744995117,1596.8011474609375,MeanPlateletVolume_Max_acute
8.0,64.60940551757812,13646.73046875,8.076175689697266,1705.84130859375,MeanPlateletVolume_Min_acute
1.0,6.062795162200928,369.7704162597656,6.062795162200928,369.7704162597656,MeanPlateletVolume_Max_chronic
1.0,6.294836044311523,1369.800048828125,6.294836044311523,1369.800048828125,RedCellDistributionWidthCV_Min_acute
2.0,10.506851196289062,702.30078125,5.253425598144531,351.150390625,RedCellDistributionWidthCV_Min_chronic
7.0,90.8590087890625,8525.5380859375,12.9798583984375,1217.9339599609375,Ro52_Avg_chronic
2.0,22.65617561340332,2471.7099609375,11.32808780670166,1235.85498046875,Ro52_Max_chronic
2.0,13.546759605407715,2796.6064453125,6.773379802703857,1398.30322265625,ThrombinTime_Max_chronic
