weight,total_gain,total_cover,gain,cover,feature
4.0,32.1722412109375,774.8770141601562,8.043060302734375,193.71925354003906,index
1.0,5.9638671875,125.18179321289062,5.9638671875,125.18179321289062,AbsoluteBasophilCount_Avg_chronic
