weight,total_gain,total_cover,gain,cover,feature
1.0,9.815216064453125,212.3135986328125,9.815216064453125,212.3135986328125,FirstVisitAge
1.0,7.743209362030029,1028.791748046875,7.743209362030029,1028.791748046875,PlateletCount_Max_acute
1.0,9.71967887878418,986.9144287109375,9.71967887878418,986.9144287109375,WhiteBloodCellCount_Max_acute
5.0,59.4604377746582,4988.1044921875,11.892087936401367,997.6209106445312,EosinophilsPercentage_Min_acute
12.0,150.2174835205078,11928.7529296875,12.518123626708984,994.062744140625,EosinophilsPercentage_Avg_acute
1.0,10.816486358642578,982.507568359375,10.816486358642578,982.507568359375,AbsoluteNeutrophilCount_Max_acute
