weight,total_gain,total_cover,gain,cover,feature
5.0,54.14697265625,8430.1181640625,10.829394340515137,1686.023681640625,index
1.0,14.38413143157959,884.8092651367188,14.38413143157959,884.8092651367188,Hematocrit_Min_chronic
3.0,31.140716552734375,4462.07666015625,10.38023853302002,1487.35888671875,MeanCorpuscularHemoglobinConcentration_Avg_acute
1.0,12.750774383544922,1242.627197265625,12.750774383544922,1242.627197265625,WhiteBloodCellCount_Max_acute
2.0,30.09395980834961,3267.75244140625,15.046979904174805,1633.876220703125,BasophilsPercentage_Min_chronic
1.0,11.71702766418457,1269.22900390625,11.71702766418457,1269.22900390625,AbsoluteNeutrophilCount_Avg_acute
1.0,9.649142265319824,1579.135986328125,9.649142265319824,1579.135986328125,AbsoluteNeutrophilCount_Min_acute
1.0,8.999166488647461,474.1106872558594,8.999166488647461,474.1106872558594,AbsoluteMonocyteCount_Avg_acute
1.0,8.514095306396484,1118.5865478515625,8.514095306396484,1118.5865478515625,AbsoluteMonocyteCount_Max_acute
1.0,16.657859802246094,1605.699462890625,16.657859802246094,1605.699462890625,MeanPlateletVolume_Avg_acute
6.0,91.09183502197266,9050.017578125,15.18197250366211,1508.3363037109375,MeanPlateletVolume_Max_acute
1.0,15.690142631530762,1619.670654296875,15.690142631530762,1619.670654296875,MeanPlateletVolume_Min_acute
1.0,17.725143432617188,707.87939453125,17.725143432617188,707.87939453125,MeanPlateletVolume_Avg_chronic
1.0,9.780824661254883,1271.8885498046875,9.780824661254883,1271.8885498046875,EosinophilCountAbsolute_Avg_acute
2.0,24.278106689453125,2474.52294921875,12.139053344726562,1237.261474609375,Ro52_Avg_chronic
1.0,12.928855895996094,1220.8348388671875,12.928855895996094,1220.8348388671875,Ro52_Min_chronic
2.0,18.375885009765625,2671.8876953125,9.187942504882812,1335.94384765625,ThrombinTime_Max_chronic
