weight,total_gain,total_cover,gain,cover,feature
12.0,397.447998046875,1882.2454833984375,33.12066650390625,156.85379028320312,index
1.0,4.503106594085693,11.042526245117188,4.503106594085693,11.042526245117188,LymphocytesPercentage_Max_acute
1.0,4.836818695068359,13.464201927185059,4.836818695068359,13.464201927185059,MonocytesPercentage_Avg_acute
1.0,53.900390625,24.63411521911621,53.900390625,24.63411521911621,MeanCorpuscularHemoglobinConcentration_Avg_acute
10.0,238.31317138671875,1621.4852294921875,23.831317901611328,162.14852905273438,MeanCorpuscularHemoglobinConcentration_Max_acute
1.0,21.22050666809082,7.6663312911987305,21.22050666809082,7.6663312911987305,PlateletCount_Max_chronic
1.0,9.142662048339844,16.15778350830078,9.142662048339844,16.15778350830078,WhiteBloodCellCount_Min_chronic
1.0,12.370943069458008,10.728492736816406,12.370943069458008,10.728492736816406,Hemoglobin_Max_chronic
5.0,342.4024963378906,122.36941528320312,68.48049926757812,24.4738826751709,BasophilsPercentage_Min_chronic
11.0,300.5668640136719,1787.19970703125,27.324260711669922,162.4727020263672,AbsoluteNeutrophilCount_Max_acute
1.0,27.208698272705078,8.749187469482422,27.208698272705078,8.749187469482422,AbsoluteMonocyteCount_Avg_acute
1.0,25.990558624267578,8.03676700592041,25.990558624267578,8.03676700592041,AbsoluteBasophilCount_Avg_chronic
2.0,46.697227478027344,27.680492401123047,23.348613739013672,13.840246200561523,MeanPlateletVolume_Avg_acute
5.0,256.84991455078125,74.48471069335938,51.3699836730957,14.896942138671875,MeanPlateletVolume_Max_acute
3.0,105.62808227539062,39.91345977783203,35.2093620300293,13.304486274719238,MeanPlateletVolume_Min_acute
3.0,118.25100708007812,45.88413619995117,39.4170036315918,15.29471206665039,Plateletcrit_Max_acute
2.0,9.010064125061035,18.70848846435547,4.505032062530518,9.354244232177734,CReactiveProtein_Min_chronic
1.0,51.8294677734375,6.9654154777526855,51.8294677734375,6.9654154777526855,AntiDoubleStrandedDNA_Avg_chronic
