weight,total_gain,total_cover,gain,cover,feature
2.0,17.80251693725586,1561.437744140625,8.90125846862793,780.7188720703125,MeanCorpuscularHemoglobinConcentration_Avg_preclinical
4.0,39.130645751953125,3140.876953125,9.782661437988281,785.21923828125,WhiteBloodCellCount_Max_acute
1.0,8.056010246276855,803.780517578125,8.056010246276855,803.780517578125,PlateletDistributionWidth_Max_preclinical
