weight,total_gain,total_cover,gain,cover,feature
32.0,642.9038696289062,55114.8203125,20.09074592590332,1722.338134765625,PlateletCount_Max_acute
4.0,55.662357330322266,6838.5869140625,13.915589332580566,1709.646728515625,PlateletCount_Min_acute
3.0,46.66930389404297,5200.81005859375,15.556434631347656,1733.6033935546875,PlateletCount_Avg_acute
2.0,10.882972717285156,1596.18310546875,5.441486358642578,798.091552734375,WhiteBloodCellCount_Min_preclinical
25.0,694.9491577148438,62964.44921875,27.79796600341797,2518.577880859375,MeanCorpuscularHemoglobin_Max_acute
16.0,406.0834045410156,40000.31640625,25.380212783813477,2500.019775390625,MeanCorpuscularHemoglobin_Min_acute
8.0,218.41427612304688,20262.279296875,27.30178451538086,2532.784912109375,MeanCorpuscularHemoglobin_Avg_acute
31.0,227.26199340820312,26028.078125,7.3310322761535645,839.6154174804688,MeanCorpuscularVolume_Min_acute
6.0,43.992523193359375,6492.990234375,7.33208703994751,1082.1650390625,MeanCorpuscularVolume_Avg_acute
1.0,12.131690979003906,1739.736328125,12.131690979003906,1739.736328125,BasophilsPercentage_Max_preclinical
11.0,193.1810760498047,18764.94921875,17.56191635131836,1705.9044189453125,AbsoluteNeutrophilCount_Max_acute
1.0,5.236728668212891,795.4736938476562,5.236728668212891,795.4736938476562,AbsoluteMonocyteCount_Min_preclinical
1.0,11.565052032470703,928.8477172851562,11.565052032470703,928.8477172851562,AbsoluteEosinophilCount_Min_preclinical
12.0,85.16448974609375,9577.63671875,7.09704065322876,798.1364135742188,AbsoluteEosinophilCount_Avg_preclinical
