{
    "max_depth": 4,
    "min_child_weight": 1.438837257359639,
    "gamma": 0.3338477887443672,
    "colsample_bytree": 0.5131790038431242,
    "learning_rate": 0.1,
    "alpha": 0.05,
    "objective": "count:poisson",
    "num_boost_round": 200,
    "custom_metric": "prerec_auc",
    "scale_factor": 2,
    "log_transform": "log2",
    "early_stopping_rounds": 50,
    "group": "12-25",
    "loss": 95939.4921875,
    "max_roc_auc": 0.7289473684210526,
    "max_prerec_auc": 0.7875208129364772,
    "sequence_id": 0
}