weight,total_gain,total_cover,gain,cover,feature
4.0,37.97382354736328,4071.993408203125,9.49345588684082,1017.9983520507812,LymphocytesPercentage_Avg_preclinical
2.0,17.88794708251953,1698.880615234375,8.943973541259766,849.4403076171875,PlateletCount_Max_preclinical
2.0,17.816604614257812,1690.9150390625,8.908302307128906,845.45751953125,WhiteBloodCellCount_Max_acute
1.0,8.370393753051758,735.4189453125,8.370393753051758,735.4189453125,MeanCorpuscularHemoglobin_Min_preclinical
1.0,8.319549560546875,1019.8924560546875,8.319549560546875,1019.8924560546875,MeanCorpuscularHemoglobin_Avg_preclinical
1.0,9.438892364501953,995.7476196289062,9.438892364501953,995.7476196289062,EosinophilsPercentage_Min_acute
2.0,19.127283096313477,2019.23779296875,9.563641548156738,1009.618896484375,EosinophilsPercentage_Avg_acute
2.0,18.192394256591797,2025.876953125,9.096197128295898,1012.9384765625,Plateletcrit_Max_acute
