weight,total_gain,total_cover,gain,cover,feature
20.0,160.13722229003906,33723.29296875,8.006860733032227,1686.1646728515625,index
15.0,119.19747161865234,23551.72265625,7.946497917175293,1570.1148681640625,MeanCorpuscularHemoglobinConcentration_Avg_acute
2.0,10.497243881225586,443.1102294921875,5.248621940612793,221.55511474609375,MeanCorpuscularHemoglobinConcentration_Max_chronic
1.0,6.441415786743164,1053.329833984375,6.441415786743164,1053.329833984375,WhiteBloodCellCount_Avg_acute
4.0,24.262218475341797,1475.9971923828125,6.065554618835449,368.9992980957031,BasophilsPercentage_Min_chronic
6.0,43.02388381958008,3661.896240234375,7.170647144317627,610.3160400390625,AbsoluteNeutrophilCount_Avg_acute
1.0,6.718610763549805,1331.874267578125,6.718610763549805,1331.874267578125,AbsoluteNeutrophilCount_Max_acute
14.0,112.45718383789062,14412.626953125,8.032655715942383,1029.473388671875,AbsoluteNeutrophilCount_Min_acute
12.0,89.43191528320312,9155.447265625,7.452659606933594,762.9539184570312,AbsoluteMonocyteCount_Avg_acute
2.0,18.290813446044922,2533.653564453125,9.145406723022461,1266.8267822265625,AbsoluteEosinophilCount_Avg_acute
1.0,8.960494995117188,1266.932373046875,8.960494995117188,1266.932373046875,AbsoluteEosinophilCount_Min_acute
1.0,5.199501037597656,358.18975830078125,5.199501037597656,358.18975830078125,AbsoluteBasophilCount_Min_chronic
11.0,203.37957763671875,17564.791015625,18.489051818847656,1596.7991943359375,MeanPlateletVolume_Max_acute
7.0,59.96592712402344,11877.24609375,8.566560745239258,1696.7493896484375,MeanPlateletVolume_Min_acute
1.0,6.078983306884766,369.7706298828125,6.078983306884766,369.7706298828125,MeanPlateletVolume_Max_chronic
2.0,10.670352935791016,3104.6201171875,5.335176467895508,1552.31005859375,Plateletcrit_Max_acute
1.0,6.629676818847656,1370.1107177734375,6.629676818847656,1370.1107177734375,RedCellDistributionWidthCV_Min_acute
7.0,90.99562072753906,8525.4560546875,12.999374389648438,1217.9222412109375,Ro52_Avg_chronic
1.0,13.306800842285156,1213.167236328125,13.306800842285156,1213.167236328125,Ro52_Max_chronic
2.0,13.358240127563477,2796.58203125,6.679120063781738,1398.291015625,ThrombinTime_Max_chronic
