weight,total_gain,total_cover,gain,cover,feature
5.0,56.288536071777344,5092.96728515625,11.257707595825195,1018.5934448242188,EosinophilsPercentage_Avg_acute
