weight,total_gain,total_cover,gain,cover,feature
1.0,15.865671157836914,590.4112548828125,15.865671157836914,590.4112548828125,MeanCorpuscularHemoglobinConcentration_Avg_preclinical
4.0,40.40287399291992,2785.570068359375,10.10071849822998,696.3925170898438,WhiteBloodCellCount_Max_acute
1.0,8.543960571289062,702.1309814453125,8.543960571289062,702.1309814453125,WhiteBloodCellCount_Avg_preclinical
1.0,10.090534210205078,604.4094848632812,10.090534210205078,604.4094848632812,MeanCorpuscularHemoglobin_Min_preclinical
2.0,18.15218734741211,1390.8642578125,9.076093673706055,695.43212890625,MeanCorpuscularVolume_Min_acute
1.0,9.794989585876465,597.9093627929688,9.794989585876465,597.9093627929688,MeanCorpuscularVolume_Min_preclinical
1.0,8.488123893737793,710.9689331054688,8.488123893737793,710.9689331054688,RedBloodCellCount_Min_preclinical
1.0,8.495439529418945,695.555419921875,8.495439529418945,695.555419921875,EosinophilsPercentage_Avg_acute
1.0,8.99036979675293,625.1846923828125,8.99036979675293,625.1846923828125,CReactiveProtein_Min_acute
