weight,total_gain,total_cover,gain,cover,feature
23.0,170.6890869140625,39049.95703125,7.4212646484375,1697.82421875,index
14.0,103.0016098022461,22019.974609375,7.357257843017578,1572.8553466796875,MeanCorpuscularHemoglobinConcentration_Avg_acute
2.0,10.470634460449219,3148.9501953125,5.235317230224609,1574.47509765625,MeanCorpuscularHemoglobinConcentration_Max_acute
1.0,4.647167205810547,1032.8455810546875,4.647167205810547,1032.8455810546875,PlateletCount_Avg_chronic
1.0,5.9440765380859375,1055.3935546875,5.9440765380859375,1055.3935546875,WhiteBloodCellCount_Max_acute
3.0,14.913553237915039,1059.214111328125,4.971184253692627,353.0713806152344,BasophilsPercentage_Avg_acute
5.0,28.808307647705078,1827.7646484375,5.761661529541016,365.55291748046875,BasophilsPercentage_Min_chronic
4.0,30.832468032836914,3039.9638671875,7.7081170082092285,759.990966796875,AbsoluteNeutrophilCount_Avg_acute
2.0,10.66727352142334,3078.9541015625,5.33363676071167,1539.47705078125,AbsoluteNeutrophilCount_Max_acute
16.0,118.34530639648438,15087.3994140625,7.396581649780273,942.9624633789062,AbsoluteNeutrophilCount_Min_acute
11.0,78.13251495361328,8289.44140625,7.1029558181762695,753.5855712890625,AbsoluteMonocyteCount_Avg_acute
3.0,19.96843147277832,2136.060302734375,6.656143665313721,712.0200805664062,AbsoluteMonocyteCount_Max_acute
1.0,7.986108779907227,1282.8824462890625,7.986108779907227,1282.8824462890625,AbsoluteEosinophilCount_Avg_acute
1.0,5.000825881958008,356.7066955566406,5.000825881958008,356.7066955566406,AbsoluteBasophilCount_Min_chronic
12.0,213.4285125732422,19228.546875,17.785709381103516,1602.37890625,MeanPlateletVolume_Max_acute
8.0,61.897438049316406,13676.1142578125,7.737179756164551,1709.5142822265625,MeanPlateletVolume_Min_acute
1.0,6.071434020996094,369.7705383300781,6.071434020996094,369.7705383300781,MeanPlateletVolume_Max_chronic
1.0,5.487417221069336,1549.2437744140625,5.487417221069336,1549.2437744140625,Plateletcrit_Max_acute
2.0,16.083711624145508,2553.296875,8.041855812072754,1276.6484375,RedCellDistributionWidthCV_Min_acute
3.0,14.328367233276367,1064.525634765625,4.776122570037842,354.8418884277344,RedCellDistributionWidthCV_Min_chronic
9.0,108.18049621582031,11067.3564453125,12.020054817199707,1229.706298828125,Ro52_Avg_chronic
1.0,13.302349090576172,1213.206298828125,13.302349090576172,1213.206298828125,Ro52_Max_chronic
3.0,19.463172912597656,4122.22216796875,6.487724304199219,1374.0740966796875,ThrombinTime_Max_chronic
