weight,total_gain,total_cover,gain,cover,feature
19.0,170.43295288085938,99675.21875,8.970155715942383,5246.06396484375,PlateletCount_Max_acute
28.0,250.357666015625,232499.21875,8.94134521484375,8303.5439453125,MeanCorpuscularHemoglobin_Max_acute
4.0,34.841400146484375,31129.107421875,8.710350036621094,7782.27685546875,MeanCorpuscularHemoglobin_Min_acute
2.0,17.57733154296875,17930.01953125,8.788665771484375,8965.009765625,MeanCorpuscularHemoglobin_Avg_acute
