weight,total_gain,total_cover,gain,cover,feature
3.0,8.58203125,831.4697265625,2.8606770038604736,277.1565856933594,NeutrophilsPercentage_Max_acute
3.0,42.01708984375,1303.694580078125,14.005696296691895,434.5648498535156,NeutrophilsPercentage_Min_acute
11.0,143.95361328125,12462.8662109375,13.086691856384277,1132.98779296875,NeutrophilsPercentage_Avg_acute
1.0,1.115966796875,852.8009033203125,1.115966796875,852.8009033203125,MeanCorpuscularHemoglobinConcentration_Min_acute
1.0,2.17578125,4280.00439453125,2.17578125,4280.00439453125,BasophilsPercentage_Min_acute
5.0,22.55078125,13140.5625,4.510156154632568,2628.112548828125,BasophilsPercentage_Avg_acute
1.0,2.201171875,4077.131103515625,2.201171875,4077.131103515625,AbsoluteNeutrophilCount_Min_acute
1.0,6.287109375,268.89190673828125,6.287109375,268.89190673828125,CReactiveProtein_Min_acute
2.0,10.446044921875,1362.5672607421875,5.2230224609375,681.2836303710938,CReactiveProtein_Avg_acute
10.0,86.03515625,13398.0537109375,8.603515625,1339.805419921875,TotalThyroxine_Max_acute
9.0,135.39453125,5215.97216796875,15.04383659362793,579.552490234375,TotalThyroxine_Min_acute
5.0,56.18408203125,3064.6591796875,11.23681640625,612.9318237304688,TotalThyroxine_Avg_acute
1.0,2.92822265625,1171.1978759765625,2.92822265625,1171.1978759765625,UrineGlucose_Max_acute
1.0,7.30419921875,237.0535888671875,7.30419921875,237.0535888671875,UrineGlucose_Min_acute
2.0,29.55419921875,199.73953247070312,14.777099609375,99.86976623535156,UrineProtein_Max_acute
1.0,3.3203125,898.1332397460938,3.3203125,898.1332397460938,Cockroach_Max_acute
1.0,6.24658203125,390.2416687011719,6.24658203125,390.2416687011719,Cockroach_Min_acute
