weight,total_gain,total_cover,gain,cover,feature
1.0,7.648712158203125,17.091331481933594,7.648712158203125,17.091331481933594,LymphocytesPercentage_Max_chronic
2.0,18.59320068359375,32.78928756713867,9.296600341796875,16.394643783569336,MeanCorpuscularHemoglobinConcentration_Max_acute
3.0,54.19384765625,148.43321228027344,18.06461524963379,49.47773742675781,EosinophilsPercentage_Avg_chronic
2.0,25.7203369140625,163.22438049316406,12.86016845703125,81.61219024658203,EosinophilsPercentage_Max_chronic
5.0,131.76025390625,317.02630615234375,26.35205078125,63.4052619934082,EosinophilsPercentage_Min_chronic
1.0,4.77587890625,285.1391296386719,4.77587890625,285.1391296386719,AbsoluteMonocyteCount_Avg_acute
4.0,30.0709228515625,2034.19775390625,7.517730712890625,508.5494384765625,AbsoluteEosinophilCount_Avg_chronic
1.0,8.1390380859375,111.57040405273438,8.1390380859375,111.57040405273438,AbsoluteEosinophilCount_Max_chronic
5.0,73.68359375,1375.47802734375,14.736719131469727,275.0956115722656,AbsoluteEosinophilCount_Min_chronic
1.0,19.200271606445312,31.102365493774414,19.200271606445312,31.102365493774414,PlateletDistributionWidth_Max_acute
1.0,4.9178466796875,814.1038208007812,4.9178466796875,814.1038208007812,CReactiveProtein_Min_acute
