weight,total_gain,total_cover,gain,cover,feature
13.0,113.40780639648438,21470.369140625,8.723677635192871,1651.56689453125,index
3.0,32.695770263671875,4762.77099609375,10.898590087890625,1587.59033203125,MeanCorpuscularHemoglobinConcentration_Avg_acute
2.0,11.594058990478516,3386.305419921875,5.797029495239258,1693.1527099609375,MeanCorpuscularHemoglobinConcentration_Max_acute
4.0,26.31753158569336,4228.134765625,6.57938289642334,1057.03369140625,BasophilsPercentage_Min_chronic
2.0,10.46341609954834,519.1953735351562,5.23170804977417,259.5976867675781,AbsoluteNeutrophilCount_Avg_acute
4.0,39.76763153076172,6431.05712890625,9.94190788269043,1607.7642822265625,AbsoluteNeutrophilCount_Max_acute
5.0,29.772476196289062,5948.4189453125,5.954495429992676,1189.683837890625,AbsoluteNeutrophilCount_Min_acute
1.0,6.9609785079956055,1673.0751953125,6.9609785079956055,1673.0751953125,AbsoluteMonocyteCount_Avg_acute
1.0,10.912015914916992,1241.9461669921875,10.912015914916992,1241.9461669921875,AbsoluteEosinophilCount_Min_chronic
1.0,5.154396057128906,358.9952392578125,5.154396057128906,358.9952392578125,AbsoluteBasophilCount_Min_chronic
7.0,117.4901123046875,9805.697265625,16.7843017578125,1400.8138427734375,MeanPlateletVolume_Max_acute
5.0,43.606319427490234,8557.103515625,8.721263885498047,1711.420654296875,MeanPlateletVolume_Min_acute
1.0,5.005197048187256,1492.5450439453125,5.005197048187256,1492.5450439453125,RedCellDistributionWidthCV_Min_acute
2.0,14.024803161621094,2827.65283203125,7.012401580810547,1413.826416015625,EosinophilCountAbsolute_Min_acute
3.0,43.08114242553711,3610.09521484375,14.360381126403809,1203.3651123046875,Ro52_Avg_chronic
