weight,total_gain,total_cover,gain,cover,feature
1.0,8.372864723205566,745.8442993164062,8.372864723205566,745.8442993164062,CReactiveProtein_Min_acute
