weight,total_gain,total_cover,gain,cover,feature
2.0,18.109210968017578,1641.274169921875,9.054605484008789,820.6370849609375,PlateletCount_Max_acute
1.0,8.229195594787598,834.5675659179688,8.229195594787598,834.5675659179688,WhiteBloodCellCount_Max_acute
4.0,40.14768600463867,3258.0615234375,10.036921501159668,814.515380859375,WhiteBloodCellCount_Min_acute
1.0,8.135076522827148,541.075927734375,8.135076522827148,541.075927734375,MeanCorpuscularHemoglobin_Avg_preclinical
1.0,8.339814186096191,539.3121948242188,8.339814186096191,539.3121948242188,EosinophilsPercentage_Avg_acute
3.0,29.894084930419922,2439.87841796875,9.96469497680664,813.2927856445312,AbsoluteLymphocyteCount_Max_acute
