weight,total_gain,total_cover,gain,cover,feature
3.0,6.3450927734375,831.681396484375,2.1150310039520264,277.2271423339844,NeutrophilsPercentage_Max_acute
3.0,39.9140625,1304.12158203125,13.3046875,434.7071838378906,NeutrophilsPercentage_Min_acute
11.0,140.1474609375,12464.5537109375,12.740677833557129,1133.1412353515625,NeutrophilsPercentage_Avg_acute
1.0,0.685546875,852.8475952148438,0.685546875,852.8475952148438,MeanCorpuscularHemoglobinConcentration_Min_acute
1.0,1.732421875,4280.06103515625,1.732421875,4280.06103515625,BasophilsPercentage_Min_acute
5.0,19.408203125,13141.13671875,3.881640672683716,2628.227294921875,BasophilsPercentage_Avg_acute
1.0,1.859375,4077.181640625,1.859375,4077.181640625,AbsoluteNeutrophilCount_Min_acute
1.0,5.537109375,268.9732360839844,5.537109375,268.9732360839844,CReactiveProtein_Min_acute
3.0,23.963134765625,1491.6402587890625,7.987711429595947,497.2134094238281,CReactiveProtein_Avg_acute
10.0,78.642578125,13399.05078125,7.8642578125,1339.905029296875,TotalThyroxine_Max_acute
9.0,124.56591796875,5212.9921875,13.840657234191895,579.2213745117188,TotalThyroxine_Min_acute
5.0,51.55810546875,3065.262939453125,10.311620712280273,613.0526123046875,TotalThyroxine_Avg_acute
1.0,2.29931640625,1171.28515625,2.29931640625,1171.28515625,UrineGlucose_Max_acute
1.0,6.2626953125,237.14027404785156,6.2626953125,237.14027404785156,UrineGlucose_Min_acute
2.0,27.408203125,200.013671875,13.7041015625,100.0068359375,UrineProtein_Max_acute
1.0,2.5556640625,898.267578125,2.5556640625,898.267578125,Cockroach_Max_acute
1.0,5.30517578125,390.3463439941406,5.30517578125,390.3463439941406,Cockroach_Min_acute
