weight,total_gain,total_cover,gain,cover,feature
2.0,10.187739372253418,24.109466552734375,5.093869686126709,12.054733276367188,MeanCorpuscularHemoglobin_Avg_acute
8.0,65.19720458984375,262.94970703125,8.149650573730469,32.86871337890625,EosinophilsPercentage_Min_chronic
1.0,6.3858489990234375,82.24492645263672,6.3858489990234375,82.24492645263672,AbsoluteEosinophilCount_Avg_chronic
3.0,18.777084350585938,279.22314453125,6.25902795791626,93.07437896728516,AbsoluteEosinophilCount_Min_chronic
1.0,4.7194013595581055,11.709707260131836,4.7194013595581055,11.709707260131836,AbsoluteBasophilCount_Max_chronic
1.0,7.897674560546875,32.416717529296875,7.897674560546875,32.416717529296875,PlateletDistributionWidth_Avg_acute
1.0,4.941545486450195,10.658533096313477,4.941545486450195,10.658533096313477,PlateletDistributionWidth_Max_acute
4.0,26.38362693786621,65.80125427246094,6.595906734466553,16.450313568115234,PlateletDistributionWidth_Min_acute
1.0,6.049637794494629,15.25623893737793,6.049637794494629,15.25623893737793,CReactiveProtein_Max_acute
