weight,total_gain,total_cover,gain,cover,feature
160.0,1122.7135009765625,957792.1875,7.016959190368652,5986.201171875,PlateletCount_Max_acute
4.0,20.065643310546875,26896.111328125,5.016410827636719,6724.02783203125,PlateletCount_Avg_acute
61.0,148.68275451660156,155552.921875,2.437422275543213,2550.0478515625,WhiteBloodCellCount_Max_preclinical
23.0,53.547882080078125,63709.63671875,2.3281688690185547,2769.984130859375,WhiteBloodCellCount_Min_preclinical
8.0,19.17169189453125,21027.35546875,2.3964614868164062,2628.41943359375,WhiteBloodCellCount_Avg_preclinical
165.0,1342.398681640625,1432577.0,8.135749816894531,8682.28515625,MeanCorpuscularHemoglobin_Max_acute
31.0,244.45867919921875,287113.875,7.885763645172119,9261.73828125,MeanCorpuscularHemoglobin_Min_acute
4.0,31.8240966796875,37015.9140625,7.956024169921875,9253.978515625,MeanCorpuscularHemoglobin_Avg_acute
73.0,161.5661163330078,225813.8125,2.2132344245910645,3093.33984375,MeanCorpuscularVolume_Min_acute
8.0,42.48716735839844,41787.83203125,5.310895919799805,5223.47900390625,BasophilsPercentage_Max_preclinical
28.0,154.46124267578125,172345.40625,5.516472816467285,6155.19287109375,AbsoluteNeutrophilCount_Max_acute
35.0,84.33747863769531,91781.8125,2.409642219543457,2622.33740234375,AbsoluteEosinophilCount_Avg_preclinical
