weight,total_gain,total_cover,gain,cover,feature
19.0,156.79556274414062,32006.599609375,8.252398490905762,1684.557861328125,index
14.0,110.3724594116211,22003.8359375,7.883747100830078,1571.7025146484375,MeanCorpuscularHemoglobinConcentration_Avg_acute
2.0,12.021930694580078,2107.730712890625,6.010965347290039,1053.8653564453125,WhiteBloodCellCount_Avg_acute
1.0,5.245063304901123,351.1746826171875,5.245063304901123,351.1746826171875,BasophilsPercentage_Avg_acute
4.0,24.123939514160156,1474.989013671875,6.030984878540039,368.74725341796875,BasophilsPercentage_Min_chronic
4.0,32.39257049560547,3032.77880859375,8.098142623901367,758.1947021484375,AbsoluteNeutrophilCount_Avg_acute
15.0,117.2253189086914,14696.64453125,7.81502103805542,979.7763061523438,AbsoluteNeutrophilCount_Min_acute
8.0,62.9375,4952.568359375,7.8671875,619.071044921875,AbsoluteMonocyteCount_Avg_acute
2.0,14.838443756103516,948.1788330078125,7.419221878051758,474.08941650390625,AbsoluteMonocyteCount_Max_acute
3.0,24.718883514404297,3846.894287109375,8.239627838134766,1282.298095703125,AbsoluteEosinophilCount_Avg_acute
1.0,5.981365203857422,1053.9732666015625,5.981365203857422,1053.9732666015625,AbsoluteLymphocyteCount_Max_acute
12.0,213.98342895507812,19228.21484375,17.831953048706055,1602.3511962890625,MeanPlateletVolume_Max_acute
6.0,53.33000946044922,10154.80078125,8.888335227966309,1692.466796875,MeanPlateletVolume_Min_acute
1.0,6.078983306884766,369.7706298828125,6.078983306884766,369.7706298828125,MeanPlateletVolume_Max_chronic
1.0,5.555647850036621,1546.8323974609375,5.555647850036621,1546.8323974609375,Plateletcrit_Max_acute
1.0,8.655645370483398,1307.15283203125,8.655645370483398,1307.15283203125,RedCellDistributionWidthCV_Min_acute
1.0,5.550264358520508,349.2137756347656,5.550264358520508,349.2137756347656,RedCellDistributionWidthCV_Min_chronic
8.0,99.90798950195312,9791.7451171875,12.48849868774414,1223.9681396484375,Ro52_Avg_chronic
1.0,13.310844421386719,1213.193359375,13.310844421386719,1213.193359375,Ro52_Max_chronic
2.0,12.35527229309082,2830.49853515625,6.17763614654541,1415.249267578125,ThrombinTime_Max_chronic
