weight,total_gain,total_cover,gain,cover,feature
3.0,19.2254638671875,245.15548706054688,6.408487796783447,81.71849822998047,EosinophilsPercentage_Min_chronic
4.0,21.515380859375,2225.080322265625,5.37884521484375,556.2700805664062,AbsoluteEosinophilCount_Avg_chronic
1.0,3.3653564453125,117.60296630859375,3.3653564453125,117.60296630859375,AbsoluteEosinophilCount_Max_chronic
7.0,74.039306640625,2615.206787109375,10.577043533325195,373.6009826660156,AbsoluteEosinophilCount_Min_chronic
