weight,total_gain,total_cover,gain,cover,feature
3.0,15.598136901855469,455.5177001953125,5.199378967285156,151.8392333984375,index
1.0,5.039614677429199,43.79341125488281,5.039614677429199,43.79341125488281,MeanCorpuscularVolume_Min_acute
7.0,35.558895111083984,412.2497253417969,5.0798420906066895,58.892818450927734,BasophilsPercentage_Min_chronic
8.0,52.12808609008789,358.3355712890625,6.516010761260986,44.79194641113281,MeanPlateletVolume_Max_acute
8.0,41.03755187988281,767.6826782226562,5.129693984985352,95.96033477783203,MeanPlateletVolume_Min_acute
1.0,6.512612819671631,20.55589485168457,6.512612819671631,20.55589485168457,MeanPlateletVolume_Min_chronic
