weight,total_gain,total_cover,gain,cover,feature
11.0,47.611244201660156,1601.6993408203125,4.32829475402832,145.60902404785156,index
2.0,8.905153274536133,149.80921936035156,4.452576637268066,74.90460968017578,MeanCorpuscularHemoglobinConcentration_Max_acute
1.0,4.267488479614258,44.202396392822266,4.267488479614258,44.202396392822266,MeanCorpuscularVolume_Min_acute
1.0,4.288028717041016,54.16838455200195,4.288028717041016,54.16838455200195,EosinophilsPercentage_Min_chronic
8.0,34.62968444824219,493.436767578125,4.328710556030273,61.679595947265625,BasophilsPercentage_Min_chronic
2.0,9.321727752685547,164.91036987304688,4.660863876342773,82.45518493652344,AbsoluteNeutrophilCount_Max_acute
9.0,48.09672927856445,487.36785888671875,5.344080924987793,54.15198516845703,MeanPlateletVolume_Max_acute
7.0,30.709932327270508,855.68115234375,4.3871331214904785,122.24016571044922,MeanPlateletVolume_Min_acute
1.0,5.265538215637207,21.481046676635742,5.265538215637207,21.481046676635742,MeanPlateletVolume_Min_chronic
