weight,total_gain,total_cover,gain,cover,feature
4.0,44.85981750488281,2859.533447265625,11.214954376220703,714.8833618164062,WhiteBloodCellCount_Max_acute
1.0,10.140403747558594,713.9288330078125,10.140403747558594,713.9288330078125,WhiteBloodCellCount_Avg_acute
1.0,12.176421165466309,605.6339111328125,12.176421165466309,605.6339111328125,Nucleosome_Max_acute
1.0,10.613701820373535,592.2529907226562,10.613701820373535,592.2529907226562,Nucleosome_Avg_acute
