weight,total_gain,total_cover,gain,cover,feature
12.0,104.10247039794922,20167.35546875,8.675206184387207,1680.6129150390625,index
3.0,32.61801528930664,4755.49658203125,10.872672080993652,1585.16552734375,MeanCorpuscularHemoglobinConcentration_Avg_acute
2.0,11.797246932983398,3379.799072265625,5.898623466491699,1689.8995361328125,MeanCorpuscularHemoglobinConcentration_Max_acute
4.0,29.99664306640625,4163.95654296875,7.4991607666015625,1040.9891357421875,BasophilsPercentage_Min_chronic
2.0,11.052534103393555,521.5408935546875,5.526267051696777,260.77044677734375,AbsoluteNeutrophilCount_Avg_acute
3.0,26.947298049926758,4887.630859375,8.98243236541748,1629.2103271484375,AbsoluteNeutrophilCount_Max_acute
5.0,34.12800979614258,7131.83544921875,6.825602054595947,1426.3670654296875,AbsoluteNeutrophilCount_Min_acute
2.0,11.37326717376709,3520.6396484375,5.686633586883545,1760.31982421875,AbsoluteMonocyteCount_Avg_acute
1.0,10.912015914916992,1241.9461669921875,10.912015914916992,1241.9461669921875,AbsoluteEosinophilCount_Min_chronic
7.0,120.02276611328125,9818.408203125,17.146108627319336,1402.6297607421875,MeanPlateletVolume_Max_acute
4.0,39.637046813964844,6773.6025390625,9.909261703491211,1693.400634765625,MeanPlateletVolume_Min_acute
1.0,5.586490154266357,363.6917724609375,5.586490154266357,363.6917724609375,MeanPlateletVolume_Max_chronic
1.0,6.405431270599365,1640.8826904296875,6.405431270599365,1640.8826904296875,Plateletcrit_Avg_acute
2.0,11.405553817749023,2926.310546875,5.702776908874512,1463.1552734375,EosinophilCountAbsolute_Min_acute
4.0,51.541290283203125,4911.62890625,12.885322570800781,1227.9072265625,Ro52_Avg_chronic
1.0,5.902029037475586,1455.197998046875,5.902029037475586,1455.197998046875,ThrombinTime_Max_chronic
