weight,total_gain,total_cover,gain,cover,feature
1.0,8.450042724609375,3300.64404296875,8.450042724609375,3300.64404296875,index
3.0,35.81241226196289,15846.66015625,11.937470436096191,5282.22021484375,NeutrophilsPercentage_Max_acute
3.0,35.9709587097168,6494.16943359375,11.99031925201416,2164.72314453125,MeanCorpuscularVolume_Min_acute
10.0,113.9214859008789,51218.75,11.392148971557617,5121.875,MeanCorpuscularVolume_Max_preclinical
6.0,56.13063049316406,24237.802734375,9.35510540008545,4039.6337890625,RedBloodCellCount_Min_preclinical
8.0,86.85641479492188,35033.296875,10.857051849365234,4379.162109375,AbsoluteMonocyteCount_Min_acute
5.0,48.13835144042969,19883.578125,9.627670288085938,3976.715576171875,Plateletcrit_Avg_preclinical
1.0,8.61517333984375,2423.902099609375,8.61517333984375,2423.902099609375,RedCellDistributionWidthCV_Min_acute
2.0,17.79029083251953,7431.9892578125,8.895145416259766,3715.99462890625,RedCellDistributionWidthCV_Avg_acute
