{
    "roc_auc": [
        {
            "binary_threshold": 42,
            "fpr": [
                0.0,
                0.0,
                0.043478260869565216,
                0.043478260869565216,
                0.043478260869565216,
                0.043478260869565216,
                0.13043478260869565,
                0.13043478260869565,
                0.13043478260869565,
                0.17391304347826086,
                0.17391304347826086,
                0.30434782608695654,
                0.30434782608695654,
                0.6086956521739131,
                0.6086956521739131,
                0.7391304347826086,
                0.7391304347826086,
                0.8695652173913043,
                0.8695652173913043,
                1.0,
                1.0
            ],
            "tpr": [
                0.0,
                0.04,
                0.12,
                0.24,
                0.32,
                0.44,
                0.56,
                0.64,
                0.76,
                0.76,
                0.8,
                0.8,
                0.84,
                0.84,
                0.88,
                0.88,
                0.92,
                0.92,
                0.96,
                0.96,
                1.0
            ],
            "thresholds": [
                Infinity,
                869.6106567382812,
                478.31671142578125,
                411.3115234375,
                405.640625,
                299.8008117675781,
                257.8180847167969,
                223.52699279785156,
                171.40200805664062,
                164.86326599121094,
                144.7501678466797,
                63.97100830078125,
                62.47117614746094,
                31.332077026367188,
                31.088848114013672,
                25.839658737182617,
                25.309898376464844,
                17.805864334106445,
                15.381584167480469,
                12.23723316192627,
                7.390019416809082
            ],
            "roc_auc": 0.7999999999999999
        }
    ],
    "prerec_auc": [
        {
            "binary_threshold": 42,
            "precision": [
                0.5208333333333334,
                0.5106382978723404,
                0.5217391304347826,
                0.5333333333333333,
                0.5454545454545454,
                0.5348837209302325,
                0.5476190476190477,
                0.5609756097560976,
                0.575,
                0.5641025641025641,
                0.5789473684210527,
                0.5945945945945946,
                0.6111111111111112,
                0.6,
                0.6176470588235294,
                0.6363636363636364,
                0.65625,
                0.6774193548387096,
                0.7,
                0.7241379310344828,
                0.75,
                0.7407407407407407,
                0.7692307692307693,
                0.8,
                0.8333333333333334,
                0.8260869565217391,
                0.8636363636363636,
                0.8571428571428571,
                0.85,
                0.8421052631578947,
                0.8235294117647058,
                0.9166666666666666,
                0.9090909090909091,
                0.9,
                0.8888888888888888,
                0.8571428571428571,
                0.8333333333333334,
                0.8,
                0.75,
                1.0,
                1.0
            ],
            "recall": [
                1.0,
                0.96,
                0.96,
                0.96,
                0.96,
                0.92,
                0.92,
                0.92,
                0.92,
                0.88,
                0.88,
                0.88,
                0.88,
                0.84,
                0.84,
                0.84,
                0.84,
                0.84,
                0.84,
                0.84,
                0.84,
                0.8,
                0.8,
                0.8,
                0.8,
                0.76,
                0.76,
                0.72,
                0.68,
                0.64,
                0.56,
                0.44,
                0.4,
                0.36,
                0.32,
                0.24,
                0.2,
                0.16,
                0.12,
                0.04,
                0.0
            ],
            "thresholds": [
                7.390019416809082,
                12.23723316192627,
                12.612874031066895,
                13.119497299194336,
                15.381584167480469,
                17.805864334106445,
                18.911827087402344,
                22.867748260498047,
                25.309898376464844,
                25.839658737182617,
                26.4296932220459,
                26.711776733398438,
                31.088848114013672,
                31.332077026367188,
                40.26717758178711,
                40.276023864746094,
                51.029266357421875,
                51.70869064331055,
                55.71763229370117,
                61.53908920288086,
                62.47117614746094,
                63.97100830078125,
                73.02117919921875,
                109.50405883789062,
                144.7501678466797,
                164.86326599121094,
                171.40200805664062,
                198.08897399902344,
                199.64476013183594,
                223.52699279785156,
                257.8180847167969,
                299.8008117675781,
                355.89715576171875,
                396.8217468261719,
                405.640625,
                411.3115234375,
                439.8865966796875,
                474.5408935546875,
                478.31671142578125,
                869.6106567382812
            ],
            "prerec_auc": 0.8114735983845924
        }
    ]
}