weight,total_gain,total_cover,gain,cover,feature
8.0,14.82530689239502,211.1278076171875,1.8531633615493774,26.390975952148438,LymphocytesPercentage_Min_acute
3.0,5.388232231140137,84.33185577392578,1.7960773706436157,28.110618591308594,NeutrophilsPercentage_Max_acute
3.0,4.328220367431641,231.74224853515625,1.4427400827407837,77.2474136352539,PlateletCount_Max_acute
10.0,15.93551254272461,183.89723205566406,1.5935512781143188,18.38972282409668,PlateletCount_Avg_acute
101.0,289.0162048339844,4339.17919921875,2.861546516418457,42.9621696472168,MeanCorpuscularHemoglobin_Max_acute
41.0,88.28145599365234,3826.752685546875,2.1532063484191895,93.33543395996094,MeanCorpuscularHemoglobin_Min_acute
45.0,117.31147766113281,2345.974609375,2.606921672821045,52.13277053833008,MeanCorpuscularHemoglobin_Avg_acute
19.0,35.078765869140625,734.2224731445312,1.8462508916854858,38.643287658691406,MeanCorpuscularVolume_Min_acute
4.0,5.883998870849609,244.61257934570312,1.4709997177124023,61.15314483642578,MeanCorpuscularVolume_Avg_acute
6.0,13.139979362487793,115.222412109375,2.1899964809417725,19.2037353515625,RedBloodCellCount_Max_preclinical
3.0,3.8661422729492188,61.493751525878906,1.288714051246643,20.49791717529297,Hemoglobin_Avg_preclinical
3.0,4.955711364746094,341.19183349609375,1.651903748512268,113.7306137084961,BasophilsPercentage_Max_preclinical
6.0,12.457947731018066,129.77194213867188,2.076324701309204,21.6286563873291,AbsoluteMonocyteCount_Max_preclinical
2.0,2.901148796081543,49.08131408691406,1.4505743980407715,24.54065704345703,AbsoluteEosinophilCount_Avg_preclinical
2.0,2.6661758422851562,120.95962524414062,1.3330879211425781,60.47981262207031,MeanPlateletVolume_Min_preclinical
2.0,2.8497238159179688,198.87628173828125,1.4248619079589844,99.43814086914062,EosinophilCountAbsolute_Max_preclinical
1.0,1.6970138549804688,84.25811767578125,1.6970138549804688,84.25811767578125,EosinophilCountAbsolute_Avg_preclinical
