weight,total_gain,total_cover,gain,cover,feature
2.0,17.275035858154297,1453.038818359375,8.637517929077148,726.5194091796875,MeanCorpuscularHemoglobinConcentration_Max_preclinical
8.0,80.12448120117188,5783.767578125,10.015560150146484,722.970947265625,WhiteBloodCellCount_Max_acute
4.0,38.81663131713867,2860.21435546875,9.704157829284668,715.0535888671875,WhiteBloodCellCount_Min_acute
2.0,22.702407836914062,537.3612670898438,11.351203918457031,268.6806335449219,EosinophilsPercentage_Min_acute
1.0,7.829746246337891,637.8319091796875,7.829746246337891,637.8319091796875,Nucleosome_Max_acute
