weight,total_gain,total_cover,gain,cover,feature
1.0,9.348527908325195,559.5787353515625,9.348527908325195,559.5787353515625,MeanCorpuscularHemoglobinConcentration_Min_preclinical
1.0,9.988421440124512,651.1251831054688,9.988421440124512,651.1251831054688,WhiteBloodCellCount_Min_acute
3.0,29.428316116333008,1974.93603515625,9.809438705444336,658.31201171875,MeanCorpuscularHemoglobin_Min_preclinical
1.0,9.869353294372559,508.6024475097656,9.869353294372559,508.6024475097656,AbsoluteNeutrophilCount_Avg_acute
1.0,9.735066413879395,655.9336547851562,9.735066413879395,655.9336547851562,AbsoluteLymphocyteCount_Max_preclinical
1.0,9.222810745239258,654.3606567382812,9.222810745239258,654.3606567382812,CReactiveProtein_Min_acute
