weight,total_gain,total_cover,gain,cover,feature
1.0,12.274741172790527,1035.85205078125,12.274741172790527,1035.85205078125,MeanCorpuscularHemoglobinConcentration_Max_preclinical
1.0,10.952401161193848,1052.3216552734375,10.952401161193848,1052.3216552734375,MeanCorpuscularHemoglobinConcentration_Min_preclinical
8.0,89.96781921386719,8553.1162109375,11.245977401733398,1069.1395263671875,MeanCorpuscularHemoglobinConcentration_Avg_preclinical
2.0,19.609996795654297,2152.242431640625,9.804998397827148,1076.1212158203125,WhiteBloodCellCount_Max_acute
1.0,8.797422409057617,1081.6683349609375,8.797422409057617,1081.6683349609375,WhiteBloodCellCount_Avg_acute
4.0,37.92787170410156,3230.503173828125,9.48196792602539,807.6257934570312,MeanCorpuscularHemoglobin_Max_preclinical
1.0,8.872318267822266,306.0399169921875,8.872318267822266,306.0399169921875,AbsoluteNeutrophilCount_Min_preclinical
