weight,total_gain,total_cover,gain,cover,feature
7.0,53.391902923583984,3031.73388671875,7.627414703369141,433.1048278808594,PlateletCount_Max_acute
1.0,7.580841064453125,400.8543395996094,7.580841064453125,400.8543395996094,PlateletCount_Avg_acute
10.0,90.173828125,6140.4873046875,9.017382621765137,614.0487060546875,MeanCorpuscularHemoglobin_Max_acute
2.0,22.778213500976562,1202.153564453125,11.389106750488281,601.0767822265625,MeanCorpuscularHemoglobin_Min_acute
3.0,25.17919158935547,1849.0277099609375,8.39306354522705,616.3425903320312,MeanCorpuscularHemoglobin_Avg_acute
1.0,6.289124488830566,408.71124267578125,6.289124488830566,408.71124267578125,BasophilsPercentage_Max_preclinical
3.0,24.466609954833984,1229.896484375,8.155536651611328,409.9654846191406,AbsoluteNeutrophilCount_Max_acute
