weight,total_gain,total_cover,gain,cover,feature
2.0,18.401168823242188,1207.05859375,9.200584411621094,603.529296875,MeanCorpuscularHemoglobinConcentration_Max_preclinical
1.0,8.837571144104004,602.4967041015625,8.837571144104004,602.4967041015625,MeanCorpuscularHemoglobinConcentration_Avg_preclinical
1.0,8.16501522064209,359.8854675292969,8.16501522064209,359.8854675292969,WhiteBloodCellCount_Min_acute
9.0,82.87567138671875,6085.5537109375,9.20840835571289,676.172607421875,MeanCorpuscularVolume_Max_acute
1.0,9.084007263183594,675.4484252929688,9.084007263183594,675.4484252929688,MeanCorpuscularVolume_Min_acute
3.0,26.14556884765625,1017.234375,8.715189933776855,339.078125,BasophilsPercentage_Min_acute
1.0,7.9425811767578125,412.0595703125,7.9425811767578125,412.0595703125,AbsoluteNeutrophilCount_Max_acute
