weight,total_gain,total_cover,gain,cover,feature
11.0,376.58929443359375,1875.2342529296875,34.235389709472656,170.47584533691406,index
1.0,5.3769211769104,13.889931678771973,5.3769211769104,13.889931678771973,MonocytesPercentage_Avg_acute
1.0,18.992847442626953,8.237722396850586,18.992847442626953,8.237722396850586,MonocytesPercentage_Min_acute
11.0,294.2127990722656,1646.119384765625,26.746618270874023,149.647216796875,MeanCorpuscularHemoglobinConcentration_Max_acute
1.0,32.10603332519531,8.0184965133667,32.10603332519531,8.0184965133667,MeanCorpuscularVolume_Avg_acute
4.0,267.99169921875,102.53665161132812,66.9979248046875,25.63416290283203,BasophilsPercentage_Min_chronic
11.0,300.5668640136719,1787.19970703125,27.324260711669922,162.4727020263672,AbsoluteNeutrophilCount_Max_acute
2.0,67.84371948242188,18.408723831176758,33.92185974121094,9.204361915588379,AbsoluteBasophilCount_Avg_chronic
3.0,87.68822479248047,47.575294494628906,29.229408264160156,15.858431816101074,MeanPlateletVolume_Avg_acute
4.0,243.19888305664062,61.214019775390625,60.799720764160156,15.303504943847656,MeanPlateletVolume_Max_acute
3.0,91.65289306640625,38.937042236328125,30.55096435546875,12.97901439666748,MeanPlateletVolume_Min_acute
2.0,62.7263298034668,33.77797317504883,31.3631649017334,16.888986587524414,Plateletcrit_Max_acute
2.0,9.010064125061035,18.70848846435547,4.505032062530518,9.354244232177734,CReactiveProtein_Min_chronic
