weight,total_gain,total_cover,gain,cover,feature
3.0,5.2469482421875,831.6669311523438,1.7489827871322632,277.2223205566406,NeutrophilsPercentage_Max_acute
3.0,34.3603515625,1303.969970703125,11.453450202941895,434.6566467285156,NeutrophilsPercentage_Min_acute
10.0,116.77294921875,11989.6875,11.677294731140137,1198.96875,NeutrophilsPercentage_Avg_acute
1.0,0.685546875,852.8475952148438,0.685546875,852.8475952148438,MeanCorpuscularHemoglobinConcentration_Min_acute
1.0,1.732421875,4280.06103515625,1.732421875,4280.06103515625,BasophilsPercentage_Min_acute
5.0,19.408203125,13141.13671875,3.881640672683716,2628.227294921875,BasophilsPercentage_Avg_acute
1.0,1.859375,4077.181640625,1.859375,4077.181640625,AbsoluteNeutrophilCount_Min_acute
1.0,6.00439453125,268.93231201171875,6.00439453125,268.93231201171875,CReactiveProtein_Min_acute
4.0,28.527099609375,1934.1451416015625,7.13177490234375,483.5362854003906,CReactiveProtein_Avg_acute
10.0,78.20068359375,13399.412109375,7.820068359375,1339.941162109375,TotalThyroxine_Max_acute
9.0,123.818359375,5213.08544921875,13.75759506225586,579.231689453125,TotalThyroxine_Min_acute
5.0,52.341796875,3080.892578125,10.468358993530273,616.1785278320312,TotalThyroxine_Avg_acute
1.0,2.29931640625,1171.28515625,2.29931640625,1171.28515625,UrineGlucose_Max_acute
1.0,6.205078125,237.42063903808594,6.205078125,237.42063903808594,UrineGlucose_Min_acute
2.0,27.14208984375,200.09451293945312,13.571044921875,100.04725646972656,UrineProtein_Max_acute
1.0,2.5556640625,898.267578125,2.5556640625,898.267578125,Cockroach_Max_acute
1.0,5.20654296875,390.79327392578125,5.20654296875,390.79327392578125,Cockroach_Min_acute
