weight,total_gain,total_cover,gain,cover,feature
1.0,8.832331657409668,1210.8724365234375,8.832331657409668,1210.8724365234375,LymphocytesPercentage_Min_acute
1.0,7.150071620941162,331.6923522949219,7.150071620941162,331.6923522949219,LymphocytesPercentage_Min_preclinical
3.0,22.2630672454834,3726.83544921875,7.421022415161133,1242.2784423828125,NeutrophilsPercentage_Max_acute
1.0,9.182578086853027,411.0636291503906,9.182578086853027,411.0636291503906,MeanCorpuscularHemoglobinConcentration_Min_acute
1.0,6.949037551879883,1204.7734375,6.949037551879883,1204.7734375,MeanCorpuscularHemoglobinConcentration_Max_preclinical
2.0,14.805484771728516,2483.723388671875,7.402742385864258,1241.8616943359375,MeanCorpuscularVolume_Max_acute
3.0,24.027976989746094,3740.5341796875,8.009325981140137,1246.8447265625,EosinophilsPercentage_Min_acute
1.0,7.104299545288086,1228.339111328125,7.104299545288086,1228.339111328125,EosinophilsPercentage_Avg_acute
