weight,total_gain,total_cover,gain,cover,feature
2.0,5.80133056640625,629.4066162109375,2.900665283203125,314.70330810546875,MeanCorpuscularHemoglobinConcentration_Min_acute
1.0,4.39984130859375,108.8508529663086,4.39984130859375,108.8508529663086,WhiteBloodCellCount_Max_acute
1.0,3.74420166015625,197.51608276367188,3.74420166015625,197.51608276367188,WhiteBloodCellCount_Avg_acute
4.0,20.594818115234375,832.572509765625,5.148704528808594,208.14312744140625,AbsoluteNeutrophilCount_Max_preclinical
1.0,2.22412109375,100.96381378173828,2.22412109375,100.96381378173828,CReactiveProtein_Avg_preclinical
