weight,total_gain,total_cover,gain,cover,feature
2.0,16.964664459228516,1919.328857421875,8.482332229614258,959.6644287109375,MeanCorpuscularVolume_Max_acute
2.0,17.82596206665039,1895.658447265625,8.912981033325195,947.8292236328125,PlateletDistributionWidth_Max_preclinical
1.0,8.169260025024414,501.617919921875,8.169260025024414,501.617919921875,RedCellDistributionWidthCV_Min_acute
1.0,8.073393821716309,962.3728637695312,8.073393821716309,962.3728637695312,AntiM2_Avg_acute
1.0,7.902050971984863,957.64892578125,7.902050971984863,957.64892578125,ProliferatingCellNuclearAntigen_Min_acute
