weight,total_gain,total_cover,gain,cover,feature
2.0,19.33340072631836,1493.378173828125,9.66670036315918,746.6890869140625,WhiteBloodCellCount_Max_acute
2.0,18.49237060546875,1513.7298583984375,9.246185302734375,756.8649291992188,WhiteBloodCellCount_Min_acute
2.0,16.756364822387695,1249.33740234375,8.378182411193848,624.668701171875,Hemoglobin_Min_acute
1.0,8.945218086242676,763.8580932617188,8.945218086242676,763.8580932617188,AbsoluteEosinophilCount_Min_acute
