weight,total_gain,total_cover,gain,cover,feature
15.0,147.7303466796875,24266.068359375,9.848690032958984,1617.7379150390625,index
9.0,87.99598693847656,13691.259765625,9.777332305908203,1521.2510986328125,MeanCorpuscularHemoglobinConcentration_Avg_acute
2.0,24.29057502746582,3304.65380859375,12.14528751373291,1652.326904296875,BasophilsPercentage_Min_chronic
5.0,53.42152404785156,4584.47119140625,10.684305191040039,916.8942260742188,AbsoluteNeutrophilCount_Avg_acute
4.0,44.2581901550293,5090.6025390625,11.064547538757324,1272.650634765625,AbsoluteNeutrophilCount_Min_acute
4.0,35.62678146362305,1885.6759033203125,8.906695365905762,471.4189758300781,AbsoluteMonocyteCount_Avg_acute
2.0,16.765649795532227,1580.9228515625,8.382824897766113,790.46142578125,AbsoluteMonocyteCount_Max_acute
10.0,191.5045623779297,14506.861328125,19.150455474853516,1450.6861572265625,MeanPlateletVolume_Max_acute
6.0,74.5841064453125,9931.009765625,12.430684089660645,1655.1683349609375,MeanPlateletVolume_Min_acute
1.0,9.112491607666016,1304.55126953125,9.112491607666016,1304.55126953125,EosinophilCountAbsolute_Avg_acute
7.0,89.9956283569336,8541.9287109375,12.856518745422363,1220.2755126953125,Ro52_Avg_chronic
1.0,13.294229507446289,1213.153564453125,13.294229507446289,1213.153564453125,Ro52_Max_chronic
