weight,total_gain,total_cover,gain,cover,feature
17.0,58.490509033203125,3022.135498046875,3.4406182765960693,177.77267456054688,index
5.0,16.618701934814453,495.43017578125,3.3237404823303223,99.0860366821289,MeanCorpuscularHemoglobinConcentration_Avg_acute
3.0,10.18472957611084,274.9564208984375,3.3949098587036133,91.65213775634766,MeanCorpuscularHemoglobinConcentration_Max_acute
2.0,5.867444038391113,108.50193786621094,2.9337220191955566,54.25096893310547,MeanCorpuscularHemoglobin_Min_chronic
2.0,5.885432243347168,119.00813293457031,2.942716121673584,59.504066467285156,EosinophilsPercentage_Min_chronic
11.0,34.385013580322266,870.40283203125,3.1259102821350098,79.12753295898438,BasophilsPercentage_Min_chronic
6.0,20.05662727355957,639.8180541992188,3.342771291732788,106.63634490966797,AbsoluteNeutrophilCount_Max_acute
2.0,6.812395095825195,206.9612274169922,3.4061975479125977,103.4806137084961,AbsoluteNeutrophilCount_Min_acute
1.0,3.6722655296325684,30.310523986816406,3.6722655296325684,30.310523986816406,AbsoluteMonocyteCount_Avg_acute
1.0,3.305342674255371,26.569812774658203,3.305342674255371,26.569812774658203,AbsoluteMonocyteCount_Max_acute
1.0,3.1613640785217285,21.157176971435547,3.1613640785217285,21.157176971435547,MeanPlateletVolume_Avg_acute
9.0,34.807411193847656,472.59820556640625,3.86749005317688,52.51091003417969,MeanPlateletVolume_Max_acute
12.0,41.41895294189453,1724.1812744140625,3.4515793323516846,143.68177795410156,MeanPlateletVolume_Min_acute
2.0,6.793498516082764,55.55720901489258,3.396749258041382,27.77860450744629,MeanPlateletVolume_Min_chronic
2.0,5.858645439147949,101.84674072265625,2.9293227195739746,50.923370361328125,Plateletcrit_Max_acute
