weight,total_gain,total_cover,gain,cover,feature
14.0,51.773529052734375,2431.290283203125,3.6981091499328613,173.66358947753906,index
1.0,3.8391799926757812,107.27386474609375,3.8391799926757812,107.27386474609375,MeanCorpuscularHemoglobinConcentration_Avg_acute
3.0,11.251789093017578,260.8439636230469,3.750596284866333,86.94799041748047,MeanCorpuscularHemoglobinConcentration_Max_acute
1.0,3.6262996196746826,49.656246185302734,3.6262996196746826,49.656246185302734,MeanCorpuscularVolume_Min_acute
1.0,3.6004910469055176,52.10646438598633,3.6004910469055176,52.10646438598633,EosinophilsPercentage_Min_chronic
10.0,36.49113082885742,701.4030151367188,3.649113178253174,70.14030456542969,BasophilsPercentage_Min_chronic
4.0,14.900344848632812,412.0347900390625,3.725086212158203,103.00869750976562,AbsoluteNeutrophilCount_Max_acute
1.0,3.6999664306640625,113.2202377319336,3.6999664306640625,113.2202377319336,AbsoluteNeutrophilCount_Min_acute
2.0,7.333793640136719,44.05024719238281,3.6668968200683594,22.025123596191406,MeanPlateletVolume_Avg_acute
10.0,44.32621383666992,469.68963623046875,4.432621479034424,46.968963623046875,MeanPlateletVolume_Max_acute
10.0,37.94170379638672,1333.6986083984375,3.794170379638672,133.36985778808594,MeanPlateletVolume_Min_acute
1.0,3.597609519958496,45.386085510253906,3.597609519958496,45.386085510253906,Plateletcrit_Max_acute
