weight,total_gain,total_cover,gain,cover,feature
1.0,9.152399063110352,768.9609375,9.152399063110352,768.9609375,PlateletCount_Max_preclinical
2.0,19.614309310913086,1855.811767578125,9.807154655456543,927.9058837890625,WhiteBloodCellCount_Avg_acute
2.0,20.204139709472656,1861.2095947265625,10.102069854736328,930.6047973632812,EosinophilsPercentage_Min_acute
7.0,76.9681625366211,6611.72998046875,10.995451927185059,944.5328369140625,EosinophilsPercentage_Avg_acute
1.0,9.296422004699707,412.4647216796875,9.296422004699707,412.4647216796875,RedCellDistributionWidth_Avg_acute
