weight,total_gain,total_cover,gain,cover,feature
12.0,4.238880157470703,138.7349090576172,0.3532400131225586,11.56124210357666,LymphocytesPercentage_Min_acute
4.0,1.4740467071533203,45.39159393310547,0.3685116767883301,11.347898483276367,NeutrophilsPercentage_Max_acute
4.0,1.657196044921875,676.1719970703125,0.41429901123046875,169.04299926757812,PlateletCount_Min_acute
50.0,44.98511505126953,1089.977783203125,0.8997023105621338,21.7995548248291,MeanCorpuscularHemoglobin_Max_acute
35.0,25.987625122070312,1151.1539306640625,0.7425035834312439,32.890113830566406,MeanCorpuscularHemoglobin_Min_acute
18.0,15.11617660522461,420.58758544921875,0.8397876024246216,23.365976333618164,MeanCorpuscularHemoglobin_Avg_acute
16.0,6.9708251953125,230.5013427734375,0.43567657470703125,14.406333923339844,MeanCorpuscularVolume_Min_acute
7.0,2.6837844848632812,387.41217041015625,0.38339778780937195,55.34459686279297,BasophilsPercentage_Max_preclinical
10.0,4.485015869140625,1637.9525146484375,0.4485015869140625,163.79525756835938,BasophilsPercentage_Min_preclinical
10.0,3.85003662109375,1261.6610107421875,0.3850036561489105,126.16609954833984,BasophilsPercentage_Avg_preclinical
