weight,total_gain,total_cover,gain,cover,feature
1.0,2.2418212890625,620.462158203125,2.2418212890625,620.462158203125,LymphocytesPercentage_Avg_acute
1.0,2.3131103515625,613.4315185546875,2.3131103515625,613.4315185546875,NeutrophilsPercentage_Avg_chronic
1.0,3.5677490234375,448.1559753417969,3.5677490234375,448.1559753417969,MonocytesPercentage_Max_chronic
1.0,1.2247314453125,442.30877685546875,1.2247314453125,442.30877685546875,WhiteBloodCellCount_Max_acute
1.0,0.878173828125,312.8434753417969,0.878173828125,312.8434753417969,AbsoluteMonocyteCount_Max_acute
4.0,52.1165771484375,856.142822265625,13.029144287109375,214.03570556640625,AbsoluteBasophilCount_Avg_chronic
1.0,21.90283203125,49.50748825073242,21.90283203125,49.50748825073242,MeanPlateletVolume_Avg_acute
2.0,35.46722412109375,158.5750732421875,17.733612060546875,79.28753662109375,MeanPlateletVolume_Min_acute
