weight,total_gain,total_cover,gain,cover,feature
2.0,19.631175994873047,1665.1702880859375,9.815587997436523,832.5851440429688,MeanCorpuscularHemoglobin_Max_acute
1.0,10.342184066772461,826.305908203125,10.342184066772461,826.305908203125,MeanCorpuscularHemoglobin_Min_acute
