weight,total_gain,total_cover,gain,cover,feature
1.0,10.4833345413208,1199.845458984375,10.4833345413208,1199.845458984375,WhiteBloodCellCount_Max_acute
