weight,total_gain,total_cover,gain,cover,feature
1.0,34.73301696777344,16.056529998779297,34.73301696777344,16.056529998779297,Hematocrit_Max
2.0,11.3056640625,361.3682861328125,5.65283203125,180.68414306640625,LymphocytesPercentage_Min
4.0,34.8876953125,2316.560302734375,8.721923828125,579.1400756835938,NeutrophilsPercentage_Max
1.0,1.6123046875,2367.960205078125,1.6123046875,2367.960205078125,MeanCorpuscularVolume_Min
22.0,4788.728515625,19711.248046875,217.6694793701172,895.9658203125,EosinophilsPercentage_Avg
3.0,230.658203125,3945.308349609375,76.88607025146484,1315.102783203125,EosinophilsPercentage_Min
3.0,108.35015869140625,359.4787292480469,36.11671829223633,119.82624053955078,AbsoluteNeutrophilCount_Avg
12.0,425.41241455078125,4906.09912109375,35.45103454589844,408.8415832519531,AbsoluteNeutrophilCount_Max
2.0,46.0518798828125,524.1385498046875,23.02593994140625,262.06927490234375,AbsoluteNeutrophilCount_Min
1.0,145.87899780273438,14.242507934570312,145.87899780273438,14.242507934570312,AbsoluteEosinophilCount_Avg
2.0,7.44384765625,5205.6005859375,3.721923828125,2602.80029296875,RedCellDistributionWidth_Avg
2.0,10.00341796875,6012.48291015625,5.001708984375,3006.241455078125,RedCellDistributionWidth_Min
3.0,288.96881103515625,55.686763763427734,96.32293701171875,18.562253952026367,CReactiveProtein_Min
1.0,19.227325439453125,14.19937515258789,19.227325439453125,14.19937515258789,ThrombinTime_Avg
