weight,total_gain,total_cover,gain,cover,feature
1.0,5.289252281188965,10.163131713867188,5.289252281188965,10.163131713867188,MeanCorpuscularHemoglobin_Min_chronic
2.0,10.853252410888672,19.609060287475586,5.426626205444336,9.804530143737793,MeanCorpuscularVolume_Min_acute
5.0,27.09663200378418,62.7249755859375,5.419326305389404,12.544995307922363,BasophilsPercentage_Min_chronic
4.0,21.27530288696289,74.01780700683594,5.318825721740723,18.504451751708984,MeanPlateletVolume_Max_acute
7.0,40.12283706665039,215.92837524414062,5.7318339347839355,30.84691047668457,MeanPlateletVolume_Min_acute
2.0,10.644976615905762,21.051908493041992,5.322488307952881,10.525954246520996,Plateletcrit_Max_acute
