weight,total_gain,total_cover,gain,cover,feature
2.0,3.754150390625,2402.9228515625,1.8770751953125,1201.46142578125,NeutrophilsPercentage_Avg
2.0,20.28125,3584.029296875,10.140625,1792.0146484375,NeutrophilsPercentage_Max
9.0,378.685546875,18975.447265625,42.076171875,2108.383056640625,EosinophilsPercentage_Avg
6.0,230.25390625,8184.8017578125,38.37565231323242,1364.1336669921875,EosinophilsPercentage_Max
1.0,25.03466796875,48.20705032348633,25.03466796875,48.20705032348633,EosinophilsPercentage_Min
2.0,23.376220703125,396.5384826660156,11.6881103515625,198.2692413330078,AbsoluteNeutrophilCount_Avg
4.0,18.51708984375,2531.155517578125,4.6292724609375,632.7888793945312,AbsoluteNeutrophilCount_Max
2.0,6.63818359375,993.302734375,3.319091796875,496.6513671875,AbsoluteNeutrophilCount_Min
