weight,total_gain,total_cover,gain,cover,feature
9.0,72.31343078613281,10333.736328125,8.034825325012207,1148.19287109375,PlateletCount_Max_preclinical
1.0,6.521766662597656,1028.651123046875,6.521766662597656,1028.651123046875,WhiteBloodCellCount_Min_acute
1.0,6.845476150512695,1144.9705810546875,6.845476150512695,1144.9705810546875,MeanCorpuscularHemoglobin_Avg_preclinical
1.0,7.515933036804199,1122.40625,7.515933036804199,1122.40625,PlateletDistributionWidth_Max_preclinical
1.0,6.364421844482422,1035.2889404296875,6.364421844482422,1035.2889404296875,Nucleosome_Min_acute
1.0,7.048139572143555,1016.0335083007812,7.048139572143555,1016.0335083007812,Nucleosome_Avg_acute
