weight,total_gain,total_cover,gain,cover,feature
1.0,6.159914016723633,331.1750183105469,6.159914016723633,331.1750183105469,index
1.0,5.513366222381592,226.21238708496094,5.513366222381592,226.21238708496094,PlateletCount_Max_preclinical
1.0,6.398320198059082,226.681884765625,6.398320198059082,226.681884765625,PlateletCount_Min_preclinical
4.0,32.14635467529297,2872.462890625,8.036588668823242,718.11572265625,WhiteBloodCellCount_Max_acute
4.0,30.645109176635742,2644.3291015625,7.6612772941589355,661.082275390625,WhiteBloodCellCount_Min_acute
3.0,16.876991271972656,2117.661376953125,5.625663757324219,705.8871459960938,WhiteBloodCellCount_Avg_acute
2.0,13.780668258666992,1521.407958984375,6.890334129333496,760.7039794921875,WhiteBloodCellCount_Max_preclinical
1.0,5.529186248779297,764.7399291992188,5.529186248779297,764.7399291992188,WhiteBloodCellCount_Min_preclinical
9.0,66.26081085205078,6705.43310546875,7.362312316894531,745.048095703125,WhiteBloodCellCount_Avg_preclinical
1.0,5.566612243652344,440.6136169433594,5.566612243652344,440.6136169433594,MeanCorpuscularHemoglobin_Max_acute
3.0,17.834270477294922,1970.404296875,5.944756984710693,656.8014526367188,MeanCorpuscularHemoglobin_Max_preclinical
1.0,5.55839204788208,584.9971313476562,5.55839204788208,584.9971313476562,Hemoglobin_Max_acute
1.0,6.127389430999756,444.3995361328125,6.127389430999756,444.3995361328125,Hemoglobin_Min_acute
1.0,6.625756740570068,188.31204223632812,6.625756740570068,188.31204223632812,EosinophilsPercentage_Avg_acute
14.0,111.1806869506836,10678.287109375,7.9414777755737305,762.7348022460938,AbsoluteNeutrophilCount_Max_acute
2.0,16.36817169189453,1490.603271484375,8.184085845947266,745.3016357421875,AbsoluteNeutrophilCount_Avg_acute
1.0,7.521970272064209,401.481201171875,7.521970272064209,401.481201171875,AbsoluteEosinophilCount_Max_preclinical
3.0,18.970487594604492,1311.380615234375,6.323495864868164,437.1268615722656,MeanPlateletVolume_Max_preclinical
1.0,8.162040710449219,399.6421203613281,8.162040710449219,399.6421203613281,RedCellDistributionWidth_Min_preclinical
7.0,46.224586486816406,4955.73291015625,6.603512287139893,707.9618530273438,RedCellDistributionWidthCV_Max_acute
2.0,16.1570987701416,1327.2015380859375,8.0785493850708,663.6007690429688,CReactiveProtein_Min_acute
1.0,6.224802017211914,133.78973388671875,6.224802017211914,133.78973388671875,ImmunoglobulinE_Max_acute
