weight,total_gain,total_cover,gain,cover,feature
18.0,163.98880004882812,29756.5390625,9.110488891601562,1653.14111328125,index
14.0,124.1443862915039,21773.37890625,8.867456436157227,1555.2413330078125,MeanCorpuscularHemoglobinConcentration_Avg_acute
1.0,6.575017929077148,1038.1326904296875,6.575017929077148,1038.1326904296875,WhiteBloodCellCount_Avg_acute
2.0,13.106908798217773,750.2764892578125,6.553454399108887,375.13824462890625,BasophilsPercentage_Min_chronic
6.0,46.16242980957031,4688.1455078125,7.6937384605407715,781.3576049804688,AbsoluteNeutrophilCount_Avg_acute
1.0,9.480707168579102,1108.7659912109375,9.480707168579102,1108.7659912109375,AbsoluteNeutrophilCount_Max_acute
10.0,97.87447357177734,11806.5888671875,9.787446975708008,1180.658935546875,AbsoluteNeutrophilCount_Min_acute
9.0,72.39124298095703,4923.70654296875,8.043471336364746,547.0784912109375,AbsoluteMonocyteCount_Avg_acute
1.0,6.789388656616211,1134.50439453125,6.789388656616211,1134.50439453125,AbsoluteMonocyteCount_Max_acute
2.0,17.793603897094727,2618.6640625,8.896801948547363,1309.33203125,AbsoluteEosinophilCount_Avg_acute
9.0,174.23138427734375,14314.5908203125,19.35904312133789,1590.5101318359375,MeanPlateletVolume_Max_acute
6.0,67.03596496582031,9998.6640625,11.172660827636719,1666.4439697265625,MeanPlateletVolume_Min_acute
7.0,90.95734405517578,8525.4072265625,12.993906021118164,1217.915283203125,Ro52_Avg_chronic
1.0,13.301219940185547,1213.1611328125,13.301219940185547,1213.1611328125,Ro52_Max_chronic
