weight,total_gain,total_cover,gain,cover,feature
1.0,9.281850814819336,801.6149291992188,9.281850814819336,801.6149291992188,WhiteBloodCellCount_Max_acute
1.0,9.669158935546875,789.5587158203125,9.669158935546875,789.5587158203125,WhiteBloodCellCount_Min_acute
1.0,8.675458908081055,822.2684326171875,8.675458908081055,822.2684326171875,RedBloodCellCount_Min_preclinical
