weight,total_gain,total_cover,gain,cover,feature
9.0,56.3596305847168,15297.7734375,6.262181282043457,1699.7525634765625,index
3.0,23.194551467895508,4762.888671875,7.731517314910889,1587.6295166015625,MeanCorpuscularHemoglobinConcentration_Avg_acute
2.0,12.660924911499023,2967.232421875,6.330462455749512,1483.6162109375,MeanCorpuscularHemoglobinConcentration_Max_acute
1.0,2.8716869354248047,234.47743225097656,2.8716869354248047,234.47743225097656,Hemoglobin_Max_acute
2.0,8.099215507507324,721.5762939453125,4.049607753753662,360.78814697265625,BasophilsPercentage_Avg_acute
1.0,6.693226337432861,376.2454833984375,6.693226337432861,376.2454833984375,BasophilsPercentage_Min_chronic
1.0,4.553164482116699,250.39671325683594,4.553164482116699,250.39671325683594,AbsoluteNeutrophilCount_Avg_acute
2.0,10.772283554077148,3297.282470703125,5.386141777038574,1648.6412353515625,AbsoluteNeutrophilCount_Max_acute
4.0,31.15414810180664,4581.43505859375,7.78853702545166,1145.3587646484375,AbsoluteNeutrophilCount_Min_acute
5.0,31.242950439453125,4818.1484375,6.248589992523193,963.6296997070312,AbsoluteMonocyteCount_Avg_acute
3.0,58.24055480957031,4775.03125,19.41351890563965,1591.6771240234375,MeanPlateletVolume_Max_acute
2.0,12.348526000976562,3467.83935546875,6.174263000488281,1733.919677734375,MeanPlateletVolume_Min_acute
1.0,5.284246444702148,359.78265380859375,5.284246444702148,359.78265380859375,MeanPlateletVolume_Max_chronic
2.0,7.564069747924805,3213.91943359375,3.7820348739624023,1606.959716796875,Plateletcrit_Max_acute
1.0,4.623649597167969,1404.9351806640625,4.623649597167969,1404.9351806640625,RedCellDistributionWidthCV_Min_acute
1.0,5.5457763671875,349.2137756347656,5.5457763671875,349.2137756347656,RedCellDistributionWidthCV_Min_chronic
3.0,37.87516784667969,3671.43896484375,12.625056266784668,1223.81298828125,Ro52_Avg_chronic
