weight,total_gain,total_cover,gain,cover,feature
10.0,51.354095458984375,2073.891357421875,5.135409355163574,207.38912963867188,index
6.0,26.773696899414062,1081.63330078125,4.462282657623291,180.272216796875,MeanCorpuscularHemoglobinConcentration_Avg_acute
3.0,13.878360748291016,484.204833984375,4.626120090484619,161.401611328125,MeanCorpuscularHemoglobinConcentration_Max_acute
1.0,4.073017120361328,82.07562255859375,4.073017120361328,82.07562255859375,MeanCorpuscularHemoglobin_Min_chronic
12.0,51.76206970214844,1516.6112060546875,4.31350564956665,126.38426971435547,BasophilsPercentage_Min_chronic
6.0,27.567977905273438,1140.125,4.594663143157959,190.0208282470703,AbsoluteNeutrophilCount_Max_acute
4.0,17.136459350585938,834.181396484375,4.284114837646484,208.54534912109375,AbsoluteNeutrophilCount_Min_acute
2.0,9.896852493286133,90.77042388916016,4.948426246643066,45.38521194458008,AbsoluteMonocyteCount_Avg_acute
13.0,67.29927062988281,1138.6395263671875,5.1768670082092285,87.58765411376953,MeanPlateletVolume_Max_acute
8.0,39.94110107421875,1413.0006103515625,4.992637634277344,176.6250762939453,MeanPlateletVolume_Min_acute
1.0,4.5013275146484375,41.83723068237305,4.5013275146484375,41.83723068237305,MeanPlateletVolume_Min_chronic
2.0,8.103219985961914,161.44924926757812,4.051609992980957,80.72462463378906,Plateletcrit_Max_acute
