weight,total_gain,total_cover,gain,cover,feature
16.0,55.413002014160156,2933.405517578125,3.4633126258850098,183.3378448486328,index
1.0,2.904181718826294,44.130577087402344,2.904181718826294,44.130577087402344,LymphocytesPercentage_Min_acute
4.0,14.050708770751953,410.10919189453125,3.5126771926879883,102.52729797363281,MeanCorpuscularHemoglobinConcentration_Avg_acute
3.0,9.932571411132812,291.8609619140625,3.310857057571411,97.2869873046875,MeanCorpuscularHemoglobinConcentration_Max_acute
2.0,5.803525924682617,113.73857116699219,2.9017629623413086,56.869285583496094,MeanCorpuscularHemoglobin_Min_chronic
1.0,2.9150233268737793,49.315338134765625,2.9150233268737793,49.315338134765625,MeanCorpuscularVolume_Min_acute
2.0,5.83911657333374,116.11526489257812,2.91955828666687,58.05763244628906,EosinophilsPercentage_Min_chronic
11.0,34.486080169677734,880.9247436523438,3.1350982189178467,80.08406829833984,BasophilsPercentage_Min_chronic
4.0,13.35806655883789,446.9986572265625,3.3395166397094727,111.74966430664062,AbsoluteNeutrophilCount_Max_acute
3.0,10.363636016845703,317.6979675292969,3.454545259475708,105.89932250976562,AbsoluteNeutrophilCount_Min_acute
1.0,3.1589531898498535,55.286376953125,3.1589531898498535,55.286376953125,MeanPlateletVolume_Avg_acute
9.0,33.487586975097656,511.88043212890625,3.7208430767059326,56.87560272216797,MeanPlateletVolume_Max_acute
14.0,47.6884880065918,1796.550537109375,3.406320571899414,128.32504272460938,MeanPlateletVolume_Min_acute
3.0,9.996196746826172,88.4476547241211,3.3320655822753906,29.48255157470703,MeanPlateletVolume_Min_chronic
2.0,5.818733215332031,102.75529479980469,2.9093666076660156,51.377647399902344,Plateletcrit_Max_acute
