weight,total_gain,total_cover,gain,cover,feature
9.0,109.21220397949219,15041.5029296875,12.134689331054688,1671.278076171875,index
3.0,35.33037567138672,4692.6923828125,11.7767915725708,1564.2308349609375,MeanCorpuscularHemoglobinConcentration_Avg_acute
1.0,11.634269714355469,1416.6600341796875,11.634269714355469,1416.6600341796875,MeanCorpuscularHemoglobinConcentration_Min_acute
3.0,39.52899169921875,4940.9150390625,13.17633056640625,1646.9716796875,BasophilsPercentage_Min_chronic
3.0,41.91545104980469,3723.72216796875,13.971817016601562,1241.24072265625,AbsoluteNeutrophilCount_Avg_acute
1.0,10.86469841003418,1569.593505859375,10.86469841003418,1569.593505859375,AbsoluteNeutrophilCount_Max_acute
1.0,12.586271286010742,1521.412109375,12.586271286010742,1521.412109375,AbsoluteNeutrophilCount_Min_acute
1.0,9.62811279296875,470.3034973144531,9.62811279296875,470.3034973144531,AbsoluteMonocyteCount_Avg_acute
12.0,219.57186889648438,17108.61328125,18.29765510559082,1425.7177734375,MeanPlateletVolume_Max_acute
3.0,41.65138626098633,4922.54736328125,13.883795738220215,1640.84912109375,MeanPlateletVolume_Min_acute
1.0,11.074888229370117,1267.3656005859375,11.074888229370117,1267.3656005859375,EosinophilCountAbsolute_Max_acute
5.0,64.91339111328125,6097.05078125,12.982678413391113,1219.41015625,Ro52_Avg_chronic
1.0,14.285585403442383,1203.3502197265625,14.285585403442383,1203.3502197265625,Ro52_Max_chronic
1.0,13.287355422973633,1213.1090087890625,13.287355422973633,1213.1090087890625,Ro52_Min_chronic
1.0,10.493045806884766,1317.105712890625,10.493045806884766,1317.105712890625,ThrombinTime_Avg_chronic
