{
    "roc_auc": [
        {
            "binary_threshold": 42,
            "fpr": [
                0.0,
                0.0,
                0.0,
                0.0136986301369863,
                0.0136986301369863,
                0.0136986301369863,
                0.0410958904109589,
                0.0410958904109589,
                0.0410958904109589,
                0.0547945205479452,
                0.0547945205479452,
                0.0684931506849315,
                0.0958904109589041,
                0.0958904109589041,
                0.1232876712328767,
                0.1232876712328767,
                0.136986301369863,
                0.1506849315068493,
                0.1506849315068493,
                0.1643835616438356,
                0.1643835616438356,
                0.1917808219178082,
                0.1917808219178082,
                0.2054794520547945,
                0.2054794520547945,
                0.2191780821917808,
                0.2191780821917808,
                0.2465753424657534,
                0.2465753424657534,
                0.2602739726027397,
                0.2602739726027397,
                0.273972602739726,
                0.3013698630136986,
                0.3013698630136986,
                0.3424657534246575,
                0.3424657534246575,
                0.3561643835616438,
                0.3698630136986301,
                0.3835616438356164,
                0.3835616438356164,
                0.3972602739726027,
                0.410958904109589,
                0.410958904109589,
                0.4794520547945205,
                0.4794520547945205,
                0.4931506849315068,
                0.4931506849315068,
                0.5068493150684932,
                0.5068493150684932,
                0.5205479452054794,
                0.5205479452054794,
                0.6027397260273972,
                0.6027397260273972,
                0.6164383561643836,
                0.6164383561643836,
                0.6301369863013698,
                0.6301369863013698,
                0.6438356164383562,
                0.6438356164383562,
                0.6575342465753424,
                0.6575342465753424,
                0.7123287671232876,
                0.7123287671232876,
                0.8082191780821918,
                0.8082191780821918,
                0.8767123287671232,
                0.8767123287671232,
                1.0,
                1.0
            ],
            "tpr": [
                0.0,
                0.0125,
                0.0375,
                0.0375,
                0.075,
                0.0875,
                0.1625,
                0.2125,
                0.2875,
                0.3,
                0.3125,
                0.375,
                0.375,
                0.4,
                0.4375,
                0.45,
                0.45,
                0.4625,
                0.4875,
                0.4875,
                0.5125,
                0.5125,
                0.525,
                0.525,
                0.55,
                0.55,
                0.625,
                0.625,
                0.65,
                0.65,
                0.6875,
                0.6875,
                0.7,
                0.7125,
                0.7125,
                0.725,
                0.725,
                0.75,
                0.75,
                0.8,
                0.8,
                0.8125,
                0.825,
                0.825,
                0.8375,
                0.8375,
                0.85,
                0.85,
                0.8625,
                0.8625,
                0.875,
                0.875,
                0.8875,
                0.8875,
                0.9125,
                0.9125,
                0.925,
                0.925,
                0.9375,
                0.9375,
                0.95,
                0.95,
                0.9625,
                0.9625,
                0.975,
                0.975,
                0.9875,
                0.9875,
                1.0
            ],
            "thresholds": [
                Infinity,
                513.183837890625,
                428.6393127441406,
                411.8851318359375,
                373.88677978515625,
                370.2931213378906,
                359.7742004394531,
                352.0738525390625,
                303.5929260253906,
                299.2803649902344,
                295.479248046875,
                294.2158203125,
                288.368896484375,
                283.8941955566406,
                282.13104248046875,
                278.1094055175781,
                276.3614501953125,
                268.76416015625,
                262.8957824707031,
                261.3338317871094,
                258.46173095703125,
                256.85565185546875,
                254.6390380859375,
                250.8383331298828,
                248.97250366210938,
                244.37664794921875,
                232.8768310546875,
                228.4378204345703,
                206.83526611328125,
                200.97117614746094,
                182.56016540527344,
                181.7806396484375,
                175.70553588867188,
                174.35421752929688,
                171.3315887451172,
                170.08917236328125,
                169.11041259765625,
                164.76414489746094,
                164.7288055419922,
                151.4822540283203,
                150.94895935058594,
                145.6521453857422,
                141.17430114746094,
                134.01060485839844,
                131.52349853515625,
                128.3404541015625,
                123.52947235107422,
                119.88285064697266,
                118.3841323852539,
                110.02854919433594,
                108.94440460205078,
                97.98802947998047,
                97.00757598876953,
                91.67340850830078,
                89.30731964111328,
                87.48878479003906,
                85.98345184326172,
                85.41486358642578,
                84.56929016113281,
                83.01492309570312,
                80.1122817993164,
                71.59182739257812,
                65.94412994384766,
                58.28428649902344,
                55.739479064941406,
                47.30532455444336,
                44.75471496582031,
                28.06435203552246,
                27.78337287902832
            ],
            "roc_auc": 0.7647260273972603
        }
    ],
    "prerec_auc": [
        {
            "binary_threshold": 42,