weight,total_gain,total_cover,gain,cover,feature
5.0,43.233154296875,1918.9918212890625,8.646631240844727,383.7983703613281,index
1.0,3.48486328125,184.24514770507812,3.48486328125,184.24514770507812,AbsoluteNeutrophilCount_Min_chronic
2.0,8.3690185546875,167.00640869140625,4.18450927734375,83.50320434570312,MeanPlateletVolume_Min_acute
