weight,total_gain,total_cover,gain,cover,feature
4.0,35.74408721923828,3374.336181640625,8.93602180480957,843.5840454101562,Hematocrit_Avg_acute
1.0,8.693321228027344,840.2991333007812,8.693321228027344,840.2991333007812,RedCellDistributionWidth_Min_preclinical
1.0,8.110640525817871,843.7972412109375,8.110640525817871,843.7972412109375,RedCellDistributionWidth_Avg_preclinical
