weight,total_gain,total_cover,gain,cover,feature
1.0,7.8305182456970215,532.324951171875,7.8305182456970215,532.324951171875,PlateletCount_Max_acute
3.0,26.741382598876953,2120.562744140625,8.91379451751709,706.854248046875,MeanCorpuscularHemoglobin_Max_acute
6.0,58.7794189453125,4054.30126953125,9.79656982421875,675.7168579101562,EosinophilsPercentage_Min_acute
1.0,8.428828239440918,710.059326171875,8.428828239440918,710.059326171875,AbsoluteNeutrophilCount_Avg_acute
2.0,18.000133514404297,1148.6529541015625,9.000066757202148,574.3264770507812,RedCellDistributionWidth_Avg_preclinical
1.0,8.678744316101074,708.224365234375,8.678744316101074,708.224365234375,EosinophilCountAbsolute_Min_acute
