weight,total_gain,total_cover,gain,cover,feature
2.0,19.11182403564453,1669.1827392578125,9.555912017822266,834.5913696289062,MeanCorpuscularHemoglobin_Max_acute
1.0,10.352439880371094,826.305908203125,10.352439880371094,826.305908203125,MeanCorpuscularHemoglobin_Min_acute
1.0,9.171545028686523,834.64306640625,9.171545028686523,834.64306640625,MeanCorpuscularHemoglobin_Avg_acute
