weight,total_gain,total_cover,gain,cover,feature
2.0,16.660968780517578,1415.8553466796875,8.330484390258789,707.9276733398438,RedBloodCellCount_Min_preclinical
2.0,14.554474830627441,1165.873291015625,7.277237415313721,582.9366455078125,Hemoglobin_Max_acute
1.0,6.819920063018799,637.0194091796875,6.819920063018799,637.0194091796875,Hemoglobin_Min_acute
4.0,32.80831527709961,3996.83642578125,8.202078819274902,999.2091064453125,EosinophilsPercentage_Min_acute
4.0,32.77170944213867,3921.85595703125,8.192927360534668,980.4639892578125,EosinophilsPercentage_Avg_acute
4.0,32.8560676574707,3895.3583984375,8.214016914367676,973.839599609375,AbsoluteNeutrophilCount_Max_acute
2.0,18.348674774169922,1266.763671875,9.174337387084961,633.3818359375,RedCellDistributionWidth_Min_preclinical
1.0,8.022514343261719,685.2565307617188,8.022514343261719,685.2565307617188,CReactiveProtein_Avg_acute
