weight,total_gain,total_cover,gain,cover,feature
2.0,22.488265991210938,4030.49658203125,11.244132995605469,2015.248291015625,index
1.0,10.951678276062012,2024.5679931640625,10.951678276062012,2024.5679931640625,MeanCorpuscularHemoglobin_Min_acute
8.0,193.88282775878906,17534.494140625,24.235353469848633,2191.811767578125,MeanCorpuscularHemoglobin_Avg_acute
1.0,12.474148750305176,1403.25634765625,12.474148750305176,1403.25634765625,RedBloodCellCount_Max_preclinical
1.0,9.997254371643066,1862.8870849609375,9.997254371643066,1862.8870849609375,RedBloodCellCount_Min_preclinical
1.0,10.612115859985352,2008.063232421875,10.612115859985352,2008.063232421875,BasophilsPercentage_Avg_preclinical
6.0,97.31876373291016,8416.8515625,16.21979331970215,1402.80859375,AbsoluteNeutrophilCount_Max_acute
1.0,10.452669143676758,1213.953857421875,10.452669143676758,1213.953857421875,MeanPlateletVolume_Min_preclinical
2.0,22.413951873779297,3927.58984375,11.206975936889648,1963.794921875,EosinophilCountAbsolute_Max_preclinical
