weight,total_gain,total_cover,gain,cover,feature
1.0,7.14847469329834,10.440851211547852,7.14847469329834,10.440851211547852,EosinophilsPercentage_Avg_acute
