weight,total_gain,total_cover,gain,cover,feature
2.0,18.3503475189209,1412.0069580078125,9.17517375946045,706.0034790039062,WhiteBloodCellCount_Avg_acute
3.0,29.325044631958008,2474.331787109375,9.775014877319336,824.7772827148438,AbsoluteBasophilCount_Min_preclinical
2.0,20.853612899780273,1631.71533203125,10.426806449890137,815.857666015625,RedCellDistributionWidthCV_Min_preclinical
1.0,9.476024627685547,814.1194458007812,9.476024627685547,814.1194458007812,UrineProtein_Avg_preclinical
2.0,17.899059295654297,1663.135009765625,8.949529647827148,831.5675048828125,UrineSpecificGravity_Min_preclinical
