weight,total_gain,total_cover,gain,cover,feature
1.0,2.353909969329834,65.38772583007812,2.353909969329834,65.38772583007812,MeanCorpuscularHemoglobinConcentration_Avg_acute
2.0,4.454066753387451,191.3118896484375,2.2270333766937256,95.65594482421875,PlateletCount_Max_acute
1.0,2.1551620960235596,94.52137756347656,2.1551620960235596,94.52137756347656,PlateletCount_Min_acute
2.0,5.516632080078125,335.65948486328125,2.7583160400390625,167.82974243164062,WhiteBloodCellCount_Avg_acute
1.0,2.2257351875305176,35.47543716430664,2.2257351875305176,35.47543716430664,WhiteBloodCellCount_Max_preclinical
1.0,2.1428987979888916,46.32795333862305,2.1428987979888916,46.32795333862305,MeanCorpuscularHemoglobin_Min_preclinical
1.0,2.038741111755371,77.68997955322266,2.038741111755371,77.68997955322266,MeanCorpuscularHemoglobin_Avg_preclinical
2.0,4.2943010330200195,214.4566650390625,2.1471505165100098,107.22833251953125,MeanCorpuscularVolume_Max_acute
4.0,11.739805221557617,499.7852783203125,2.9349513053894043,124.94631958007812,EosinophilsPercentage_Avg_acute
