weight,total_gain,total_cover,gain,cover,feature
5.0,52.336814880371094,4834.04443359375,10.467363357543945,966.8088989257812,WhiteBloodCellCount_Max_acute
1.0,9.421601295471191,947.5486450195312,9.421601295471191,947.5486450195312,WhiteBloodCellCount_Min_acute
1.0,8.752118110656738,981.640380859375,8.752118110656738,981.640380859375,WhiteBloodCellCount_Avg_acute
2.0,19.950510025024414,1925.9410400390625,9.975255012512207,962.9705200195312,AbsoluteNeutrophilCount_Max_acute
4.0,48.326995849609375,3807.0380859375,12.081748962402344,951.759521484375,AbsoluteNeutrophilCount_Avg_acute
