weight,total_gain,total_cover,gain,cover,feature
11.0,47.62137222290039,1609.8299560546875,4.3292155265808105,146.34817504882812,index
2.0,8.897109985351562,178.02566528320312,4.448554992675781,89.01283264160156,MeanCorpuscularHemoglobinConcentration_Avg_acute
1.0,4.143765449523926,45.38128662109375,4.143765449523926,45.38128662109375,MeanCorpuscularVolume_Min_acute
9.0,37.71183776855469,568.7213134765625,4.19020414352417,63.19125747680664,BasophilsPercentage_Min_chronic
1.0,4.479398727416992,79.61906433105469,4.479398727416992,79.61906433105469,AbsoluteNeutrophilCount_Max_acute
2.0,8.620536804199219,187.5540313720703,4.310268402099609,93.77701568603516,AbsoluteNeutrophilCount_Min_acute
2.0,8.349258422851562,162.22708129882812,4.174629211425781,81.11354064941406,MeanPlateletVolume_Avg_acute
10.0,50.05728530883789,475.1859436035156,5.005728721618652,47.518592834472656,MeanPlateletVolume_Max_acute
7.0,30.405704498291016,831.2545166015625,4.343672275543213,118.75064849853516,MeanPlateletVolume_Min_acute
