weight,total_gain,total_cover,gain,cover,feature
1.0,8.218746185302734,34.47434997558594,8.218746185302734,34.47434997558594,MeanCorpuscularHemoglobin_Avg_acute
