weight,total_gain,total_cover,gain,cover,feature
1.0,8.786828994750977,1085.299560546875,8.786828994750977,1085.299560546875,WhiteBloodCellCount_Min_acute
1.0,9.392959594726562,1074.167724609375,9.392959594726562,1074.167724609375,MeanCorpuscularHemoglobin_Max_preclinical
1.0,10.057296752929688,717.786865234375,10.057296752929688,717.786865234375,EosinophilsPercentage_Min_acute
1.0,9.178430557250977,900.192626953125,9.178430557250977,900.192626953125,RedCellDistributionWidth_Min_preclinical
2.0,18.67917823791504,2148.1787109375,9.33958911895752,1074.08935546875,AntiScl70_Min_acute
