weight,total_gain,total_cover,gain,cover,feature
1.0,8.837879180908203,745.1725463867188,8.837879180908203,745.1725463867188,NeutrophilsPercentage_Max_acute
3.0,28.39150047302246,2273.710205078125,9.463833808898926,757.9033813476562,MeanCorpuscularVolume_Max_acute
2.0,20.343290328979492,1480.1923828125,10.171645164489746,740.09619140625,AbsoluteNeutrophilCount_Max_acute
1.0,10.147354125976562,740.1290283203125,10.147354125976562,740.1290283203125,AbsoluteNeutrophilCount_Avg_acute
1.0,10.361618995666504,410.2113037109375,10.361618995666504,410.2113037109375,AbsoluteLymphocyteCount_Max_acute
1.0,9.574081420898438,389.8291320800781,9.574081420898438,389.8291320800781,MeanPlateletVolume_Max_preclinical
