weight,total_gain,total_cover,gain,cover,feature
1.0,5.8343729972839355,192.93161010742188,5.8343729972839355,192.93161010742188,LymphocytesPercentage_Max_acute
1.0,5.656290531158447,189.7346649169922,5.656290531158447,189.7346649169922,LymphocytesPercentage_Min_acute
2.0,16.30328369140625,945.420654296875,8.151641845703125,472.7103271484375,MeanCorpuscularHemoglobinConcentration_Max_preclinical
1.0,8.380690574645996,412.02349853515625,8.380690574645996,412.02349853515625,MeanCorpuscularHemoglobinConcentration_Avg_preclinical
12.0,113.50838470458984,9014.2255859375,9.45903205871582,751.1854858398438,PlateletCount_Max_acute
1.0,8.238659858703613,604.9452514648438,8.238659858703613,604.9452514648438,PlateletCount_Avg_acute
2.0,11.683931350708008,713.6380615234375,5.841965675354004,356.81903076171875,PlateletCount_Max_preclinical
3.0,20.325420379638672,2298.372802734375,6.775140285491943,766.124267578125,WhiteBloodCellCount_Max_acute
6.0,70.58380126953125,4429.619140625,11.76396656036377,738.2698364257812,WhiteBloodCellCount_Min_acute
4.0,26.6268310546875,2908.40771484375,6.656707763671875,727.1019287109375,WhiteBloodCellCount_Avg_acute
1.0,5.6859235763549805,672.3673095703125,5.6859235763549805,672.3673095703125,MeanCorpuscularHemoglobin_Max_preclinical
1.0,7.011551856994629,156.87962341308594,7.011551856994629,156.87962341308594,MeanCorpuscularHemoglobin_Min_preclinical
8.0,60.22853088378906,5620.861328125,7.528566360473633,702.607666015625,EosinophilsPercentage_Min_acute
1.0,8.325325012207031,750.5126953125,8.325325012207031,750.5126953125,AbsoluteNeutrophilCount_Avg_acute
1.0,6.159588813781738,201.01429748535156,6.159588813781738,201.01429748535156,AbsoluteLymphocyteCount_Max_acute
3.0,18.09635353088379,1277.0380859375,6.03211784362793,425.6793518066406,AbsoluteLymphocyteCount_Min_acute
1.0,6.419523239135742,427.2291259765625,6.419523239135742,427.2291259765625,MeanPlateletVolume_Max_preclinical
1.0,8.363408088684082,199.8322296142578,8.363408088684082,199.8322296142578,Plateletcrit_Min_acute
1.0,6.664105415344238,167.46763610839844,6.664105415344238,167.46763610839844,Plateletcrit_Max_preclinical
1.0,6.303126335144043,167.53125,6.303126335144043,167.53125,Plateletcrit_Min_preclinical
