weight,total_gain,total_cover,gain,cover,feature
1.0,0.47509765625,362.3487548828125,0.47509765625,362.3487548828125,RedBloodCellCount_Min
33.0,2916.01904296875,42685.04296875,88.36421203613281,1293.4862060546875,EosinophilsPercentage_Avg
5.0,436.583984375,1553.5037841796875,87.3167953491211,310.70074462890625,EosinophilsPercentage_Max
3.0,191.61474609375,5571.1435546875,63.87158203125,1857.0478515625,EosinophilsPercentage_Min
6.0,70.7801513671875,1424.2001953125,11.79669189453125,237.36669921875,AbsoluteNeutrophilCount_Avg
21.0,286.3406982421875,9686.0986328125,13.635271072387695,461.2427978515625,AbsoluteNeutrophilCount_Max
2.0,18.8123779296875,985.628662109375,9.40618896484375,492.8143310546875,AbsoluteNeutrophilCount_Min
