weight,total_gain,total_cover,gain,cover,feature
1.0,7.110344886779785,939.820556640625,7.110344886779785,939.820556640625,PlateletCount_Max_preclinical
1.0,7.052067756652832,990.6083374023438,7.052067756652832,990.6083374023438,RedBloodCellCount_Max_preclinical
1.0,7.311316013336182,880.7362060546875,7.311316013336182,880.7362060546875,EosinophilsPercentage_Avg_acute
1.0,7.004240989685059,985.2742919921875,7.004240989685059,985.2742919921875,Nucleosome_Avg_acute
1.0,6.993885040283203,995.7866821289062,6.993885040283203,995.7866821289062,UrineSpecificGravity_Min_preclinical
