weight,total_gain,total_cover,gain,cover,feature
3.0,4.824453353881836,43.82292175292969,1.6081510782241821,14.607640266418457,PlateletCount_Max_acute
24.0,29.807785034179688,1038.0350341796875,1.2419910430908203,43.251461029052734,PlateletCount_Min_acute
3.0,2.776927947998047,66.71086883544922,0.9256426692008972,22.236955642700195,WhiteBloodCellCount_Max_acute
3.0,5.244199752807617,45.418731689453125,1.7480665445327759,15.13957691192627,MeanCorpuscularHemoglobin_Max_acute
6.0,7.2682647705078125,110.09526824951172,1.211377501487732,18.349210739135742,MeanCorpuscularHemoglobin_Min_acute
2.0,1.8696861267089844,46.202064514160156,0.9348430633544922,23.101032257080078,MeanCorpuscularHemoglobin_Avg_acute
1.0,0.5394515991210938,7.817195415496826,0.5394515991210938,7.817195415496826,MeanCorpuscularHemoglobin_Min_preclinical
1.0,1.6114349365234375,14.30298900604248,1.6114349365234375,14.30298900604248,RedBloodCellCount_Min_preclinical
1.0,0.5196949243545532,3.816206216812134,0.5196949243545532,3.816206216812134,Hemoglobin_Avg_preclinical
1.0,1.5403900146484375,18.217344284057617,1.5403900146484375,18.217344284057617,BasophilsPercentage_Max_preclinical
27.0,31.51302146911621,1602.904296875,1.1671489477157593,59.366825103759766,BasophilsPercentage_Min_preclinical
2.0,3.271394729614258,40.46931457519531,1.635697364807129,20.234657287597656,BasophilsPercentage_Avg_preclinical
4.0,3.622446060180664,56.634124755859375,0.905611515045166,14.158531188964844,AbsoluteNeutrophilCount_Max_acute
6.0,2.9501564502716064,30.98504638671875,0.49169275164604187,5.164174556732178,AbsoluteMonocyteCount_Min_preclinical
2.0,1.1639865636825562,8.419234275817871,0.5819932818412781,4.2096171379089355,AbsoluteEosinophilCount_Min_acute
1.0,1.7193317413330078,12.680612564086914,1.7193317413330078,12.680612564086914,AbsoluteBasophilCount_Max_preclinical
3.0,3.0057411193847656,50.96260452270508,1.0019136667251587,16.98753547668457,EosinophilCountAbsolute_Max_preclinical
1.0,0.4497222900390625,15.632304191589355,0.4497222900390625,15.632304191589355,EosinophilCountAbsolute_Min_preclinical
1.0,1.3304252624511719,15.506121635437012,1.3304252624511719,15.506121635437012,CReactiveProtein_Max_preclinical
