weight,total_gain,total_cover,gain,cover,feature
3.0,14.513060569763184,378.9937744140625,4.837687015533447,126.33126068115234,index
1.0,4.858449935913086,63.18467330932617,4.858449935913086,63.18467330932617,MeanCorpuscularHemoglobinConcentration_Max_acute
2.0,9.19184684753418,110.66620635986328,4.59592342376709,55.33310317993164,BasophilsPercentage_Min_chronic
1.0,5.241365432739258,69.52178955078125,5.241365432739258,69.52178955078125,AbsoluteNeutrophilCount_Max_acute
2.0,10.379152297973633,116.49566650390625,5.189576148986816,58.247833251953125,MeanPlateletVolume_Max_acute
2.0,9.787870407104492,223.77908325195312,4.893935203552246,111.88954162597656,MeanPlateletVolume_Min_acute
