weight,total_gain,total_cover,gain,cover,feature
20.0,161.90371704101562,33711.98828125,8.095186233520508,1685.599365234375,index
16.0,124.48443603515625,25179.703125,7.780277252197266,1573.7314453125,MeanCorpuscularHemoglobinConcentration_Avg_acute
1.0,6.173833847045898,1046.7423095703125,6.173833847045898,1046.7423095703125,WhiteBloodCellCount_Avg_acute
1.0,5.236477375030518,351.174560546875,5.236477375030518,351.174560546875,BasophilsPercentage_Avg_acute
4.0,24.234434127807617,1475.9967041015625,6.058608531951904,368.9991760253906,BasophilsPercentage_Min_chronic
6.0,42.08913803100586,3661.5537109375,7.014856338500977,610.2589721679688,AbsoluteNeutrophilCount_Avg_acute
1.0,5.829195022583008,1343.68310546875,5.829195022583008,1343.68310546875,AbsoluteNeutrophilCount_Max_acute
15.0,115.62387084960938,15725.25,7.708258152008057,1048.3499755859375,AbsoluteNeutrophilCount_Min_acute
11.0,85.12306213378906,7108.06396484375,7.738460063934326,646.1876220703125,AbsoluteMonocyteCount_Avg_acute
1.0,6.433309555053711,476.74493408203125,6.433309555053711,476.74493408203125,AbsoluteMonocyteCount_Max_acute
2.0,17.959747314453125,2533.624755859375,8.979873657226562,1266.8123779296875,AbsoluteEosinophilCount_Avg_acute
1.0,5.196292400360107,358.1894836425781,5.196292400360107,358.1894836425781,AbsoluteBasophilCount_Min_chronic
11.0,203.2860870361328,17564.8515625,18.480552673339844,1596.8046875,MeanPlateletVolume_Max_acute
7.0,59.59208679199219,11890.505859375,8.513154983520508,1698.6436767578125,MeanPlateletVolume_Min_acute
1.0,6.071434020996094,369.7705383300781,6.071434020996094,369.7705383300781,MeanPlateletVolume_Max_chronic
1.0,6.3619842529296875,1369.822021484375,6.3619842529296875,1369.822021484375,RedCellDistributionWidthCV_Min_acute
1.0,5.540101528167725,349.2137756347656,5.540101528167725,349.2137756347656,RedCellDistributionWidthCV_Min_chronic
8.0,99.91946411132812,9792.4560546875,12.489933013916016,1224.0570068359375,Ro52_Avg_chronic
1.0,13.299568176269531,1213.188232421875,13.299568176269531,1213.188232421875,Ro52_Max_chronic
2.0,13.554771423339844,2796.60986328125,6.777385711669922,1398.304931640625,ThrombinTime_Max_chronic
