weight,total_gain,total_cover,gain,cover,feature
1.0,9.003802299499512,496.28955078125,9.003802299499512,496.28955078125,LymphocytesPercentage_Min_acute
1.0,6.742696285247803,258.227783203125,6.742696285247803,258.227783203125,MeanCorpuscularHemoglobinConcentration_Max_acute
1.0,10.32090950012207,324.75701904296875,10.32090950012207,324.75701904296875,MeanCorpuscularHemoglobinConcentration_Min_acute
2.0,16.48662567138672,1520.147705078125,8.24331283569336,760.0738525390625,MeanCorpuscularHemoglobinConcentration_Max_preclinical
2.0,13.29828929901123,1311.00830078125,6.649144649505615,655.504150390625,WhiteBloodCellCount_Min_acute
2.0,13.984092712402344,1555.554443359375,6.992046356201172,777.7772216796875,MeanCorpuscularHemoglobin_Max_preclinical
2.0,13.37823486328125,871.568359375,6.689117431640625,435.7841796875,EosinophilsPercentage_Max_acute
1.0,7.410305023193359,645.8058471679688,7.410305023193359,645.8058471679688,BasophilsPercentage_Max_preclinical
1.0,7.706434726715088,697.5280151367188,7.706434726715088,697.5280151367188,AbsoluteLymphocyteCount_Max_acute
1.0,7.375802040100098,323.8224182128906,7.375802040100098,323.8224182128906,RedCellDistributionWidth_Avg_acute
1.0,6.436928749084473,521.115478515625,6.436928749084473,521.115478515625,CReactiveProtein_Min_acute
1.0,8.060815811157227,760.2173461914062,8.060815811157227,760.2173461914062,AntiScl70_Max_acute
1.0,7.046736717224121,770.6427612304688,7.046736717224121,770.6427612304688,Nucleosome_Min_acute
1.0,6.272043228149414,561.7947387695312,6.272043228149414,561.7947387695312,UrineSpecificGravity_Min_preclinical
