weight,total_gain,total_cover,gain,cover,feature
10.0,63.3551025390625,4432.44580078125,6.33551025390625,443.24456787109375,index
4.0,21.0404052734375,1055.2275390625,5.260101318359375,263.806884765625,AbsoluteBasophilCount_Avg_chronic
3.0,16.3538818359375,398.99407958984375,5.4512939453125,132.99803161621094,AbsoluteBasophilCount_Max_chronic
2.0,14.2313232421875,374.6030578613281,7.11566162109375,187.30152893066406,AbsoluteBasophilCount_Min_chronic
2.0,13.719482421875,122.47874450683594,6.8597412109375,61.23937225341797,MeanPlateletVolume_Avg_acute
4.0,17.8258056640625,225.69979858398438,4.456451416015625,56.424949645996094,MeanPlateletVolume_Max_acute
8.0,47.9296875,732.149169921875,5.9912109375,91.51864624023438,MeanPlateletVolume_Min_acute
