weight,total_gain,total_cover,gain,cover,feature
3.0,11.0732421875,244.44000244140625,3.6910808086395264,81.4800033569336,EosinophilsPercentage_Min_chronic
3.0,15.686767578125,1588.6142578125,5.228922367095947,529.5380859375,AbsoluteEosinophilCount_Avg_chronic
5.0,53.7474365234375,1487.8287353515625,10.749486923217773,297.56573486328125,AbsoluteEosinophilCount_Min_chronic
1.0,7.6915283203125,229.59703063964844,7.6915283203125,229.59703063964844,RedCellDistributionWidthCV_Max_chronic
2.0,8.6536865234375,1533.35205078125,4.32684326171875,766.676025390625,CReactiveProtein_Min_acute
