weight,total_gain,total_cover,gain,cover,feature
1.0,8.593140602111816,48.81626892089844,8.593140602111816,48.81626892089844,MeanCorpuscularHemoglobin_Max_acute
