weight,total_gain,total_cover,gain,cover,feature
1.0,9.278340339660645,1008.67333984375,9.278340339660645,1008.67333984375,MeanCorpuscularVolume_Max_acute
1.0,9.262482643127441,1003.2329711914062,9.262482643127441,1003.2329711914062,AntiScl70_Min_acute
