weight,total_gain,total_cover,gain,cover,feature
4.0,13.6802978515625,918.2951049804688,3.420074462890625,229.5737762451172,NeutrophilsPercentage_Max_acute
3.0,43.32763671875,1303.866943359375,14.442545890808105,434.622314453125,NeutrophilsPercentage_Min_acute
11.0,150.46923828125,12463.607421875,13.679021835327148,1133.05517578125,NeutrophilsPercentage_Avg_acute
1.0,1.115966796875,852.8009033203125,1.115966796875,852.8009033203125,MeanCorpuscularHemoglobinConcentration_Min_acute
1.0,2.17578125,4280.00439453125,2.17578125,4280.00439453125,BasophilsPercentage_Min_acute
5.0,22.6513671875,13140.697265625,4.5302734375,2628.139404296875,BasophilsPercentage_Avg_acute
1.0,0.068359375,365.3504333496094,0.068359375,365.3504333496094,AbsoluteNeutrophilCount_Max_acute
1.0,2.201171875,4077.131103515625,2.201171875,4077.131103515625,AbsoluteNeutrophilCount_Min_acute
1.0,6.53125,268.9239807128906,6.53125,268.9239807128906,CReactiveProtein_Min_acute
3.0,26.634521484375,1491.5120849609375,8.878173828125,497.1706848144531,CReactiveProtein_Avg_acute
10.0,85.42822265625,13398.24609375,8.542821884155273,1339.8245849609375,TotalThyroxine_Max_acute
9.0,132.04638671875,5212.34619140625,14.671820640563965,579.1495971679688,TotalThyroxine_Min_acute
5.0,55.87744140625,3064.8818359375,11.175488471984863,612.9763793945312,TotalThyroxine_Avg_acute
1.0,2.92822265625,1171.1978759765625,2.92822265625,1171.1978759765625,UrineGlucose_Max_acute
1.0,7.31884765625,237.03643798828125,7.31884765625,237.03643798828125,UrineGlucose_Min_acute
2.0,29.68701171875,199.86618041992188,14.843505859375,99.93309020996094,UrineProtein_Max_acute
1.0,3.328125,898.0562744140625,3.328125,898.0562744140625,Cockroach_Max_acute
1.0,6.28076171875,390.2145690917969,6.28076171875,390.2145690917969,Cockroach_Min_acute
