weight,total_gain,total_cover,gain,cover,feature
5.0,14.204418182373047,211.03656005859375,2.840883731842041,42.207313537597656,PlateletCount_Max_acute
1.0,2.8051695823669434,27.689361572265625,2.8051695823669434,27.689361572265625,EosinophilsPercentage_Min_acute
