{
    "roc_auc": [
        {
            "binary_threshold": 42,
            "fpr": [
                0.0,
                0.0,
                0.0,
                0.047619047619047616,
                0.047619047619047616,
                0.09523809523809523,
                0.09523809523809523,
                0.14285714285714285,
                0.14285714285714285,
                0.19047619047619047,
                0.19047619047619047,
                0.2857142857142857,
                0.2857142857142857,
                0.3333333333333333,
                0.3333333333333333,
                0.5238095238095238,
                0.5238095238095238,
                0.5714285714285714,
                0.5714285714285714,
                0.6190476190476191,
                0.6190476190476191,
                0.6666666666666666,
                0.6666666666666666,
                0.7142857142857143,
                0.7142857142857143,
                0.9047619047619048,
                0.9047619047619048,
                0.9523809523809523,
                0.9523809523809523,
                1.0,
                1.0
            ],
            "tpr": [
                0.0,
                0.018518518518518517,
                0.09259259259259259,
                0.09259259259259259,
                0.2777777777777778,
                0.2777777777777778,
                0.2962962962962963,
                0.2962962962962963,
                0.37037037037037035,
                0.37037037037037035,
                0.6666666666666666,
                0.6666666666666666,
                0.6851851851851852,
                0.6851851851851852,
                0.7592592592592593,
                0.7592592592592593,
                0.7777777777777778,
                0.7777777777777778,
                0.7962962962962963,
                0.7962962962962963,
                0.8518518518518519,
                0.8518518518518519,
                0.9259259259259259,
                0.9259259259259259,
                0.9444444444444444,
                0.9444444444444444,
                0.9629629629629629,
                0.9629629629629629,
                0.9814814814814815,
                0.9814814814814815,
                1.0
            ],
            "thresholds": [
                Infinity,
                891.6812744140625,
                706.6181030273438,
                617.24658203125,
                409.449951171875,
                406.9997863769531,
                401.4524230957031,
                391.22576904296875,
                356.2130126953125,
                350.7492370605469,
                240.65550231933594,
                236.85140991210938,
                227.02574157714844,
                219.2017364501953,
                205.54795837402344,
                190.67218017578125,
                187.31179809570312,
                186.554443359375,
                176.2053680419922,
                175.12823486328125,
                155.1752471923828,
                155.0844268798828,
                108.9452133178711,
                84.44845581054688,
                77.8012924194336,
                49.32991027832031,
                44.252037048339844,
                44.22581100463867,
                40.2590217590332,
                38.682777404785156,
                34.678775787353516
            ],
            "roc_auc": 0.7222222222222223
        }
    ],
    "prerec_auc": [
        {
            "binary_threshold": 42,
            "precision": [
                0.72,
                0.7162162162162162,
                0.726027397260274,
                0.7222222222222222,
                0.7323943661971831,
                0.7285714285714285,
                0.7391304347826086,
                0.75,
                0.7611940298507462,
                0.7727272727272727,
                0.7692307692307693,
                0.78125,
                0.7777777777777778,
                0.7741935483870968,
                0.7704918032786885,
                0.7666666666666667,
                0.7796610169491526,
                0.7758620689655172,
                0.7719298245614035,
                0.7678571428571429,
                0.7818181818181819,
                0.7777777777777778,
                0.7924528301886793,
                0.7884615384615384,
                0.803921568627451,
                0.82,
                0.8367346938775511,
                0.8541666666666666,
                0.851063829787234,
                0.8478260869565217,
                0.8444444444444444,
                0.8409090909090909,
                0.8604651162790697,
                0.8571428571428571,
                0.8780487804878049,
                0.9,
                0.8974358974358975,
                0.8947368421052632,
                0.8918918918918919,
                0.8888888888888888,
                0.8857142857142857,
                0.8823529411764706,
                0.8787878787878788,
                0.875,
                0.8709677419354839,
                0.8666666666666667,
                0.8620689655172413,
                0.8571428571428571,
                0.8518518518518519,
                0.8461538461538461,
                0.84,
                0.8333333333333334,
                0.8695652173913043,
                0.8636363636363636,
                0.8571428571428571,
                0.85,
                0.8421052631578947,
                0.8888888888888888,
                0.8823529411764706,
                0.9375,
                0.9333333333333333,
                0.9285714285714286,
                0.9230769230769231,
                0.9166666666666666,
                0.9090909090909091,
                0.9,
                0.8888888888888888,
                0.875,
                0.8571428571428571,
                0.8333333333333334,
                1.0,
                1.0,
                1.0,
                1.0,
                1.0,
                1.0
            ],