weight,total_gain,total_cover,gain,cover,feature
3.0,29.12727165222168,2595.41357421875,9.709090232849121,865.1378784179688,LymphocytesPercentage_Avg_preclinical
1.0,9.133411407470703,221.22703552246094,9.133411407470703,221.22703552246094,NeutrophilsPercentage_Max_acute
1.0,9.694664001464844,845.0872802734375,9.694664001464844,845.0872802734375,WhiteBloodCellCount_Max_acute
2.0,19.445236206054688,1723.7294921875,9.722618103027344,861.86474609375,EosinophilsPercentage_Avg_acute
