weight,total_gain,total_cover,gain,cover,feature
65.0,1167.376708984375,110887.2421875,17.95964241027832,1705.95751953125,PlateletCount_Max_acute
5.0,62.41471481323242,8549.6240234375,12.482942581176758,1709.9248046875,PlateletCount_Min_acute
5.0,66.24031066894531,8532.5478515625,13.248062133789062,1706.509521484375,PlateletCount_Avg_acute
5.0,28.703882217407227,3523.72509765625,5.740776538848877,704.7449951171875,WhiteBloodCellCount_Min_preclinical
64.0,1512.5242919921875,156854.421875,23.63319206237793,2450.850341796875,MeanCorpuscularHemoglobin_Max_acute
23.0,531.3399658203125,56598.2265625,23.10173797607422,2460.79248046875,MeanCorpuscularHemoglobin_Min_acute
9.0,217.3286590576172,22308.4609375,24.147628784179688,2478.7177734375,MeanCorpuscularHemoglobin_Avg_acute
63.0,437.96710205078125,50836.3359375,6.951858997344971,806.9259643554688,MeanCorpuscularVolume_Min_acute
4.0,32.512123107910156,4914.1943359375,8.128030776977539,1228.548583984375,MeanCorpuscularVolume_Avg_acute
2.0,21.34424591064453,3356.64697265625,10.672122955322266,1678.323486328125,RedBloodCellCount_Max_preclinical
23.0,348.2854309082031,39073.8359375,15.142845153808594,1698.8624267578125,AbsoluteNeutrophilCount_Max_acute
3.0,17.263790130615234,2027.827392578125,5.754596710205078,675.9424438476562,AbsoluteMonocyteCount_Avg_acute
1.0,11.573726654052734,929.0029907226562,11.573726654052734,929.0029907226562,AbsoluteEosinophilCount_Min_preclinical
26.0,176.0485382080078,19812.822265625,6.771097660064697,762.0316162109375,AbsoluteEosinophilCount_Avg_preclinical
1.0,7.055469512939453,489.3260498046875,7.055469512939453,489.3260498046875,MeanPlateletVolume_Avg_acute
1.0,14.108226776123047,2427.040771484375,14.108226776123047,2427.040771484375,EosinophilCountAbsolute_Max_preclinical
