weight,total_gain,total_cover,gain,cover,feature
1.0,9.211039543151855,1021.380126953125,9.211039543151855,1021.380126953125,LymphocytesPercentage_Max_preclinical
1.0,8.746891021728516,1058.7591552734375,8.746891021728516,1058.7591552734375,LymphocytesPercentage_Avg_preclinical
2.0,19.708675384521484,2040.09619140625,9.854337692260742,1020.048095703125,MonocytesPercentage_Min_acute
1.0,8.274360656738281,738.0287475585938,8.274360656738281,738.0287475585938,MeanCorpuscularHemoglobin_Min_acute
1.0,8.40203857421875,884.8306274414062,8.40203857421875,884.8306274414062,CReactiveProtein_Min_acute
