weight,total_gain,total_cover,gain,cover,feature
3.0,15.552324295043945,131.45230102539062,5.184108257293701,43.81743240356445,EosinophilsPercentage_Avg_acute
