{
    "roc_auc": [
        {
            "binary_threshold": 42,
            "fpr": [
                0.0,
                0.0,
                0.043478260869565216,
                0.043478260869565216,
                0.043478260869565216,
                0.08695652173913043,
                0.08695652173913043,
                0.13043478260869565,
                0.13043478260869565,
                0.17391304347826086,
                0.17391304347826086,
                0.21739130434782608,
                0.21739130434782608,
                0.391304347826087,
                0.391304347826087,
                0.6521739130434783,
                0.6521739130434783,
                0.6956521739130435,
                0.6956521739130435,
                0.8260869565217391,
                0.8260869565217391,
                1.0
            ],
            "tpr": [
                0.0,
                0.04,
                0.04,
                0.4,
                0.48,
                0.48,
                0.52,
                0.52,
                0.64,
                0.64,
                0.72,
                0.72,
                0.84,
                0.84,
                0.88,
                0.88,
                0.92,
                0.92,
                0.96,
                0.96,
                1.0,
                1.0
            ],
            "thresholds": [
                Infinity,
                709.32275390625,
                615.42724609375,
                385.3738708496094,
                377.77239990234375,
                376.19537353515625,
                373.2613830566406,
                368.80743408203125,
                305.7295227050781,
                291.9346618652344,
                200.3563995361328,
                164.54931640625,
                90.8772201538086,
                71.54956817626953,
                51.416866302490234,
                30.962989807128906,
                30.856685638427734,
                29.80254364013672,
                27.774702072143555,
                20.65085220336914,
                17.23023796081543,
                11.018484115600586
            ],
            "roc_auc": 0.8191304347826086
        }
    ],
    "prerec_auc": [
        {
            "binary_threshold": 42,
            "precision": [
                0.5208333333333334,
                0.5319148936170213,
                0.5434782608695652,
                0.5555555555555556,
                0.5681818181818182,
                0.5581395348837209,
                0.5714285714285714,
                0.5853658536585366,
                0.6,
                0.5897435897435898,
                0.6052631578947368,
                0.5945945945945946,
                0.6111111111111112,
                0.6285714285714286,
                0.6470588235294118,
                0.6666666666666666,
                0.6875,
                0.7096774193548387,
                0.7,
                0.7241379310344828,
                0.75,
                0.7777777777777778,
                0.8076923076923077,
                0.8,
                0.7916666666666666,
                0.782608695652174,
                0.8181818181818182,
                0.8095238095238095,
                0.8,
                0.8421052631578947,
                0.8333333333333334,
                0.8235294117647058,
                0.8125,
                0.8666666666666667,
                0.8571428571428571,
                0.9230769230769231,
                0.9090909090909091,
                0.9,
                0.8888888888888888,
                0.875,
                0.8571428571428571,
                0.8333333333333334,
                0.8,
                0.75,
                0.6666666666666666,
                0.5,
                1.0,
                1.0
            ],
            "recall": [
                1.0,
                1.0,
                1.0,
                1.0,
                1.0,
                0.96,
                0.96,
                0.96,
                0.96,
                0.92,
                0.92,
                0.88,
                0.88,
                0.88,
                0.88,
                0.88,
                0.88,
                0.88,
                0.84,
                0.84,
                0.84,
                0.84,
                0.84,
                0.8,
                0.76,
                0.72,
                0.72,
                0.68,
                0.64,
                0.64,
                0.6,
                0.56,
                0.52,
                0.52,
                0.48,
                0.48,
                0.4,
                0.36,
                0.32,
                0.28,
                0.24,
                0.2,
                0.16,
                0.12,
                0.08,
                0.04,
                0.04,
                0.0
            ],
            "thresholds": [
                11.018484115600586,
                13.02528190612793,
                15.51226806640625,
                16.610807418823242,
                17.23023796081543,
                20.65085220336914,
                21.889236450195312,
                22.855915069580078,
                27.774702072143555,
                29.80254364013672,
                30.856685638427734,
                30.962989807128906,
                31.385818481445312,
                33.3199577331543,
                36.566429138183594,
                43.140567779541016,
                47.26121520996094,
                51.416866302490234,
                71.54956817626953,
                74.62664031982422,
                74.92953491210938,
                84.5156021118164,
                90.8772201538086,
                154.662109375,
                155.19602966308594,
                164.54931640625,
                200.3563995361328,
                264.1498107910156,
                291.9346618652344,
                305.7295227050781,
                312.7420349121094,
                338.6123352050781,
                368.80743408203125,
                373.2613830566406,
                376.19537353515625,
                377.77239990234375,
                385.3738708496094,
                387.1563720703125,
                389.7936706542969,
                401.49896240234375,
                480.80157470703125,
                485.0581970214844,
                542.0001831054688,
                549.3482666015625,
                608.9620971679688,
                615.42724609375,
                709.32275390625
            ],
            "prerec_auc": 0.7968818846242822
        }
    ]
}