weight,total_gain,total_cover,gain,cover,feature
3.0,31.76778793334961,2207.1279296875,10.589262962341309,735.7092895507812,WhiteBloodCellCount_Min_acute
1.0,9.752620697021484,738.2581176757812,9.752620697021484,738.2581176757812,MeanCorpuscularHemoglobin_Max_preclinical
1.0,10.031730651855469,731.1466674804688,10.031730651855469,731.1466674804688,MeanCorpuscularHemoglobin_Min_preclinical
3.0,29.654943466186523,2219.171875,9.884981155395508,739.7239379882812,MeanCorpuscularHemoglobin_Avg_preclinical
