weight,total_gain,total_cover,gain,cover,feature
9.0,47.72150421142578,192.4130859375,5.302389144897461,21.37923240661621,MeanCorpuscularHemoglobin_Max_acute
2.0,10.769197463989258,54.165740966796875,5.384598731994629,27.082870483398438,MeanCorpuscularHemoglobin_Min_acute
1.0,5.207791805267334,10.415657997131348,5.207791805267334,10.415657997131348,AbsoluteMonocyteCount_Max_preclinical
