weight,total_gain,total_cover,gain,cover,feature
20.0,107.86527252197266,1187.1932373046875,5.393263816833496,59.35966110229492,index
2.0,8.270936965942383,20.473308563232422,4.135468482971191,10.236654281616211,MeanCorpuscularHemoglobin_Min_chronic
2.0,8.368368148803711,21.858360290527344,4.1841840744018555,10.929180145263672,MeanCorpuscularVolume_Min_acute
6.0,27.967971801757812,84.07325744628906,4.6613287925720215,14.01220989227295,EosinophilsPercentage_Min_chronic
13.0,58.92721176147461,167.25241088867188,4.532862663269043,12.865570068359375,BasophilsPercentage_Min_chronic
2.0,9.113037109375,60.16231155395508,4.5565185546875,30.08115577697754,AbsoluteNeutrophilCount_Max_acute
10.0,56.641029357910156,96.8321762084961,5.664103031158447,9.683218002319336,MeanPlateletVolume_Max_acute
20.0,113.41608428955078,437.6059875488281,5.670804023742676,21.880298614501953,MeanPlateletVolume_Min_acute
5.0,20.99496078491211,55.05113220214844,4.1989922523498535,11.010226249694824,Plateletcrit_Max_acute
