weight,total_gain,total_cover,gain,cover,feature
9.0,75.50390625,4064.998046875,8.389323234558105,451.66644287109375,index
2.0,6.1368408203125,1074.1839599609375,3.06842041015625,537.0919799804688,AbsoluteNeutrophilCount_Max_acute
7.0,35.677490234375,2886.263916015625,5.0967841148376465,412.32342529296875,AbsoluteNeutrophilCount_Min_acute
3.0,29.5096435546875,797.3431396484375,9.8365478515625,265.7810363769531,AbsoluteBasophilCount_Avg_chronic
4.0,35.063720703125,793.09814453125,8.76593017578125,198.2745361328125,AbsoluteBasophilCount_Max_chronic
2.0,32.86004638671875,146.826171875,16.430023193359375,73.4130859375,MeanPlateletVolume_Avg_acute
4.0,68.25201416015625,231.6758270263672,17.063003540039062,57.9189567565918,MeanPlateletVolume_Max_acute
9.0,112.65240478515625,1058.4595947265625,12.51693344116211,117.60662078857422,MeanPlateletVolume_Min_acute
