weight,total_gain,total_cover,gain,cover,feature
1.0,9.548370361328125,1042.78955078125,9.548370361328125,1042.78955078125,NeutrophilsPercentage_Avg_acute
8.0,74.77207946777344,10102.9970703125,9.34650993347168,1262.8746337890625,EosinophilsPercentage_Min_acute
1.0,12.033111572265625,892.0888061523438,12.033111572265625,892.0888061523438,EosinophilsPercentage_Avg_acute
1.0,7.78424072265625,1397.4481201171875,7.78424072265625,1397.4481201171875,BasophilsPercentage_Min_acute
42.0,408.95819091796875,64450.3359375,9.737099647521973,1534.5318603515625,BasophilsPercentage_Avg_acute
25.0,238.4365997314453,35089.55859375,9.537464141845703,1403.5823974609375,AbsoluteNeutrophilCount_Max_acute
7.0,62.766387939453125,9679.861328125,8.96662712097168,1382.8372802734375,AbsoluteNeutrophilCount_Avg_acute
15.0,154.71810913085938,10693.8427734375,10.31454086303711,712.9228515625,AbsoluteMonocyteCount_Avg_acute
1.0,9.40652084350586,492.4947509765625,9.40652084350586,492.4947509765625,MeanPlateletVolume_Min_acute
6.0,49.49671173095703,4020.1162109375,8.249451637268066,670.0193481445312,CReactiveProtein_Min_acute
8.0,69.46478271484375,8553.6328125,8.683097839355469,1069.2041015625,CReactiveProtein_Avg_acute
3.0,24.351364135742188,2366.782470703125,8.117121696472168,788.927490234375,TotalThyroxine_Max_acute
1.0,8.106643676757812,832.9686279296875,8.106643676757812,832.9686279296875,TotalThyroxine_Min_acute
2.0,16.094009399414062,1681.9979248046875,8.047004699707031,840.9989624023438,TotalThyroxine_Avg_acute
1.0,7.8718109130859375,806.4378051757812,7.8718109130859375,806.4378051757812,UrineGlucose_Max_acute
1.0,7.8588714599609375,860.6782836914062,7.8588714599609375,860.6782836914062,UrineGlucose_Min_acute
