weight,total_gain,total_cover,gain,cover,feature
1.0,8.61403751373291,66.50141143798828,8.61403751373291,66.50141143798828,WhiteBloodCellCount_Max_acute
