weight,total_gain,total_cover,gain,cover,feature
1.0,6.8518266677856445,8.263931274414062,6.8518266677856445,8.263931274414062,Plateletcrit_Avg_acute
