weight,total_gain,total_cover,gain,cover,feature
2.0,18.610137939453125,33.23455047607422,9.305068969726562,16.61727523803711,MeanCorpuscularHemoglobinConcentration_Max_acute
4.0,87.798095703125,135.044921875,21.94952392578125,33.76123046875,EosinophilsPercentage_Avg_chronic
6.0,162.8359375,386.4248962402344,27.13932228088379,64.4041519165039,EosinophilsPercentage_Min_chronic
4.0,49.382568359375,1584.769287109375,12.34564208984375,396.19232177734375,AbsoluteEosinophilCount_Avg_chronic
1.0,12.1793212890625,111.67252349853516,12.1793212890625,111.67252349853516,AbsoluteEosinophilCount_Max_chronic
7.0,105.466552734375,2170.343505859375,15.066650390625,310.049072265625,AbsoluteEosinophilCount_Min_chronic
1.0,4.9178466796875,814.1038208007812,4.9178466796875,814.1038208007812,CReactiveProtein_Min_acute
