weight,total_gain,total_cover,gain,cover,feature
1.0,12.416648864746094,124.23905944824219,12.416648864746094,124.23905944824219,LymphocytesPercentage_Max
53.0,1439.1439208984375,119871.6484375,27.15365982055664,2261.729248046875,EosinophilsPercentage_Avg
32.0,765.6417236328125,67355.671875,23.92630386352539,2104.86474609375,EosinophilsPercentage_Max
6.0,147.248046875,11442.1904296875,24.54134178161621,1907.03173828125,EosinophilsPercentage_Min
7.0,91.58230590820312,15014.458984375,13.083186149597168,2144.922607421875,AbsoluteNeutrophilCount_Avg
15.0,169.38294982910156,9272.97265625,11.292196273803711,618.1981811523438,AbsoluteNeutrophilCount_Max
2.0,31.60589599609375,1568.138916015625,15.802947998046875,784.0694580078125,AbsoluteNeutrophilCount_Min
4.0,56.15673828125,6657.1640625,14.0391845703125,1664.291015625,AbsoluteEosinophilCount_Avg
2.0,27.1522216796875,3213.83349609375,13.57611083984375,1606.916748046875,AbsoluteEosinophilCount_Min
