weight,total_gain,total_cover,gain,cover,feature
2.0,19.98114585876465,2003.34912109375,9.990572929382324,1001.674560546875,MeanCorpuscularVolume_Max_acute
1.0,9.516571044921875,990.4253540039062,9.516571044921875,990.4253540039062,MeanCorpuscularVolume_Max_preclinical
4.0,37.12184143066406,3869.27099609375,9.280460357666016,967.3177490234375,EosinophilsPercentage_Min_acute
5.0,54.045196533203125,4964.482421875,10.809039115905762,992.896484375,PlateletDistributionWidth_Min_preclinical
