weight,total_gain,total_cover,gain,cover,feature
30.0,237.64036560058594,50656.109375,7.9213457107543945,1688.5369873046875,index
10.0,82.90536499023438,16335.5390625,8.290536880493164,1633.553955078125,MeanCorpuscularHemoglobinConcentration_Avg_acute
4.0,20.106822967529297,6836.9736328125,5.026705741882324,1709.243408203125,MeanCorpuscularHemoglobinConcentration_Max_acute
7.0,47.97493362426758,6645.42578125,6.853561878204346,949.3465576171875,BasophilsPercentage_Min_chronic
7.0,34.18606185913086,1801.0736083984375,4.883723258972168,257.2962341308594,AbsoluteNeutrophilCount_Avg_acute
9.0,83.65188598632812,14573.34765625,9.29465389251709,1619.2608642578125,AbsoluteNeutrophilCount_Max_acute
13.0,70.85302734375,17127.736328125,5.450232982635498,1317.5181884765625,AbsoluteNeutrophilCount_Min_acute
6.0,32.91374969482422,10278.9228515625,5.48562479019165,1713.15380859375,AbsoluteMonocyteCount_Avg_acute
2.0,10.319452285766602,2955.649169921875,5.159726142883301,1477.8245849609375,AbsoluteEosinophilCount_Min_acute
1.0,10.956077575683594,1240.946533203125,10.956077575683594,1240.946533203125,AbsoluteEosinophilCount_Min_chronic
12.0,211.14158630371094,17054.46875,17.59513282775879,1421.2056884765625,MeanPlateletVolume_Max_acute
10.0,93.40248107910156,16990.349609375,9.340248107910156,1699.034912109375,MeanPlateletVolume_Min_acute
1.0,6.075655460357666,369.7705383300781,6.075655460357666,369.7705383300781,MeanPlateletVolume_Max_chronic
1.0,4.971959590911865,1688.244140625,4.971959590911865,1688.244140625,Plateletcrit_Max_acute
2.0,10.1896390914917,2961.90087890625,5.09481954574585,1480.950439453125,RedCellDistributionWidthCV_Min_acute
1.0,7.1242876052856445,1407.7625732421875,7.1242876052856445,1407.7625732421875,EosinophilCountAbsolute_Avg_acute
3.0,17.60064125061035,4359.88037109375,5.866880416870117,1453.29345703125,EosinophilCountAbsolute_Min_acute
6.0,80.31888580322266,7292.62451171875,13.386481285095215,1215.4373779296875,Ro52_Avg_chronic
1.0,13.292037963867188,1213.1015625,13.292037963867188,1213.1015625,Ro52_Max_chronic
